"pico","tipo_via","tp_sinistro_primario","turno","dia_da_semana","fatal","qtd_automovel","qtd_motocicleta","qtd_onibus","qtd_caminhao","qtd_pedestre","qtd_bicicleta","veiculos"
"Fora do Pico","VIAS URBANAS","ATROPELAMENTO","MADRUGADA","Quarta-feira",1,1,0,0,0,1,0,1
"Fora do Pico","ESTRADAS E RODOVIAS","ATROPELAMENTO","NOITE","Quarta-feira",1,2,0,0,0,1,0,2
"Fora do Pico","VIAS URBANAS","COLISAO","TARDE","Quarta-feira",0,1,1,0,0,0,0,2
"Pico","VIAS URBANAS","COLISAO","TARDE","Quarta-feira",0,0,1,0,0,0,0,2
"Fora do Pico","VIAS URBANAS","COLISAO","MADRUGADA","Quarta-feira",0,2,0,0,0,0,0,2
"Pico","VIAS URBANAS","OUTROS","MANHA","Quarta-feira",0,1,0,0,0,0,0,1
"Fora do Pico","VIAS URBANAS","CHOQUE","TARDE","Quarta-feira",0,1,0,0,0,0,0,1
"Fora do Pico","VIAS URBANAS","COLISAO","MADRUGADA","Quarta-feira",0,1,0,0,0,0,0,1
"Pico","VIAS URBANAS","COLISAO","NOITE","Quarta-feira",0,1,1,0,0,0,0,2
"Pico","VIAS URBANAS","COLISAO","MANHA","Quarta-feira",0,1,0,0,0,0,0,1
"Pico","VIAS URBANAS","COLISAO","MANHA","Quarta-feira",0,1,0,0,0,0,0,1
"Fora do Pico","VIAS URBANAS","COLISAO","MANHA","Quarta-feira",0,2,0,0,0,0,0,2
"Pico","VIAS URBANAS","COLISAO","MANHA","Quarta-feira",0,1,0,0,0,0,1,1
"Pico","ESTRADAS E RODOVIAS","CHOQUE","TARDE","Quarta-feira",0,1,0,0,0,0,0,1
"Pico","VIAS URBANAS","COLISAO","TARDE","Quarta-feira",0,2,0,0,0,0,0,2
"Fora do Pico","ESTRADAS E RODOVIAS","ATROPELAMENTO","TARDE","Quarta-feira",0,0,1,0,0,2,0,1
"Pico","VIAS URBANAS","ATROPELAMENTO","NOITE","Quarta-feira",0,1,0,0,0,2,0,1
"Fora do Pico","VIAS URBANAS","COLISAO","NOITE","Quarta-feira",0,0,1,0,0,0,0,1
"Fora do Pico","ESTRADAS E RODOVIAS","ATROPELAMENTO","NOITE","Quarta-feira",0,2,0,0,0,0,0,2
"Fora do Pico","VIAS URBANAS","COLISAO","NOITE","Quarta-feira",0,0,1,0,0,0,0,1
"Fora do Pico","VIAS URBANAS","COLISAO","NOITE","Quarta-feira",0,1,1,0,0,0,0,2
"Fora do Pico","VIAS URBANAS","OUTROS","MADRUGADA","Quarta-feira",0,2,0,1,0,0,0,3
"Fora do Pico","VIAS URBANAS","COLISAO","MADRUGADA","Quarta-feira",0,1,1,0,0,0,0,2
"Fora do Pico","VIAS URBANAS","OUTROS","MADRUGADA","Quarta-feira",0,1,0,0,0,0,0,1
"Pico","ESTRADAS E RODOVIAS","ATROPELAMENTO","TARDE","Quinta-feira",1,1,0,0,0,0,0,1
"Pico","VIAS URBANAS","COLISAO","MANHA","Quinta-feira",0,2,0,0,0,0,0,2
"Pico","ESTRADAS E RODOVIAS","CHOQUE","MANHA","Quinta-feira",1,1,0,0,0,0,0,1
"Pico","VIAS URBANAS","OUTROS","TARDE","Quinta-feira",1,0,0,0,0,0,1,0
"Fora do Pico","VIAS URBANAS","CHOQUE","TARDE","Quinta-feira",0,1,0,0,0,0,0,1
"Fora do Pico","VIAS URBANAS","COLISAO","MANHA","Quinta-feira",0,1,1,0,0,0,0,2
"Fora do Pico","VIAS URBANAS","COLISAO","TARDE","Quinta-feira",0,2,1,0,0,0,0,3
"Pico","VIAS URBANAS","COLISAO","MANHA","Quinta-feira",0,1,1,0,0,0,0,2
"Fora do Pico","VIAS URBANAS","COLISAO","MANHA","Quinta-feira",0,1,1,0,0,0,0,2
"Fora do Pico","VIAS URBANAS","COLISAO","MANHA","Quinta-feira",0,0,1,0,0,0,0,1
"Pico","VIAS URBANAS","COLISAO","MANHA","Quinta-feira",0,0,1,0,1,0,0,2
"Pico","VIAS URBANAS","COLISAO","TARDE","Quinta-feira",0,2,0,0,0,0,0,2
"Fora do Pico","VIAS URBANAS","COLISAO","TARDE","Quinta-feira",0,1,1,0,0,0,0,2
"Fora do Pico","VIAS URBANAS","COLISAO","TARDE","Sexta-feira",0,1,1,0,0,0,0,2
"Fora do Pico","VIAS URBANAS","COLISAO","MANHA","Sexta-feira",0,2,1,0,0,0,0,3
"Pico","VIAS URBANAS","COLISAO","NOITE","Sexta-feira",0,0,1,0,1,0,0,3
"Fora do Pico","ESTRADAS E RODOVIAS","COLISAO","NOITE","Sexta-feira",0,1,0,0,0,0,0,2
"Pico","ESTRADAS E RODOVIAS","OUTROS","TARDE","Sexta-feira",0,0,1,0,1,0,0,2
"Fora do Pico","VIAS URBANAS","COLISAO","TARDE","Sexta-feira",0,1,1,0,0,0,0,2
"Fora do Pico","VIAS URBANAS","COLISAO","TARDE","Sexta-feira",0,1,0,0,0,0,0,1
"Pico","VIAS URBANAS","COLISAO","NOITE","Sexta-feira",0,1,1,0,0,0,0,2
"Fora do Pico","VIAS URBANAS","COLISAO","TARDE","Sexta-feira",0,2,1,0,0,0,0,3
"Pico","VIAS URBANAS","COLISAO","NOITE","Sexta-feira",0,0,2,0,0,0,0,2
"Fora do Pico","VIAS URBANAS","OUTROS","NOITE","Sexta-feira",0,3,0,0,0,0,0,4
"Pico","VIAS URBANAS","COLISAO","MANHA","Sexta-feira",0,1,0,0,0,0,0,1
"Fora do Pico","VIAS URBANAS","COLISAO","MANHA","Sexta-feira",0,2,1,0,0,0,0,3
"Fora do Pico","VIAS URBANAS","COLISAO","MANHA","Sexta-feira",0,0,1,0,1,0,0,2
"Fora do Pico","VIAS URBANAS","COLISAO","MANHA","Sexta-feira",0,1,2,0,0,0,0,3
"Fora do Pico","ESTRADAS E RODOVIAS","OUTROS","TARDE","Sexta-feira",0,0,1,0,0,0,0,1
"Fora do Pico","VIAS URBANAS","CHOQUE","MANHA","Sexta-feira",0,0,0,0,1,0,0,2
"Pico","ESTRADAS E RODOVIAS","COLISAO","TARDE","Sexta-feira",0,2,0,0,0,0,0,2
"Fora do Pico","VIAS URBANAS","COLISAO","TARDE","Sexta-feira",0,1,1,1,0,0,0,3
"Fora do Pico","VIAS URBANAS","COLISAO","TARDE","Sexta-feira",0,1,1,0,0,0,0,2
"Fora do Pico","VIAS URBANAS","CHOQUE","MANHA","Sábado",1,0,1,0,0,0,0,1
"Fora do Pico","VIAS URBANAS","COLISAO","TARDE","Sábado",0,0,1,0,0,0,0,1
"Fora do Pico","VIAS URBANAS","CHOQUE","TARDE","Sábado",0,1,0,0,0,0,0,1
"Pico","VIAS URBANAS","OUTROS","MANHA","Sábado",0,0,1,0,0,0,0,1
"Fora do Pico","VIAS URBANAS","COLISAO","MANHA","Sábado",1,1,1,0,0,0,0,2
"Pico","VIAS URBANAS","COLISAO","MANHA","Sábado",0,1,1,0,0,0,0,2
"Pico","ESTRADAS E RODOVIAS","COLISAO","TARDE","Sábado",1,0,0,0,2,0,0,2
"Fora do Pico","VIAS URBANAS","COLISAO","MANHA","Sábado",0,1,1,0,0,0,0,2
"Fora do Pico","ESTRADAS E RODOVIAS","OUTROS","MADRUGADA","Sábado",0,0,1,0,0,0,0,1
"Fora do Pico","VIAS URBANAS","COLISAO","TARDE","Sábado",0,1,1,0,0,0,0,2
"Pico","VIAS URBANAS","COLISAO","NOITE","Sábado",0,0,1,0,0,0,0,1
"Fora do Pico","VIAS URBANAS","COLISAO","TARDE","Sábado",0,2,0,0,0,0,0,2
"Fora do Pico","VIAS URBANAS","COLISAO","TARDE","Sábado",0,1,1,0,0,0,0,2
"Fora do Pico","ESTRADAS E RODOVIAS","COLISAO","MANHA","Sábado",0,0,1,0,0,0,0,1
"Fora do Pico","VIAS URBANAS","COLISAO","MANHA","Sábado",0,1,1,0,0,0,0,2
"Fora do Pico","VIAS URBANAS","COLISAO","TARDE","Sábado",0,0,1,0,0,0,1,1
"Fora do Pico","VIAS URBANAS","COLISAO","MADRUGADA","Sábado",0,1,0,0,0,0,0,1
"Pico","ESTRADAS E RODOVIAS","COLISAO","NOITE","Sábado",0,1,1,0,0,0,0,2
"Fora do Pico","ESTRADAS E RODOVIAS","CHOQUE","NOITE","Sábado",0,0,1,0,0,0,0,1
"Fora do Pico","VIAS URBANAS","COLISAO","NOITE","Sábado",0,1,1,0,0,0,0,2
"Fora do Pico","VIAS URBANAS","CHOQUE","MADRUGADA","Sábado",0,0,1,0,0,0,0,1
"Fora do Pico","VIAS URBANAS","OUTROS","MADRUGADA","Sábado",0,1,0,0,0,0,0,1
"Fora do Pico","VIAS URBANAS","COLISAO","MANHA","Sábado",0,1,0,0,0,0,0,1
"Pico","VIAS URBANAS","COLISAO","MANHA","Sábado",0,2,0,0,0,0,0,2
"Fora do Pico","ESTRADAS E RODOVIAS","OUTROS","MANHA","Sábado",0,0,1,0,0,0,0,1
"Pico","VIAS URBANAS","COLISAO","TARDE","Sábado",0,0,1,0,0,0,0,2
"Fora do Pico","VIAS URBANAS","COLISAO","NOITE","Domingo",1,1,1,0,0,0,0,2
"Fora do Pico","VIAS URBANAS","OUTROS","TARDE","Domingo",1,0,1,0,0,0,0,1
"Fora do Pico","ESTRADAS E RODOVIAS","CHOQUE","NOITE","Domingo",0,1,0,0,0,0,0,1
"Fora do Pico","ESTRADAS E RODOVIAS","ATROPELAMENTO","NOITE","Domingo",1,0,1,0,0,1,0,1
"Fora do Pico","VIAS URBANAS","ATROPELAMENTO","NOITE","Domingo",0,1,0,0,0,2,1,1
"Pico","VIAS URBANAS","COLISAO","NOITE","Domingo",0,0,1,0,0,0,0,1
"Pico","VIAS URBANAS","OUTROS","NOITE","Domingo",0,0,1,0,0,0,0,1
"Pico","VIAS URBANAS","COLISAO","TARDE","Domingo",0,0,1,0,0,0,0,2
"Fora do Pico","VIAS URBANAS","COLISAO","MADRUGADA","Domingo",0,1,1,0,0,0,0,2
"Fora do Pico","VIAS URBANAS","OUTROS","MANHA","Domingo",0,1,0,0,0,0,0,1
"Pico","VIAS URBANAS","COLISAO","NOITE","Domingo",0,1,0,0,0,0,1,1
"Fora do Pico","VIAS URBANAS","OUTROS","NOITE","Domingo",0,0,1,0,0,0,0,1
"Pico","ESTRADAS E RODOVIAS","CHOQUE","NOITE","Domingo",0,1,0,0,0,0,0,1
"Fora do Pico","VIAS URBANAS","OUTROS","NOITE","Domingo",0,0,1,0,0,0,0,1
"Fora do Pico","VIAS URBANAS","CHOQUE","MADRUGADA","Domingo",0,1,0,0,0,0,0,1
"Pico","VIAS URBANAS","COLISAO","MANHA","Domingo",0,1,0,0,0,0,1,1
"Fora do Pico","VIAS URBANAS","COLISAO","MANHA","Domingo",0,1,0,0,0,0,0,1
"Pico","ESTRADAS E RODOVIAS","OUTROS","MANHA","Segunda-feira",0,0,1,0,0,0,0,1
"Fora do Pico","VIAS URBANAS","CHOQUE","TARDE","Segunda-feira",0,1,1,0,0,0,0,2
"Fora do Pico","ESTRADAS E RODOVIAS","COLISAO","TARDE","Segunda-feira",0,1,0,0,0,0,1,1
"Fora do Pico","ESTRADAS E RODOVIAS","COLISAO","TARDE","Segunda-feira",0,0,1,0,0,0,0,2
"Fora do Pico","VIAS URBANAS","COLISAO","TARDE","Segunda-feira",0,1,1,0,0,0,0,2
"Fora do Pico","VIAS URBANAS","COLISAO","TARDE","Segunda-feira",0,1,0,0,0,0,1,2
"Fora do Pico","VIAS URBANAS","COLISAO","TARDE","Segunda-feira",0,0,1,0,0,0,0,1
"Pico","VIAS URBANAS","COLISAO","TARDE","Segunda-feira",0,0,0,1,0,0,0,1
"Pico","VIAS URBANAS","COLISAO","NOITE","Segunda-feira",0,1,1,0,0,0,0,2
"Pico","VIAS URBANAS","COLISAO","NOITE","Segunda-feira",0,1,1,0,0,0,0,2
"Fora do Pico","VIAS URBANAS","COLISAO","NOITE","Segunda-feira",0,0,2,0,0,0,0,2
"Fora do Pico","ESTRADAS E RODOVIAS","COLISAO","NOITE","Segunda-feira",0,0,1,0,1,0,0,2
"Fora do Pico","VIAS URBANAS","COLISAO","MADRUGADA","Segunda-feira",0,1,1,0,0,0,0,2
"Pico","ESTRADAS E RODOVIAS","OUTROS","MANHA","Segunda-feira",0,0,1,0,0,0,0,1
"Pico","VIAS URBANAS","COLISAO","MANHA","Segunda-feira",0,1,1,0,0,0,0,2
"Pico","VIAS URBANAS","COLISAO","MANHA","Segunda-feira",0,1,1,0,0,0,0,2
"Fora do Pico","VIAS URBANAS","COLISAO","MANHA","Segunda-feira",0,3,0,0,0,0,0,3
"Fora do Pico","VIAS URBANAS","COLISAO","MANHA","Segunda-feira",0,1,1,0,0,0,0,2
"Fora do Pico","ESTRADAS E RODOVIAS","ATROPELAMENTO","NOITE","Segunda-feira",0,0,1,0,0,1,0,1
"Pico","VIAS URBANAS","COLISAO","MANHA","Segunda-feira",0,0,1,0,0,0,1,1
"Pico","VIAS URBANAS","COLISAO","TARDE","Segunda-feira",0,1,0,0,0,0,1,1
"Pico","VIAS URBANAS","COLISAO","TARDE","Segunda-feira",0,2,0,0,0,0,0,2
"Pico","VIAS URBANAS","NAO DISPONIVEL","NOITE","Terça-feira",0,0,1,0,0,0,0,1
"Pico","VIAS URBANAS","COLISAO","NOITE","Terça-feira",0,1,1,0,0,0,0,2
"Fora do Pico","ESTRADAS E RODOVIAS","ATROPELAMENTO","MADRUGADA","Terça-feira",1,0,0,0,1,1,0,1
"Fora do Pico","VIAS URBANAS","COLISAO","MADRUGADA","Terça-feira",0,0,2,0,0,0,0,2
"Fora do Pico","ESTRADAS E RODOVIAS","COLISAO","MANHA","Terça-feira",0,1,1,0,0,0,0,2
"Fora do Pico","VIAS URBANAS","COLISAO","TARDE","Terça-feira",0,1,1,0,0,0,0,2
"Fora do Pico","VIAS URBANAS","COLISAO","MANHA","Terça-feira",0,1,1,0,0,0,0,2
"Fora do Pico","VIAS URBANAS","OUTROS","TARDE","Terça-feira",0,0,1,0,0,0,0,1
"Fora do Pico","ESTRADAS E RODOVIAS","OUTROS","MANHA","Terça-feira",0,0,1,0,0,0,0,1
"Pico","ESTRADAS E RODOVIAS","CHOQUE","NOITE","Terça-feira",0,0,1,0,0,0,0,1
"Pico","VIAS URBANAS","COLISAO","NOITE","Terça-feira",0,1,1,0,0,0,0,2
"Fora do Pico","VIAS URBANAS","OUTROS","NOITE","Terça-feira",0,0,1,0,0,0,0,1
"Fora do Pico","VIAS URBANAS","COLISAO","NOITE","Terça-feira",0,0,1,0,0,0,0,1
"Pico","VIAS URBANAS","COLISAO","MANHA","Terça-feira",0,0,1,0,0,0,0,1
"Fora do Pico","VIAS URBANAS","COLISAO","MANHA","Terça-feira",0,1,0,0,0,0,0,1
"Fora do Pico","ESTRADAS E RODOVIAS","ATROPELAMENTO","MADRUGADA","Terça-feira",0,0,0,0,1,1,0,1
"Pico","ESTRADAS E RODOVIAS","OUTROS","MANHA","Terça-feira",0,3,0,0,0,0,0,3
"Fora do Pico","ESTRADAS E RODOVIAS","COLISAO","MANHA","Terça-feira",0,1,1,0,0,0,0,2
"Pico","VIAS URBANAS","COLISAO","MANHA","Terça-feira",0,1,1,0,0,0,0,2
"Pico","ESTRADAS E RODOVIAS","COLISAO","TARDE","Terça-feira",0,1,0,0,2,0,0,4
"Pico","VIAS URBANAS","CHOQUE","TARDE","Terça-feira",0,0,1,1,0,0,0,2
"Pico","VIAS URBANAS","COLISAO","TARDE","Terça-feira",0,1,1,0,0,0,0,2
"Pico","ESTRADAS E RODOVIAS","OUTROS","TARDE","Quarta-feira",0,0,1,0,0,0,0,1
"Pico","VIAS URBANAS","ATROPELAMENTO","NOITE","Quarta-feira",1,1,0,0,0,0,0,1
"Fora do Pico","VIAS URBANAS","CHOQUE","MADRUGADA","Quarta-feira",0,1,0,0,0,0,0,1
"Pico","ESTRADAS E RODOVIAS","COLISAO","NOITE","Quarta-feira",0,1,0,0,0,0,1,1
"Fora do Pico","VIAS URBANAS","ATROPELAMENTO","NOITE","Quarta-feira",0,1,0,0,0,1,0,1
"Fora do Pico","ESTRADAS E RODOVIAS","COLISAO","TARDE","Quarta-feira",0,1,1,0,0,0,0,2
"Fora do Pico","VIAS URBANAS","COLISAO","TARDE","Quarta-feira",0,0,1,0,0,0,0,2
"Fora do Pico","VIAS URBANAS","COLISAO","TARDE","Quarta-feira",0,1,1,0,0,0,0,2
"Fora do Pico","VIAS URBANAS","ATROPELAMENTO","NOITE","Quarta-feira",1,1,0,0,0,0,1,1
"Fora do Pico","VIAS URBANAS","ATROPELAMENTO","MADRUGADA","Quarta-feira",1,0,1,0,0,1,0,1
"Fora do Pico","VIAS URBANAS","CHOQUE","NOITE","Quarta-feira",0,1,1,0,0,0,0,2
"Pico","VIAS URBANAS","ATROPELAMENTO","TARDE","Quarta-feira",0,1,0,0,0,1,0,1
"Fora do Pico","ESTRADAS E RODOVIAS","OUTROS","TARDE","Quarta-feira",0,0,1,0,0,0,0,1
"Fora do Pico","ESTRADAS E RODOVIAS","CHOQUE","MADRUGADA","Quarta-feira",0,1,0,0,0,0,0,1
"Fora do Pico","VIAS URBANAS","CHOQUE","MADRUGADA","Quarta-feira",0,1,0,0,0,0,0,1
"Fora do Pico","VIAS URBANAS","COLISAO","MANHA","Quarta-feira",0,1,1,0,0,0,0,2
"Pico","VIAS URBANAS","CHOQUE","MANHA","Quarta-feira",0,2,0,0,0,0,0,2
"Fora do Pico","VIAS URBANAS","NAO DISPONIVEL","MANHA","Quarta-feira",0,1,0,0,0,0,0,1
"Fora do Pico","VIAS URBANAS","COLISAO","MANHA","Quarta-feira",0,0,1,0,0,0,0,1
"Pico","VIAS URBANAS","NAO DISPONIVEL","TARDE","Quarta-feira",0,0,1,0,0,0,0,1
"Pico","VIAS URBANAS","COLISAO","NOITE","Quarta-feira",0,1,0,0,0,0,0,1
"Pico","ESTRADAS E RODOVIAS","CHOQUE","NOITE","Quarta-feira",0,1,0,0,0,0,0,1
"Fora do Pico","VIAS URBANAS","ATROPELAMENTO","NOITE","Quarta-feira",0,0,1,0,0,3,0,1
"Fora do Pico","VIAS URBANAS","COLISAO","MADRUGADA","Quarta-feira",0,3,0,0,0,0,0,3
"Fora do Pico","ESTRADAS E RODOVIAS","COLISAO","MANHA","Quarta-feira",0,1,1,0,0,0,0,2
"Fora do Pico","VIAS URBANAS","ATROPELAMENTO","MADRUGADA","Quarta-feira",0,1,0,0,0,1,0,1
"Fora do Pico","VIAS URBANAS","COLISAO","MADRUGADA","Quarta-feira",0,1,0,0,0,0,0,1
"Fora do Pico","ESTRADAS E RODOVIAS","COLISAO","NOITE","Quinta-feira",0,1,1,0,0,0,0,2
"Fora do Pico","VIAS URBANAS","COLISAO","TARDE","Quinta-feira",0,1,0,0,0,0,1,1
"Fora do Pico","VIAS URBANAS","COLISAO","MANHA","Quinta-feira",0,1,1,0,0,0,0,2
"Fora do Pico","VIAS URBANAS","COLISAO","TARDE","Quinta-feira",1,0,0,0,1,0,1,1
"Pico","ESTRADAS E RODOVIAS","COLISAO","TARDE","Quinta-feira",0,1,1,0,0,0,0,2
"Fora do Pico","ESTRADAS E RODOVIAS","COLISAO","TARDE","Quinta-feira",0,0,0,0,2,0,0,5
"Fora do Pico","VIAS URBANAS","COLISAO","TARDE","Quinta-feira",0,1,1,0,0,0,0,2
"Pico","VIAS URBANAS","COLISAO","NOITE","Quinta-feira",0,1,1,0,0,0,0,2
"Pico","VIAS URBANAS","NAO DISPONIVEL","MANHA","Quinta-feira",0,0,2,0,0,0,0,2
"Fora do Pico","VIAS URBANAS","OUTROS","NOITE","Quinta-feira",0,0,1,0,0,0,0,1
"Fora do Pico","VIAS URBANAS","COLISAO","NOITE","Quinta-feira",0,1,1,0,0,0,0,2
"Pico","VIAS URBANAS","COLISAO","MANHA","Quinta-feira",0,1,1,0,0,0,0,2
"Fora do Pico","ESTRADAS E RODOVIAS","COLISAO","MANHA","Quinta-feira",0,0,1,0,1,0,0,3
"Fora do Pico","VIAS URBANAS","COLISAO","MANHA","Quinta-feira",0,1,1,0,0,0,0,2
"Pico","VIAS URBANAS","COLISAO","TARDE","Quinta-feira",0,1,0,0,0,0,1,1
"Pico","VIAS URBANAS","COLISAO","TARDE","Quinta-feira",0,0,1,0,0,0,0,1
"Fora do Pico","VIAS URBANAS","NAO DISPONIVEL","TARDE","Quinta-feira",0,1,1,0,0,0,0,2
"Pico","VIAS URBANAS","COLISAO","TARDE","Sexta-feira",0,1,1,0,0,0,0,2
"Pico","VIAS URBANAS","COLISAO","NOITE","Sexta-feira",0,1,1,0,0,0,0,2
"Pico","VIAS URBANAS","COLISAO","TARDE","Sexta-feira",1,1,0,0,1,1,0,2
"Pico","VIAS URBANAS","ATROPELAMENTO","NOITE","Sexta-feira",0,1,0,0,0,2,1,1
"Fora do Pico","VIAS URBANAS","CHOQUE","TARDE","Sexta-feira",0,1,0,0,0,0,1,1
"Fora do Pico","VIAS URBANAS","COLISAO","TARDE","Sexta-feira",0,1,1,0,0,0,0,2
"Fora do Pico","VIAS URBANAS","ATROPELAMENTO","NOITE","Sexta-feira",0,1,0,0,0,1,0,1
"Pico","ESTRADAS E RODOVIAS","OUTROS","TARDE","Sexta-feira",0,3,0,0,0,0,0,3
"Pico","VIAS URBANAS","COLISAO","NOITE","Sexta-feira",0,1,1,0,0,0,0,2
"Fora do Pico","VIAS URBANAS","COLISAO","NOITE","Sexta-feira",0,0,1,0,0,0,0,1
"Fora do Pico","VIAS URBANAS","COLISAO","NOITE","Sexta-feira",0,1,1,0,0,0,0,2
"Fora do Pico","VIAS URBANAS","COLISAO","NOITE","Sexta-feira",0,0,1,1,0,0,0,2
"Fora do Pico","VIAS URBANAS","COLISAO","MADRUGADA","Sexta-feira",0,0,1,0,0,0,0,1
"Pico","ESTRADAS E RODOVIAS","OUTROS","MANHA","Sexta-feira",0,0,1,0,0,0,0,1
"Fora do Pico","VIAS URBANAS","COLISAO","MANHA","Sexta-feira",0,1,1,0,0,0,0,2
"Fora do Pico","VIAS URBANAS","COLISAO","MANHA","Sexta-feira",0,1,1,0,0,0,0,2
"Fora do Pico","VIAS URBANAS","CHOQUE","MANHA","Sexta-feira",0,0,1,0,0,0,0,1
"Pico","ESTRADAS E RODOVIAS","OUTROS","TARDE","Sexta-feira",0,1,0,0,0,0,0,1
"Fora do Pico","VIAS URBANAS","COLISAO","TARDE","Sábado",0,1,1,0,0,0,0,2
"Fora do Pico","VIAS URBANAS","OUTROS","MANHA","Sábado",0,1,0,0,0,0,0,1
"Fora do Pico","VIAS URBANAS","COLISAO","TARDE","Sábado",0,2,0,0,0,0,0,2
"Fora do Pico","ESTRADAS E RODOVIAS","OUTROS","TARDE","Sábado",0,0,0,0,1,0,0,2
"Pico","VIAS URBANAS","COLISAO","MANHA","Sábado",0,2,0,0,0,0,0,2
"Fora do Pico","VIAS URBANAS","COLISAO","MANHA","Sábado",0,1,1,0,0,0,0,2
"Fora do Pico","VIAS URBANAS","COLISAO","TARDE","Sábado",0,1,0,0,0,0,0,1
"Fora do Pico","VIAS URBANAS","COLISAO","TARDE","Sábado",0,1,1,0,0,0,0,2
"Pico","VIAS URBANAS","COLISAO","MANHA","Sábado",0,1,1,0,0,0,0,2
"Fora do Pico","VIAS URBANAS","COLISAO","TARDE","Sábado",0,0,2,0,0,0,0,2
"Fora do Pico","VIAS URBANAS","COLISAO","MANHA","Sábado",0,1,1,0,0,0,0,2
"Fora do Pico","VIAS URBANAS","COLISAO","TARDE","Sábado",0,1,0,0,0,0,1,1
"Fora do Pico","VIAS URBANAS","COLISAO","TARDE","Sábado",0,1,1,0,0,0,0,2
"Pico","VIAS URBANAS","OUTROS","NOITE","Sábado",0,0,1,0,0,0,0,1
"Fora do Pico","VIAS URBANAS","NAO DISPONIVEL","NOITE","Sábado",0,0,1,0,0,0,0,1
"Fora do Pico","VIAS URBANAS","COLISAO","NOITE","Sábado",0,1,1,0,0,0,0,2
"Fora do Pico","VIAS URBANAS","COLISAO","NOITE","Sábado",0,1,1,0,0,0,0,2
"Fora do Pico","VIAS URBANAS","OUTROS","NOITE","Sábado",0,1,0,0,0,0,0,1
"Fora do Pico","VIAS URBANAS","ATROPELAMENTO","MADRUGADA","Sábado",0,1,0,0,0,2,1,1
"Fora do Pico","ESTRADAS E RODOVIAS","COLISAO","MANHA","Sábado",0,1,1,0,0,0,0,2
"Fora do Pico","ESTRADAS E RODOVIAS","COLISAO","MANHA","Sábado",0,1,1,0,0,0,0,2
"Pico","VIAS URBANAS","OUTROS","MANHA","Sábado",0,0,0,0,0,0,0,0
"Pico","VIAS URBANAS","COLISAO","MANHA","Sábado",0,3,0,0,1,0,0,4
"Pico","VIAS URBANAS","COLISAO","TARDE","Sábado",0,0,1,0,0,0,0,2
"Fora do Pico","VIAS URBANAS","CHOQUE","TARDE","Domingo",1,1,0,0,0,0,0,1
"Pico","VIAS URBANAS","CHOQUE","TARDE","Domingo",1,4,0,0,0,1,0,4
"Fora do Pico","ESTRADAS E RODOVIAS","OUTROS","NOITE","Domingo",1,0,0,0,1,0,0,1
"Fora do Pico","VIAS URBANAS","COLISAO","NOITE","Domingo",0,1,1,0,0,0,0,2
"Pico","VIAS URBANAS","CHOQUE","NOITE","Domingo",0,1,0,0,0,0,0,1
"Pico","VIAS URBANAS","COLISAO","MANHA","Domingo",0,2,0,0,0,0,0,2
"Fora do Pico","VIAS URBANAS","COLISAO","MANHA","Domingo",0,1,1,0,0,0,0,2
"Fora do Pico","VIAS URBANAS","COLISAO","TARDE","Domingo",0,1,1,0,0,0,0,2
"Fora do Pico","ESTRADAS E RODOVIAS","CHOQUE","TARDE","Domingo",0,1,0,0,0,0,0,1
"Pico","VIAS URBANAS","COLISAO","NOITE","Domingo",0,1,1,0,0,0,0,2
"Fora do Pico","VIAS URBANAS","COLISAO","NOITE","Domingo",0,1,1,0,0,0,0,2
"Fora do Pico","VIAS URBANAS","COLISAO","NOITE","Domingo",0,1,1,0,0,0,0,2
"Fora do Pico","VIAS URBANAS","COLISAO","NOITE","Domingo",0,0,1,0,0,0,0,1
"Fora do Pico","VIAS URBANAS","COLISAO","NOITE","Domingo",0,2,0,0,0,0,0,2
"Fora do Pico","VIAS URBANAS","COLISAO","MADRUGADA","Domingo",0,1,0,0,0,0,0,1
"Fora do Pico","VIAS URBANAS","COLISAO","MADRUGADA","Domingo",0,1,1,0,0,0,0,2
"Pico","VIAS URBANAS","COLISAO","MANHA","Domingo",0,0,1,0,0,0,0,1
"Fora do Pico","VIAS URBANAS","COLISAO","MANHA","Domingo",0,1,0,0,0,0,0,2
"Pico","ESTRADAS E RODOVIAS","COLISAO","MANHA","Segunda-feira",0,4,0,0,1,0,0,5
"Fora do Pico","VIAS URBANAS","OUTROS","MADRUGADA","Segunda-feira",1,0,0,0,0,0,1,0
"Pico","VIAS URBANAS","COLISAO","TARDE","Segunda-feira",0,1,1,0,0,0,0,2
"Pico","VIAS URBANAS","ATROPELAMENTO","MANHA","Segunda-feira",0,1,0,0,0,1,0,1
"Pico","VIAS URBANAS","COLISAO","TARDE","Segunda-feira",0,1,0,0,0,0,1,1
"Fora do Pico","VIAS URBANAS","COLISAO","MANHA","Segunda-feira",0,1,1,0,0,0,0,2
"Pico","VIAS URBANAS","COLISAO","NOITE","Segunda-feira",0,1,1,0,0,0,0,2
"Fora do Pico","VIAS URBANAS","COLISAO","TARDE","Segunda-feira",0,1,1,0,0,0,0,2
"Fora do Pico","VIAS URBANAS","OUTROS","TARDE","Segunda-feira",0,1,0,0,0,0,0,1
"Pico","VIAS URBANAS","COLISAO","TARDE","Segunda-feira",0,1,0,0,0,0,0,1
"Pico","VIAS URBANAS","COLISAO","NOITE","Segunda-feira",0,2,1,0,0,0,0,3
"Pico","VIAS URBANAS","COLISAO","NOITE","Segunda-feira",0,1,1,0,0,0,0,2
"Fora do Pico","ESTRADAS E RODOVIAS","OUTROS","NOITE","Segunda-feira",0,0,1,0,0,0,0,1
"Fora do Pico","VIAS URBANAS","NAO DISPONIVEL","NOITE","Segunda-feira",0,0,1,0,0,0,0,1
"Pico","VIAS URBANAS","COLISAO","MANHA","Segunda-feira",0,1,1,0,0,0,0,2
"Pico","ESTRADAS E RODOVIAS","COLISAO","MANHA","Segunda-feira",0,1,1,0,0,0,0,2
"Pico","VIAS URBANAS","COLISAO","MANHA","Segunda-feira",0,1,1,0,0,0,0,2
"Fora do Pico","ESTRADAS E RODOVIAS","COLISAO","MANHA","Segunda-feira",0,1,0,0,0,0,0,2
"Fora do Pico","ESTRADAS E RODOVIAS","CHOQUE","MANHA","Segunda-feira",0,1,0,0,0,0,0,1
"Fora do Pico","ESTRADAS E RODOVIAS","OUTROS","MANHA","Segunda-feira",0,1,0,0,0,0,0,1
"Pico","VIAS URBANAS","CHOQUE","TARDE","Segunda-feira",0,0,0,0,1,0,0,1
"Pico","VIAS URBANAS","CHOQUE","TARDE","Segunda-feira",0,1,1,0,0,0,0,2
"Fora do Pico","ESTRADAS E RODOVIAS","COLISAO","NOITE","Terça-feira",0,2,0,0,0,0,0,2
"Fora do Pico","ESTRADAS E RODOVIAS","COLISAO","TARDE","Terça-feira",1,2,0,0,0,0,0,2
"Fora do Pico","ESTRADAS E RODOVIAS","CHOQUE","MANHA","Terça-feira",1,0,0,0,0,0,0,1
"Fora do Pico","VIAS URBANAS","COLISAO","MANHA","Terça-feira",0,1,1,0,0,0,0,2
"Fora do Pico","VIAS URBANAS","COLISAO","MANHA","Terça-feira",0,1,1,0,0,0,0,2
"Fora do Pico","ESTRADAS E RODOVIAS","COLISAO","NOITE","Terça-feira",0,0,1,0,1,0,0,2
"Fora do Pico","VIAS URBANAS","COLISAO","TARDE","Terça-feira",0,0,1,1,0,0,0,2
"Pico","VIAS URBANAS","COLISAO","MANHA","Terça-feira",0,1,1,0,0,0,0,2
"Pico","VIAS URBANAS","COLISAO","TARDE","Terça-feira",0,1,1,0,0,0,0,2
"Fora do Pico","VIAS URBANAS","COLISAO","MADRUGADA","Terça-feira",0,0,1,0,0,0,0,1
"Pico","VIAS URBANAS","COLISAO","TARDE","Terça-feira",0,1,1,0,0,0,0,2
"Pico","VIAS URBANAS","COLISAO","NOITE","Terça-feira",0,1,1,0,0,0,0,2
"Fora do Pico","VIAS URBANAS","COLISAO","MADRUGADA","Terça-feira",0,0,1,1,0,0,0,2
"Fora do Pico","VIAS URBANAS","COLISAO","MANHA","Terça-feira",0,0,1,0,0,0,0,2
"Fora do Pico","VIAS URBANAS","COLISAO","MANHA","Terça-feira",0,0,2,0,0,0,0,2
"Fora do Pico","ESTRADAS E RODOVIAS","COLISAO","MANHA","Terça-feira",0,1,1,0,0,0,0,2
"Fora do Pico","VIAS URBANAS","ATROPELAMENTO","MANHA","Terça-feira",0,1,0,0,0,1,0,1
"Pico","ESTRADAS E RODOVIAS","COLISAO","MANHA","Terça-feira",0,0,0,2,0,0,0,2
"Pico","VIAS URBANAS","COLISAO","TARDE","Terça-feira",0,1,1,0,0,0,0,2
"Pico","VIAS URBANAS","COLISAO","TARDE","Terça-feira",0,0,1,1,0,0,0,2
"Fora do Pico","VIAS URBANAS","COLISAO","TARDE","Terça-feira",0,0,1,0,1,0,0,2
"Pico","VIAS URBANAS","COLISAO","NOITE","Quarta-feira",0,1,1,1,0,0,0,3
"Pico","VIAS URBANAS","COLISAO","TARDE","Quarta-feira",0,1,1,0,0,0,0,2
"Pico","VIAS URBANAS","OUTROS","TARDE","Quarta-feira",1,0,1,0,0,0,0,1
"Fora do Pico","VIAS URBANAS","COLISAO","TARDE","Quarta-feira",0,1,1,0,0,0,0,2
"Fora do Pico","VIAS URBANAS","COLISAO","NOITE","Quarta-feira",0,1,1,0,0,0,0,2
"Fora do Pico","ESTRADAS E RODOVIAS","CHOQUE","TARDE","Quarta-feira",0,0,1,0,0,0,0,1
"Pico","VIAS URBANAS","CHOQUE","TARDE","Quarta-feira",0,1,0,0,0,0,0,1
"Pico","VIAS URBANAS","OUTROS","MANHA","Quarta-feira",0,1,0,0,0,0,0,1
"Fora do Pico","VIAS URBANAS","COLISAO","TARDE","Quarta-feira",0,1,1,0,0,0,0,2
"Pico","VIAS URBANAS","COLISAO","MANHA","Quarta-feira",0,1,1,0,0,0,0,2
"Fora do Pico","ESTRADAS E RODOVIAS","COLISAO","NOITE","Quarta-feira",0,2,0,0,0,0,0,2
"Pico","ESTRADAS E RODOVIAS","COLISAO","NOITE","Quarta-feira",0,1,1,0,0,0,0,2
"Fora do Pico","NAO DISPONIVEL","OUTROS","TARDE","Quarta-feira",1,0,1,0,0,0,0,1
"Fora do Pico","VIAS URBANAS","CHOQUE","MANHA","Quarta-feira",1,0,1,0,0,0,0,1
"Fora do Pico","VIAS URBANAS","ATROPELAMENTO","NOITE","Quarta-feira",0,1,0,0,0,1,0,1
"Fora do Pico","VIAS URBANAS","OUTROS","NOITE","Quarta-feira",0,3,0,0,0,0,0,3
"Pico","VIAS URBANAS","COLISAO","TARDE","Quarta-feira",0,1,1,0,0,0,0,2
"Fora do Pico","VIAS URBANAS","COLISAO","MADRUGADA","Quarta-feira",0,3,0,0,0,0,0,3
"Pico","VIAS URBANAS","OUTROS","MANHA","Quarta-feira",0,0,1,0,0,0,0,1
"Pico","ESTRADAS E RODOVIAS","CHOQUE","MANHA","Quarta-feira",0,1,0,0,0,0,0,1
"Pico","VIAS URBANAS","COLISAO","MANHA","Quarta-feira",0,1,1,0,0,0,0,2
"Fora do Pico","VIAS URBANAS","COLISAO","MANHA","Quarta-feira",0,1,1,0,0,0,0,2
"Pico","VIAS URBANAS","COLISAO","TARDE","Quarta-feira",0,3,0,0,0,0,0,4
"Fora do Pico","VIAS URBANAS","ATROPELAMENTO","MADRUGADA","Quarta-feira",0,0,1,0,0,1,0,1
"Pico","ESTRADAS E RODOVIAS","OUTROS","TARDE","Quarta-feira",0,0,1,0,0,0,0,1
"Pico","ESTRADAS E RODOVIAS","COLISAO","NOITE","Quarta-feira",0,1,1,0,0,0,0,2
"Fora do Pico","VIAS URBANAS","COLISAO","NOITE","Quarta-feira",0,1,1,0,0,0,0,2
"Fora do Pico","VIAS URBANAS","COLISAO","MADRUGADA","Quarta-feira",0,0,0,0,0,0,0,0
"Fora do Pico","ESTRADAS E RODOVIAS","OUTROS","MANHA","Quarta-feira",0,0,1,0,1,0,0,2
"Fora do Pico","VIAS URBANAS","COLISAO","MADRUGADA","Quarta-feira",0,3,0,0,0,0,0,3
"Fora do Pico","VIAS URBANAS","COLISAO","NOITE","Quinta-feira",0,1,1,0,0,0,0,2
"Pico","ESTRADAS E RODOVIAS","COLISAO","NOITE","Quinta-feira",0,1,1,0,0,0,0,2
"Pico","ESTRADAS E RODOVIAS","OUTROS","TARDE","Quinta-feira",0,2,0,0,0,0,0,3
"Pico","VIAS URBANAS","COLISAO","TARDE","Quinta-feira",0,1,1,0,0,0,0,2
"Pico","ESTRADAS E RODOVIAS","CHOQUE","TARDE","Quinta-feira",1,2,0,0,0,0,0,2
"Fora do Pico","ESTRADAS E RODOVIAS","COLISAO","TARDE","Quinta-feira",0,2,0,0,0,0,0,2
"Pico","VIAS URBANAS","OUTROS","TARDE","Quinta-feira",0,3,0,0,0,0,0,3
"Pico","VIAS URBANAS","COLISAO","TARDE","Quinta-feira",0,1,1,0,0,0,0,2
"Pico","VIAS URBANAS","COLISAO","NOITE","Quinta-feira",0,2,0,0,0,0,0,2
"Fora do Pico","VIAS URBANAS","COLISAO","NOITE","Quinta-feira",0,0,2,0,0,0,0,2
"Fora do Pico","ESTRADAS E RODOVIAS","COLISAO","TARDE","Quinta-feira",0,0,1,0,0,0,0,1
"Fora do Pico","VIAS URBANAS","CHOQUE","NOITE","Quinta-feira",0,1,0,0,0,0,0,1
"Pico","ESTRADAS E RODOVIAS","COLISAO","MANHA","Quinta-feira",0,1,1,0,0,0,0,2
"Pico","VIAS URBANAS","COLISAO","MANHA","Quinta-feira",0,1,1,0,0,0,0,2
"Fora do Pico","VIAS URBANAS","COLISAO","TARDE","Quinta-feira",0,2,0,0,0,0,0,2
"Fora do Pico","ESTRADAS E RODOVIAS","COLISAO","TARDE","Quinta-feira",0,1,0,1,0,0,0,2
"Fora do Pico","VIAS URBANAS","OUTROS","NOITE","Sexta-feira",0,0,1,0,0,0,0,1
"Fora do Pico","VIAS URBANAS","CHOQUE","MADRUGADA","Sexta-feira",0,1,0,0,0,0,0,1
"Pico","VIAS URBANAS","COLISAO","MANHA","Sexta-feira",0,1,0,0,0,0,1,1
"Fora do Pico","VIAS URBANAS","COLISAO","TARDE","Sexta-feira",0,2,0,0,0,0,0,2
"Pico","VIAS URBANAS","COLISAO","NOITE","Sexta-feira",0,2,0,0,0,0,0,2
"Fora do Pico","VIAS URBANAS","COLISAO","TARDE","Sexta-feira",0,0,1,0,0,0,0,1
"Fora do Pico","ESTRADAS E RODOVIAS","COLISAO","TARDE","Sexta-feira",0,1,1,0,0,0,0,2
"Pico","VIAS URBANAS","COLISAO","TARDE","Sexta-feira",0,1,1,0,0,0,0,2
"Fora do Pico","VIAS URBANAS","COLISAO","TARDE","Sexta-feira",0,2,0,0,0,0,0,2
"Fora do Pico","ESTRADAS E RODOVIAS","CHOQUE","NOITE","Sexta-feira",0,1,0,0,0,0,0,1
"Fora do Pico","VIAS URBANAS","COLISAO","NOITE","Sexta-feira",0,0,2,0,0,0,0,2
"Fora do Pico","VIAS URBANAS","CHOQUE","MADRUGADA","Sexta-feira",0,1,0,0,0,0,0,1
"Fora do Pico","VIAS URBANAS","COLISAO","NOITE","Sexta-feira",0,0,2,0,0,0,0,2
"Fora do Pico","VIAS URBANAS","ATROPELAMENTO","MANHA","Sexta-feira",0,1,0,0,0,2,0,1
"Pico","VIAS URBANAS","COLISAO","MANHA","Sexta-feira",0,0,2,0,0,0,0,2
"Fora do Pico","ESTRADAS E RODOVIAS","COLISAO","MANHA","Sexta-feira",0,2,0,0,1,0,0,4
"Fora do Pico","VIAS URBANAS","OUTROS","MANHA","Sexta-feira",0,3,1,0,0,0,0,4
"Fora do Pico","ESTRADAS E RODOVIAS","CHOQUE","MADRUGADA","Sexta-feira",0,1,0,0,0,0,0,1
"Fora do Pico","ESTRADAS E RODOVIAS","OUTROS","MANHA","Sexta-feira",0,0,1,0,0,0,0,1
"Pico","VIAS URBANAS","COLISAO","MANHA","Sexta-feira",0,1,1,0,0,0,0,2
"Pico","VIAS URBANAS","COLISAO","TARDE","Sexta-feira",0,1,1,0,0,0,0,2
"Fora do Pico","VIAS URBANAS","OUTROS","TARDE","Sexta-feira",0,0,1,0,0,0,0,1
"Fora do Pico","VIAS URBANAS","COLISAO","TARDE","Sexta-feira",0,1,1,0,0,0,0,2
"Fora do Pico","VIAS URBANAS","COLISAO","TARDE","Sexta-feira",0,1,1,0,0,0,0,2
"Pico","VIAS URBANAS","COLISAO","TARDE","Sábado",0,1,1,0,0,0,0,2
"Fora do Pico","ESTRADAS E RODOVIAS","CHOQUE","TARDE","Sábado",0,0,1,0,0,0,0,1
"Fora do Pico","VIAS URBANAS","OUTROS","MANHA","Sábado",1,0,1,0,0,0,0,1
"Pico","VIAS URBANAS","CHOQUE","NOITE","Sábado",0,1,0,0,0,0,0,1
"Pico","ESTRADAS E RODOVIAS","COLISAO","TARDE","Sábado",0,1,1,0,0,0,0,2
"Fora do Pico","VIAS URBANAS","OUTROS","MANHA","Sábado",0,1,0,0,0,0,0,1
"Fora do Pico","VIAS URBANAS","COLISAO","TARDE","Sábado",0,1,1,0,0,0,0,2
"Fora do Pico","VIAS URBANAS","CHOQUE","TARDE","Sábado",0,1,0,0,0,0,0,1
"Fora do Pico","VIAS URBANAS","COLISAO","TARDE","Sábado",0,1,1,0,0,0,0,2
"Fora do Pico","ESTRADAS E RODOVIAS","COLISAO","MANHA","Sábado",0,1,0,0,1,0,0,2
"Fora do Pico","VIAS URBANAS","COLISAO","TARDE","Sábado",0,1,1,0,0,0,0,2
"Fora do Pico","VIAS URBANAS","COLISAO","TARDE","Sábado",0,1,1,0,0,0,0,2
"Pico","VIAS URBANAS","OUTROS","TARDE","Sábado",0,0,0,0,0,0,0,1
"Pico","VIAS URBANAS","COLISAO","NOITE","Sábado",0,0,2,0,0,0,0,2
"Fora do Pico","VIAS URBANAS","OUTROS","NOITE","Sábado",0,0,1,0,0,0,0,1
"Fora do Pico","VIAS URBANAS","COLISAO","NOITE","Sábado",0,1,0,0,0,0,0,2
"Fora do Pico","VIAS URBANAS","NAO DISPONIVEL","NOITE","Sábado",0,0,1,0,0,0,0,1
"Pico","ESTRADAS E RODOVIAS","OUTROS","TARDE","Sábado",0,0,1,0,0,0,0,1
"Fora do Pico","VIAS URBANAS","COLISAO","MANHA","Sábado",0,1,1,0,0,0,0,2
"Pico","ESTRADAS E RODOVIAS","COLISAO","MANHA","Sábado",0,1,1,0,0,0,0,2
"Pico","VIAS URBANAS","COLISAO","MANHA","Sábado",0,1,1,0,0,0,0,2
"Pico","VIAS URBANAS","COLISAO","TARDE","Domingo",1,1,1,0,0,0,0,2
"Fora do Pico","VIAS URBANAS","CHOQUE","MANHA","Domingo",1,0,1,0,0,0,0,1
"Pico","ESTRADAS E RODOVIAS","ATROPELAMENTO","NOITE","Domingo",1,0,1,0,0,1,0,1
"Fora do Pico","VIAS URBANAS","CHOQUE","NOITE","Domingo",1,0,1,0,0,0,0,1
"Fora do Pico","VIAS URBANAS","COLISAO","NOITE","Domingo",0,1,0,1,0,0,0,2
"Fora do Pico","VIAS URBANAS","COLISAO","MANHA","Domingo",0,0,1,0,0,0,0,1
"Pico","VIAS URBANAS","NAO DISPONIVEL","TARDE","Domingo",0,0,1,0,0,0,1,1
"Fora do Pico","ESTRADAS E RODOVIAS","COLISAO","NOITE","Domingo",0,1,1,1,0,0,0,3
"Fora do Pico","VIAS URBANAS","COLISAO","NOITE","Domingo",0,1,1,0,0,0,0,2
"Fora do Pico","VIAS URBANAS","COLISAO","NOITE","Domingo",0,1,0,0,0,0,1,1
"Fora do Pico","VIAS URBANAS","COLISAO","TARDE","Domingo",0,0,0,1,0,0,0,1
"Fora do Pico","VIAS URBANAS","COLISAO","TARDE","Domingo",0,1,1,0,0,0,0,2
"Fora do Pico","VIAS URBANAS","COLISAO","TARDE","Domingo",0,2,0,0,0,0,0,2
"Pico","VIAS URBANAS","COLISAO","NOITE","Domingo",0,0,2,0,0,0,0,2
"Fora do Pico","VIAS URBANAS","COLISAO","NOITE","Domingo",0,2,1,0,0,0,0,3
"Fora do Pico","VIAS URBANAS","COLISAO","NOITE","Domingo",0,1,1,0,0,0,0,2
"Fora do Pico","ESTRADAS E RODOVIAS","OUTROS","MADRUGADA","Domingo",0,0,1,0,0,0,0,1
"Pico","ESTRADAS E RODOVIAS","COLISAO","MANHA","Domingo",0,0,1,0,0,0,0,1
"Fora do Pico","VIAS URBANAS","COLISAO","MANHA","Domingo",0,1,0,0,0,0,0,2
"Pico","ESTRADAS E RODOVIAS","CHOQUE","TARDE","Segunda-feira",1,0,0,0,1,0,0,1
"Pico","ESTRADAS E RODOVIAS","COLISAO","TARDE","Segunda-feira",0,0,1,0,1,0,0,3
"Fora do Pico","ESTRADAS E RODOVIAS","COLISAO","MANHA","Segunda-feira",1,1,1,0,0,0,0,2
"Pico","ESTRADAS E RODOVIAS","COLISAO","TARDE","Segunda-feira",1,0,1,0,1,0,0,2
"Fora do Pico","VIAS URBANAS","COLISAO","TARDE","Segunda-feira",0,1,1,0,0,0,0,2
"Fora do Pico","VIAS URBANAS","CHOQUE","TARDE","Segunda-feira",0,1,0,0,0,0,0,1
"Fora do Pico","VIAS URBANAS","COLISAO","MANHA","Segunda-feira",0,2,0,0,0,0,0,3
"Pico","VIAS URBANAS","COLISAO","TARDE","Segunda-feira",0,4,0,0,0,0,0,4
"Pico","VIAS URBANAS","COLISAO","NOITE","Segunda-feira",0,2,0,0,0,0,0,2
"Fora do Pico","VIAS URBANAS","CHOQUE","NOITE","Segunda-feira",0,1,0,0,0,0,0,1
"Fora do Pico","VIAS URBANAS","COLISAO","NOITE","Segunda-feira",0,1,0,0,0,0,0,1
"Fora do Pico","ESTRADAS E RODOVIAS","COLISAO","MADRUGADA","Segunda-feira",0,1,1,0,0,0,0,2
"Pico","VIAS URBANAS","COLISAO","MANHA","Segunda-feira",0,0,2,0,0,0,0,2
"Fora do Pico","VIAS URBANAS","ATROPELAMENTO","MANHA","Segunda-feira",0,1,0,0,0,1,0,1
"Fora do Pico","VIAS URBANAS","COLISAO","MANHA","Segunda-feira",0,0,2,0,0,0,0,2
"Fora do Pico","VIAS URBANAS","COLISAO","MANHA","Segunda-feira",0,1,0,0,0,0,0,1
"Fora do Pico","VIAS URBANAS","COLISAO","MANHA","Segunda-feira",0,2,0,0,0,0,0,2
"Fora do Pico","VIAS URBANAS","CHOQUE","MADRUGADA","Segunda-feira",0,1,0,0,0,0,0,1
"Fora do Pico","VIAS URBANAS","COLISAO","MANHA","Segunda-feira",0,0,1,0,0,0,0,1
"Pico","ESTRADAS E RODOVIAS","OUTROS","TARDE","Segunda-feira",0,1,0,0,0,0,0,1
"Pico","VIAS URBANAS","COLISAO","TARDE","Segunda-feira",0,1,1,0,0,0,0,2
"Pico","NAO DISPONIVEL","ATROPELAMENTO","MANHA","Terça-feira",1,0,0,0,0,0,0,1
"Fora do Pico","VIAS URBANAS","COLISAO","NOITE","Terça-feira",0,0,1,0,0,0,0,1
"Fora do Pico","VIAS URBANAS","CHOQUE","MANHA","Terça-feira",0,0,1,0,0,0,0,1
"Fora do Pico","VIAS URBANAS","OUTROS","MANHA","Terça-feira",0,1,0,0,0,0,1,1
"Pico","VIAS URBANAS","COLISAO","TARDE","Terça-feira",0,1,1,0,0,0,0,2
"Pico","VIAS URBANAS","COLISAO","TARDE","Terça-feira",0,1,1,0,0,0,0,2
"Fora do Pico","VIAS URBANAS","COLISAO","TARDE","Terça-feira",0,1,1,0,0,0,0,2
"Fora do Pico","ESTRADAS E RODOVIAS","OUTROS","TARDE","Terça-feira",0,0,1,0,0,0,0,1
"Fora do Pico","VIAS URBANAS","COLISAO","TARDE","Terça-feira",0,1,0,0,0,0,0,1
"Fora do Pico","VIAS URBANAS","COLISAO","TARDE","Terça-feira",0,1,1,0,0,0,0,2
"Pico","ESTRADAS E RODOVIAS","OUTROS","TARDE","Terça-feira",0,0,1,0,0,0,0,1
"Pico","ESTRADAS E RODOVIAS","COLISAO","TARDE","Terça-feira",0,2,0,0,0,0,0,2
"Fora do Pico","VIAS URBANAS","COLISAO","NOITE","Terça-feira",0,2,0,0,0,0,0,2
"Fora do Pico","VIAS URBANAS","NAO DISPONIVEL","NOITE","Terça-feira",0,2,0,0,0,0,0,2
"Pico","VIAS URBANAS","COLISAO","MANHA","Terça-feira",0,1,1,0,0,0,0,2
"Fora do Pico","VIAS URBANAS","COLISAO","MANHA","Terça-feira",0,0,1,1,0,0,0,2
"Pico","ESTRADAS E RODOVIAS","OUTROS","TARDE","Terça-feira",0,0,0,0,1,0,0,1
"Fora do Pico","VIAS URBANAS","COLISAO","MANHA","Terça-feira",0,2,0,0,0,0,0,2
"Fora do Pico","VIAS URBANAS","COLISAO","MANHA","Terça-feira",0,1,1,0,0,0,0,2
"Pico","VIAS URBANAS","ATROPELAMENTO","TARDE","Terça-feira",0,0,1,0,0,1,0,1
"Pico","VIAS URBANAS","COLISAO","TARDE","Terça-feira",0,1,1,0,0,0,0,2
"Pico","VIAS URBANAS","COLISAO","TARDE","Terça-feira",0,1,1,0,0,0,0,2
"Pico","VIAS URBANAS","COLISAO","MANHA","Quarta-feira",0,1,1,0,0,0,0,2
"Pico","VIAS URBANAS","COLISAO","TARDE","Quarta-feira",1,1,1,0,1,0,0,3
"Pico","VIAS URBANAS","COLISAO","TARDE","Quarta-feira",0,1,1,0,0,0,0,2
"Fora do Pico","VIAS URBANAS","ATROPELAMENTO","TARDE","Quarta-feira",0,1,0,0,0,1,0,1
"Pico","VIAS URBANAS","COLISAO","NOITE","Quarta-feira",0,1,1,0,0,0,0,2
"Pico","VIAS URBANAS","NAO DISPONIVEL","TARDE","Quarta-feira",0,0,1,0,0,0,0,1
"Pico","VIAS URBANAS","NAO DISPONIVEL","MANHA","Quarta-feira",0,0,1,0,0,0,0,1
"Fora do Pico","VIAS URBANAS","OUTROS","TARDE","Quarta-feira",0,0,0,0,1,0,1,1
"Fora do Pico","VIAS URBANAS","COLISAO","TARDE","Quarta-feira",0,0,1,0,0,0,0,1
"Fora do Pico","VIAS URBANAS","ATROPELAMENTO","NOITE","Quarta-feira",0,0,1,0,0,1,0,1
"Pico","ESTRADAS E RODOVIAS","COLISAO","MANHA","Quarta-feira",0,0,1,0,0,0,0,1
"Pico","ESTRADAS E RODOVIAS","COLISAO","TARDE","Quarta-feira",1,0,1,0,0,0,0,2
"Fora do Pico","VIAS URBANAS","COLISAO","MADRUGADA","Quarta-feira",1,2,0,0,0,0,0,2
"Fora do Pico","VIAS URBANAS","CHOQUE","MADRUGADA","Quarta-feira",0,1,0,0,0,0,0,1
"Fora do Pico","VIAS URBANAS","COLISAO","NOITE","Quarta-feira",0,0,1,0,0,0,0,1
"Fora do Pico","VIAS URBANAS","COLISAO","TARDE","Quarta-feira",0,1,1,0,0,0,0,2
"Fora do Pico","VIAS URBANAS","OUTROS","NOITE","Quarta-feira",0,0,1,0,0,0,0,1
"Fora do Pico","ESTRADAS E RODOVIAS","OUTROS","MANHA","Quarta-feira",0,0,1,0,0,0,0,1
"Pico","ESTRADAS E RODOVIAS","CHOQUE","MANHA","Quarta-feira",0,1,0,0,0,0,0,1
"Pico","ESTRADAS E RODOVIAS","OUTROS","TARDE","Quarta-feira",0,1,0,0,0,0,0,1
"Pico","VIAS URBANAS","COLISAO","TARDE","Quarta-feira",0,1,1,0,0,0,0,2
"Fora do Pico","VIAS URBANAS","COLISAO","TARDE","Quarta-feira",0,1,0,0,0,0,0,1
"Pico","ESTRADAS E RODOVIAS","CHOQUE","TARDE","Quarta-feira",0,1,0,0,0,0,0,1
"Pico","ESTRADAS E RODOVIAS","OUTROS","NOITE","Quarta-feira",0,0,1,0,0,0,0,1
"Fora do Pico","VIAS URBANAS","COLISAO","NOITE","Quarta-feira",0,1,1,0,0,0,0,2
"Fora do Pico","VIAS URBANAS","COLISAO","NOITE","Quarta-feira",0,1,1,0,0,0,0,2
"Fora do Pico","VIAS URBANAS","COLISAO","MADRUGADA","Quarta-feira",0,0,1,0,0,0,1,1
"Fora do Pico","VIAS URBANAS","COLISAO","MADRUGADA","Quarta-feira",0,1,1,0,0,0,0,2
"Fora do Pico","VIAS URBANAS","OUTROS","MADRUGADA","Quarta-feira",0,0,1,0,0,0,0,1
"Fora do Pico","VIAS URBANAS","COLISAO","TARDE","Quinta-feira",0,0,2,0,0,0,0,2
"Fora do Pico","VIAS URBANAS","COLISAO","NOITE","Quinta-feira",0,0,2,0,0,0,0,2
"Pico","VIAS URBANAS","CHOQUE","MANHA","Quinta-feira",0,1,1,0,0,0,0,2
"Fora do Pico","VIAS URBANAS","COLISAO","TARDE","Quinta-feira",0,1,1,0,0,0,0,2
"Fora do Pico","ESTRADAS E RODOVIAS","COLISAO","TARDE","Quinta-feira",1,0,1,0,1,0,0,2
"Pico","VIAS URBANAS","COLISAO","MANHA","Quinta-feira",0,1,1,0,0,0,0,2
"Fora do Pico","VIAS URBANAS","COLISAO","TARDE","Quinta-feira",0,1,0,0,0,0,1,1
"Fora do Pico","VIAS URBANAS","NAO DISPONIVEL","TARDE","Quinta-feira",0,0,1,0,0,0,0,1
"Pico","VIAS URBANAS","COLISAO","TARDE","Quinta-feira",0,2,0,0,0,0,0,2
"Fora do Pico","ESTRADAS E RODOVIAS","CHOQUE","MADRUGADA","Quinta-feira",0,1,0,0,0,0,0,1
"Pico","VIAS URBANAS","COLISAO","TARDE","Quinta-feira",0,1,1,0,0,0,0,2
"Pico","VIAS URBANAS","COLISAO","NOITE","Quinta-feira",0,0,2,0,0,0,0,2
"Fora do Pico","VIAS URBANAS","COLISAO","NOITE","Quinta-feira",0,0,0,0,1,0,0,1
"Fora do Pico","VIAS URBANAS","COLISAO","NOITE","Quinta-feira",0,1,1,0,0,0,0,2
"Fora do Pico","VIAS URBANAS","COLISAO","NOITE","Quinta-feira",0,1,1,0,0,0,0,2
"Pico","VIAS URBANAS","COLISAO","MANHA","Quinta-feira",0,1,1,0,0,0,0,2
"Fora do Pico","VIAS URBANAS","COLISAO","MANHA","Quinta-feira",0,1,1,0,0,0,0,2
"Fora do Pico","VIAS URBANAS","CHOQUE","MANHA","Quinta-feira",0,1,0,0,0,0,0,1
"Pico","VIAS URBANAS","COLISAO","TARDE","Quinta-feira",0,0,1,0,0,0,1,1
"Pico","ESTRADAS E RODOVIAS","OUTROS","TARDE","Quinta-feira",0,0,1,0,0,0,0,1
"Fora do Pico","VIAS URBANAS","NAO DISPONIVEL","TARDE","Quinta-feira",0,0,1,0,0,0,0,1
"Fora do Pico","ESTRADAS E RODOVIAS","COLISAO","TARDE","Quinta-feira",0,1,1,0,0,0,0,2
"Fora do Pico","VIAS URBANAS","COLISAO","NOITE","Sexta-feira",0,1,1,0,0,0,0,2
"Fora do Pico","VIAS URBANAS","CHOQUE","NOITE","Sexta-feira",1,2,1,0,0,0,0,3
"Fora do Pico","VIAS URBANAS","COLISAO","MADRUGADA","Sexta-feira",0,1,2,0,0,0,1,3
"Pico","VIAS URBANAS","OUTROS","TARDE","Sexta-feira",0,0,1,0,0,0,0,1
"Pico","VIAS URBANAS","COLISAO","TARDE","Sexta-feira",0,2,0,0,0,0,0,2
"Fora do Pico","VIAS URBANAS","COLISAO","NOITE","Sexta-feira",0,1,1,0,0,0,0,2
"Fora do Pico","ESTRADAS E RODOVIAS","COLISAO","MANHA","Sexta-feira",0,1,1,0,0,0,0,2
"Fora do Pico","VIAS URBANAS","COLISAO","TARDE","Sexta-feira",0,1,1,0,0,0,0,2
"Fora do Pico","VIAS URBANAS","COLISAO","TARDE","Sexta-feira",0,2,0,0,0,0,0,2
"Fora do Pico","VIAS URBANAS","COLISAO","MANHA","Sexta-feira",0,0,1,0,0,0,0,1
"Fora do Pico","VIAS URBANAS","COLISAO","NOITE","Sexta-feira",0,1,1,0,0,0,0,2
"Pico","VIAS URBANAS","ATROPELAMENTO","NOITE","Sexta-feira",0,0,1,0,0,0,0,1
"Pico","VIAS URBANAS","COLISAO","NOITE","Sexta-feira",0,1,1,0,0,0,0,2
"Pico","VIAS URBANAS","COLISAO","NOITE","Sexta-feira",0,0,1,0,0,0,0,1
"Fora do Pico","VIAS URBANAS","COLISAO","NOITE","Sexta-feira",0,0,2,0,0,0,0,2
"Fora do Pico","VIAS URBANAS","COLISAO","NOITE","Sexta-feira",0,1,2,0,0,0,0,3
"Fora do Pico","VIAS URBANAS","COLISAO","NOITE","Sexta-feira",0,1,0,0,0,0,0,1
"Pico","VIAS URBANAS","ATROPELAMENTO","MANHA","Sexta-feira",0,0,1,0,0,1,0,1
"Pico","VIAS URBANAS","COLISAO","MANHA","Sexta-feira",0,1,1,0,0,0,0,2
"Fora do Pico","VIAS URBANAS","COLISAO","MANHA","Sexta-feira",0,1,1,0,0,0,0,2
"Fora do Pico","VIAS URBANAS","CHOQUE","MADRUGADA","Sexta-feira",0,1,1,0,0,0,0,2
"Pico","ESTRADAS E RODOVIAS","COLISAO","MANHA","Sexta-feira",0,1,1,0,0,0,0,2
"Pico","ESTRADAS E RODOVIAS","COLISAO","TARDE","Sexta-feira",0,1,1,0,1,0,0,5
"Pico","VIAS URBANAS","COLISAO","TARDE","Sexta-feira",0,0,1,0,0,0,0,1
"Fora do Pico","VIAS URBANAS","COLISAO","TARDE","Sexta-feira",0,1,1,0,0,0,0,2
"Fora do Pico","VIAS URBANAS","COLISAO","TARDE","Sexta-feira",0,0,1,0,0,0,0,1
"Pico","VIAS URBANAS","COLISAO","NOITE","Sábado",1,1,1,0,0,0,0,2
"Pico","VIAS URBANAS","COLISAO","NOITE","Sábado",0,1,0,0,0,0,0,1
"Pico","VIAS URBANAS","OUTROS","NOITE","Sábado",0,1,0,0,0,0,0,1
"Pico","VIAS URBANAS","COLISAO","NOITE","Sábado",0,1,1,0,0,0,0,2
"Fora do Pico","VIAS URBANAS","ATROPELAMENTO","NOITE","Sábado",1,1,0,0,0,1,0,1
"Pico","VIAS URBANAS","OUTROS","NOITE","Sábado",1,0,1,0,0,0,0,1
"Fora do Pico","VIAS URBANAS","ATROPELAMENTO","TARDE","Sábado",0,1,1,0,0,1,0,2
"Fora do Pico","VIAS URBANAS","COLISAO","TARDE","Sábado",0,1,1,0,0,0,0,2
"Fora do Pico","VIAS URBANAS","OUTROS","TARDE","Sábado",0,0,1,0,0,0,0,1
"Fora do Pico","ESTRADAS E RODOVIAS","COLISAO","TARDE","Sábado",0,1,0,0,1,0,0,3
"Fora do Pico","ESTRADAS E RODOVIAS","OUTROS","MANHA","Sábado",0,0,1,0,0,0,0,1
"Fora do Pico","VIAS URBANAS","ATROPELAMENTO","TARDE","Sábado",0,0,0,1,0,1,0,1
"Fora do Pico","VIAS URBANAS","COLISAO","TARDE","Sábado",0,1,0,0,0,0,0,1
"Fora do Pico","VIAS URBANAS","COLISAO","TARDE","Sábado",0,2,0,0,0,0,0,2
"Pico","VIAS URBANAS","ATROPELAMENTO","NOITE","Sábado",0,1,0,0,0,1,0,1
"Fora do Pico","VIAS URBANAS","CHOQUE","NOITE","Sábado",0,1,0,0,0,0,0,1
"Fora do Pico","VIAS URBANAS","ATROPELAMENTO","NOITE","Sábado",0,1,0,0,0,1,0,1
"Fora do Pico","VIAS URBANAS","OUTROS","NOITE","Sábado",0,1,0,0,0,0,0,1
"Fora do Pico","VIAS URBANAS","COLISAO","NOITE","Sábado",0,1,0,0,0,0,0,2
"Fora do Pico","ESTRADAS E RODOVIAS","OUTROS","NOITE","Sábado",0,1,0,0,1,0,0,3
"Fora do Pico","VIAS URBANAS","COLISAO","MANHA","Sábado",0,1,1,0,0,0,0,2
"Pico","VIAS URBANAS","COLISAO","MANHA","Sábado",0,1,1,0,0,0,0,2
"Pico","VIAS URBANAS","COLISAO","TARDE","Sábado",0,2,1,0,0,0,0,3
"Pico","ESTRADAS E RODOVIAS","COLISAO","TARDE","Domingo",0,1,1,0,0,0,0,2
"Pico","VIAS URBANAS","OUTROS","TARDE","Domingo",0,0,1,0,0,0,0,1
"Fora do Pico","VIAS URBANAS","COLISAO","MADRUGADA","Domingo",1,1,0,0,0,0,1,1
"Fora do Pico","VIAS URBANAS","COLISAO","NOITE","Domingo",1,1,1,0,0,0,0,2
"Fora do Pico","ESTRADAS E RODOVIAS","ATROPELAMENTO","NOITE","Domingo",0,0,1,0,0,1,0,1
"Fora do Pico","ESTRADAS E RODOVIAS","COLISAO","NOITE","Domingo",0,2,1,0,0,0,0,3
"Fora do Pico","VIAS URBANAS","COLISAO","MADRUGADA","Domingo",0,1,1,0,0,0,0,2
"Fora do Pico","VIAS URBANAS","ATROPELAMENTO","NOITE","Domingo",0,0,0,0,0,1,0,0
"Fora do Pico","VIAS URBANAS","COLISAO","TARDE","Domingo",0,0,2,0,0,0,0,2
"Fora do Pico","VIAS URBANAS","COLISAO","TARDE","Domingo",0,1,0,0,0,0,1,1
"Pico","ESTRADAS E RODOVIAS","CHOQUE","TARDE","Domingo",0,1,0,0,0,0,0,1
"Fora do Pico","VIAS URBANAS","COLISAO","NOITE","Domingo",0,0,1,0,0,0,0,1
"Fora do Pico","VIAS URBANAS","ATROPELAMENTO","NOITE","Domingo",0,1,0,0,0,1,1,1
"Fora do Pico","ESTRADAS E RODOVIAS","OUTROS","MADRUGADA","Domingo",0,1,0,0,0,0,0,1
"Fora do Pico","ESTRADAS E RODOVIAS","COLISAO","MADRUGADA","Domingo",0,1,0,0,1,0,0,2
"Fora do Pico","VIAS URBANAS","COLISAO","MANHA","Domingo",0,1,1,0,0,0,0,2
"Fora do Pico","VIAS URBANAS","ATROPELAMENTO","MANHA","Domingo",0,1,0,0,0,1,0,1
"Fora do Pico","VIAS URBANAS","COLISAO","TARDE","Segunda-feira",0,1,1,0,0,0,0,2
"Fora do Pico","ESTRADAS E RODOVIAS","OUTROS","MANHA","Segunda-feira",0,1,0,0,0,0,0,1
"Fora do Pico","VIAS URBANAS","CHOQUE","TARDE","Segunda-feira",1,0,0,0,0,0,1,0
"Pico","VIAS URBANAS","COLISAO","NOITE","Segunda-feira",0,1,1,0,0,0,0,2
"Fora do Pico","VIAS URBANAS","COLISAO","NOITE","Segunda-feira",0,2,0,0,0,0,0,2
"Pico","VIAS URBANAS","OUTROS","TARDE","Segunda-feira",0,1,1,0,0,0,0,2
"Fora do Pico","VIAS URBANAS","COLISAO","NOITE","Segunda-feira",0,0,1,0,0,0,0,1
"Fora do Pico","VIAS URBANAS","COLISAO","TARDE","Segunda-feira",0,1,1,0,0,0,0,2
"Fora do Pico","VIAS URBANAS","NAO DISPONIVEL","NOITE","Segunda-feira",0,0,1,0,0,0,0,1
"Fora do Pico","VIAS URBANAS","NAO DISPONIVEL","NOITE","Segunda-feira",0,0,0,1,0,0,0,1
"Fora do Pico","VIAS URBANAS","COLISAO","MADRUGADA","Segunda-feira",0,1,1,0,0,0,0,2
"Pico","VIAS URBANAS","OUTROS","MANHA","Segunda-feira",0,1,0,0,0,0,0,1
"Pico","VIAS URBANAS","COLISAO","MANHA","Segunda-feira",0,1,1,0,0,0,0,2
"Pico","VIAS URBANAS","COLISAO","MANHA","Segunda-feira",0,1,1,0,0,0,0,2
"Pico","ESTRADAS E RODOVIAS","COLISAO","MANHA","Segunda-feira",0,2,0,0,0,0,0,2
"Fora do Pico","VIAS URBANAS","COLISAO","MANHA","Segunda-feira",0,2,0,0,0,0,0,2
"Pico","VIAS URBANAS","ATROPELAMENTO","MANHA","Segunda-feira",0,1,0,0,0,1,0,1
"Pico","VIAS URBANAS","OUTROS","TARDE","Segunda-feira",0,0,1,0,0,0,0,1
"Fora do Pico","VIAS URBANAS","COLISAO","TARDE","Segunda-feira",0,1,0,0,0,0,0,1
"Fora do Pico","VIAS URBANAS","COLISAO","TARDE","Terça-feira",0,1,1,0,0,0,0,2
"Pico","ESTRADAS E RODOVIAS","COLISAO","TARDE","Terça-feira",1,8,0,0,4,0,0,12
"Pico","VIAS URBANAS","COLISAO","TARDE","Terça-feira",0,1,1,0,0,0,0,2
"Fora do Pico","VIAS URBANAS","OUTROS","MANHA","Terça-feira",0,1,0,0,0,0,0,1
"Fora do Pico","VIAS URBANAS","COLISAO","TARDE","Terça-feira",0,1,1,0,0,0,0,2
"Pico","VIAS URBANAS","COLISAO","TARDE","Terça-feira",0,1,1,0,0,0,0,2
"Pico","VIAS URBANAS","CHOQUE","TARDE","Terça-feira",0,1,0,0,0,0,1,1
"Fora do Pico","VIAS URBANAS","OUTROS","TARDE","Terça-feira",0,0,1,0,0,0,0,1
"Fora do Pico","VIAS URBANAS","COLISAO","TARDE","Terça-feira",0,0,2,0,0,0,0,2
"Fora do Pico","VIAS URBANAS","CHOQUE","TARDE","Terça-feira",0,1,0,0,0,0,0,1
"Fora do Pico","VIAS URBANAS","COLISAO","MANHA","Terça-feira",0,1,1,0,0,0,0,2
"Pico","VIAS URBANAS","COLISAO","TARDE","Terça-feira",0,1,1,0,0,0,0,2
"Pico","VIAS URBANAS","OUTROS","TARDE","Terça-feira",0,0,1,0,0,0,0,1
"Fora do Pico","VIAS URBANAS","ATROPELAMENTO","NOITE","Terça-feira",0,1,0,0,0,1,0,1
"Fora do Pico","VIAS URBANAS","ATROPELAMENTO","NOITE","Terça-feira",0,1,0,0,0,2,0,1
"Fora do Pico","VIAS URBANAS","CHOQUE","MADRUGADA","Terça-feira",0,0,1,0,0,0,0,1
"Pico","ESTRADAS E RODOVIAS","OUTROS","MANHA","Terça-feira",0,0,1,0,0,0,0,1
"Pico","ESTRADAS E RODOVIAS","COLISAO","MANHA","Terça-feira",0,0,0,0,2,0,0,6
"Fora do Pico","VIAS URBANAS","COLISAO","MANHA","Terça-feira",0,0,0,0,0,0,1,1
"Fora do Pico","VIAS URBANAS","COLISAO","MANHA","Terça-feira",0,1,1,0,0,0,0,2
"Fora do Pico","VIAS URBANAS","COLISAO","MANHA","Terça-feira",0,1,1,0,0,0,0,2
"Fora do Pico","VIAS URBANAS","COLISAO","MANHA","Terça-feira",0,1,0,0,0,0,0,1
"Pico","VIAS URBANAS","COLISAO","MANHA","Terça-feira",0,1,1,0,0,0,0,2
"Pico","VIAS URBANAS","COLISAO","TARDE","Terça-feira",0,1,1,0,0,0,0,2
"Fora do Pico","VIAS URBANAS","CHOQUE","TARDE","Terça-feira",0,0,1,0,0,0,0,1
"Fora do Pico","ESTRADAS E RODOVIAS","OUTROS","MADRUGADA","Quarta-feira",0,0,1,0,0,0,0,1
"Fora do Pico","VIAS URBANAS","COLISAO","TARDE","Quarta-feira",0,1,1,0,0,0,0,2
"Pico","VIAS URBANAS","COLISAO","TARDE","Quarta-feira",0,1,1,0,0,0,0,2
"Fora do Pico","VIAS URBANAS","COLISAO","MANHA","Quarta-feira",0,2,0,0,0,0,0,2
"Fora do Pico","VIAS URBANAS","COLISAO","MADRUGADA","Quarta-feira",0,0,1,0,0,0,0,1
"Fora do Pico","VIAS URBANAS","COLISAO","TARDE","Quarta-feira",0,1,1,0,0,0,0,2
"Pico","VIAS URBANAS","COLISAO","MANHA","Quarta-feira",0,0,2,0,0,0,0,2
"Pico","VIAS URBANAS","ATROPELAMENTO","TARDE","Quarta-feira",0,1,0,0,0,1,0,1
"Fora do Pico","VIAS URBANAS","COLISAO","MANHA","Quarta-feira",0,0,1,1,0,0,0,2
"Fora do Pico","VIAS URBANAS","COLISAO","NOITE","Quarta-feira",0,0,2,0,0,0,0,2
"Fora do Pico","VIAS URBANAS","CHOQUE","MANHA","Quarta-feira",0,1,1,0,0,0,0,2
"Pico","VIAS URBANAS","COLISAO","MANHA","Quarta-feira",0,1,0,1,0,0,0,2
"Fora do Pico","VIAS URBANAS","COLISAO","TARDE","Quarta-feira",0,2,1,0,0,0,0,3
"Fora do Pico","VIAS URBANAS","NAO DISPONIVEL","MANHA","Quarta-feira",0,0,1,0,0,0,0,1
"Fora do Pico","VIAS URBANAS","COLISAO","TARDE","Quarta-feira",0,0,1,0,0,0,1,1
"Pico","VIAS URBANAS","OUTROS","TARDE","Quarta-feira",1,1,0,0,0,0,0,1
"Fora do Pico","ESTRADAS E RODOVIAS","OUTROS","NOITE","Quarta-feira",0,0,1,0,0,0,0,1
"Fora do Pico","VIAS URBANAS","COLISAO","MADRUGADA","Quarta-feira",0,1,1,0,0,0,0,2
"Pico","VIAS URBANAS","COLISAO","MANHA","Quarta-feira",0,1,0,0,0,0,0,1
"Fora do Pico","VIAS URBANAS","COLISAO","MADRUGADA","Quarta-feira",0,1,1,0,0,0,0,2
"Pico","ESTRADAS E RODOVIAS","OUTROS","TARDE","Quarta-feira",0,1,0,0,0,0,0,1
"Pico","VIAS URBANAS","COLISAO","TARDE","Quarta-feira",0,1,1,0,0,0,0,2
"Fora do Pico","VIAS URBANAS","COLISAO","TARDE","Quarta-feira",0,1,0,0,0,0,0,1
"Pico","ESTRADAS E RODOVIAS","CHOQUE","TARDE","Quarta-feira",0,1,0,0,0,0,0,1
"Fora do Pico","VIAS URBANAS","COLISAO","NOITE","Quarta-feira",0,1,1,0,0,0,0,2
"Fora do Pico","VIAS URBANAS","COLISAO","MADRUGADA","Quarta-feira",0,0,1,0,0,0,0,1
"Fora do Pico","VIAS URBANAS","OUTROS","MADRUGADA","Quarta-feira",0,0,1,0,0,0,0,1
"Fora do Pico","VIAS URBANAS","COLISAO","TARDE","Quinta-feira",0,1,1,0,0,0,0,2
"Fora do Pico","VIAS URBANAS","COLISAO","TARDE","Quinta-feira",0,0,1,0,0,0,0,2
"Fora do Pico","VIAS URBANAS","COLISAO","NOITE","Quinta-feira",0,1,0,0,0,0,0,1
"Fora do Pico","ESTRADAS E RODOVIAS","COLISAO","TARDE","Quinta-feira",0,0,2,0,0,0,0,2
"Fora do Pico","VIAS URBANAS","COLISAO","TARDE","Quinta-feira",0,0,2,0,0,0,0,2
"Fora do Pico","VIAS URBANAS","COLISAO","MANHA","Quinta-feira",0,3,0,0,0,0,0,3
"Fora do Pico","VIAS URBANAS","OUTROS","NOITE","Quinta-feira",0,0,1,0,0,0,0,1
"Pico","VIAS URBANAS","OUTROS","NOITE","Quinta-feira",0,1,0,0,0,0,0,1
"Pico","VIAS URBANAS","COLISAO","TARDE","Quinta-feira",0,1,1,0,0,0,0,2
"Pico","VIAS URBANAS","COLISAO","TARDE","Quinta-feira",0,1,1,0,0,0,0,2
"Fora do Pico","VIAS URBANAS","OUTROS","TARDE","Quinta-feira",0,0,1,0,0,0,0,1
"Fora do Pico","VIAS URBANAS","ATROPELAMENTO","NOITE","Quinta-feira",0,0,1,0,0,1,0,1
"Fora do Pico","VIAS URBANAS","CHOQUE","MADRUGADA","Quinta-feira",0,0,0,1,1,0,0,4
"Pico","ESTRADAS E RODOVIAS","COLISAO","MANHA","Quinta-feira",0,1,1,0,0,0,0,2
"Fora do Pico","VIAS URBANAS","COLISAO","MANHA","Quinta-feira",0,1,1,0,0,0,0,2
"Pico","VIAS URBANAS","CHOQUE","MANHA","Quinta-feira",0,1,0,0,0,0,0,1
"Pico","ESTRADAS E RODOVIAS","OUTROS","TARDE","Quinta-feira",0,1,0,0,0,0,0,1
"Pico","VIAS URBANAS","COLISAO","TARDE","Quinta-feira",0,1,1,0,0,0,0,2
"Fora do Pico","VIAS URBANAS","COLISAO","TARDE","Quinta-feira",0,1,1,0,0,0,0,2
"Fora do Pico","VIAS URBANAS","COLISAO","TARDE","Quinta-feira",0,1,1,0,0,0,0,2
"Fora do Pico","VIAS URBANAS","COLISAO","TARDE","Sexta-feira",0,1,1,0,0,0,0,2
"Fora do Pico","ESTRADAS E RODOVIAS","ATROPELAMENTO","NOITE","Sexta-feira",1,1,0,0,2,0,0,3
"Fora do Pico","VIAS URBANAS","COLISAO","NOITE","Sexta-feira",0,0,1,0,0,0,0,1
"Fora do Pico","ESTRADAS E RODOVIAS","COLISAO","MANHA","Sexta-feira",0,0,2,0,0,0,0,2
"Fora do Pico","ESTRADAS E RODOVIAS","CHOQUE","TARDE","Sexta-feira",0,0,1,0,0,0,0,1
"Fora do Pico","ESTRADAS E RODOVIAS","COLISAO","TARDE","Sexta-feira",0,1,0,0,1,0,0,2
"Fora do Pico","VIAS URBANAS","COLISAO","TARDE","Sexta-feira",0,1,0,0,0,0,0,1
"Fora do Pico","ESTRADAS E RODOVIAS","CHOQUE","TARDE","Sexta-feira",0,1,0,0,0,0,0,1
"Fora do Pico","VIAS URBANAS","CHOQUE","MANHA","Sexta-feira",0,0,0,0,1,0,0,1
"Fora do Pico","VIAS URBANAS","OUTROS","NOITE","Sexta-feira",0,0,1,0,0,0,0,1
"Fora do Pico","VIAS URBANAS","COLISAO","TARDE","Sexta-feira",0,0,1,0,1,0,0,2
"Fora do Pico","VIAS URBANAS","COLISAO","MADRUGADA","Sexta-feira",0,2,0,0,0,0,0,2
"Pico","VIAS URBANAS","COLISAO","NOITE","Sexta-feira",0,0,1,0,0,0,0,1
"Pico","ESTRADAS E RODOVIAS","OUTROS","NOITE","Sexta-feira",0,1,0,0,0,0,0,1
"Fora do Pico","VIAS URBANAS","COLISAO","NOITE","Sexta-feira",0,1,0,0,0,0,0,1
"Fora do Pico","VIAS URBANAS","COLISAO","NOITE","Sexta-feira",0,1,1,0,0,0,0,2
"Fora do Pico","VIAS URBANAS","ATROPELAMENTO","NOITE","Sexta-feira",0,0,0,0,0,2,0,1
"Pico","VIAS URBANAS","COLISAO","MANHA","Sexta-feira",0,1,1,0,0,0,0,2
"Pico","VIAS URBANAS","COLISAO","MANHA","Sexta-feira",0,0,2,0,0,0,0,2
"Fora do Pico","ESTRADAS E RODOVIAS","OUTROS","MANHA","Sexta-feira",0,0,1,0,0,0,0,1
"Fora do Pico","ESTRADAS E RODOVIAS","OUTROS","MANHA","Sexta-feira",0,0,0,0,1,0,0,2
"Pico","VIAS URBANAS","COLISAO","MANHA","Sexta-feira",0,0,1,0,0,0,0,1
"Fora do Pico","ESTRADAS E RODOVIAS","ATROPELAMENTO","NOITE","Sexta-feira",0,0,1,0,0,1,0,1
"Pico","VIAS URBANAS","COLISAO","TARDE","Sexta-feira",0,0,1,0,0,0,0,1
"Fora do Pico","ESTRADAS E RODOVIAS","OUTROS","TARDE","Sexta-feira",0,0,1,0,0,0,0,1
"Fora do Pico","VIAS URBANAS","ATROPELAMENTO","TARDE","Sexta-feira",0,1,0,0,0,0,1,1
"Pico","VIAS URBANAS","COLISAO","MANHA","Sábado",0,0,1,0,1,0,0,2
"Pico","ESTRADAS E RODOVIAS","COLISAO","TARDE","Sábado",1,0,1,0,1,0,0,2
"Fora do Pico","VIAS URBANAS","OUTROS","NOITE","Sábado",0,2,1,0,0,0,0,3
"Fora do Pico","VIAS URBANAS","COLISAO","TARDE","Sábado",0,1,1,0,0,0,0,2
"Pico","VIAS URBANAS","COLISAO","TARDE","Sábado",0,1,0,0,2,0,0,5
"Fora do Pico","VIAS URBANAS","ATROPELAMENTO","TARDE","Sábado",0,1,0,0,0,1,0,1
"Fora do Pico","VIAS URBANAS","COLISAO","TARDE","Sábado",0,0,1,0,0,0,0,1
"Pico","VIAS URBANAS","COLISAO","TARDE","Sábado",0,1,1,0,0,0,0,2
"Fora do Pico","VIAS URBANAS","COLISAO","TARDE","Sábado",0,0,1,0,0,0,0,1
"Fora do Pico","VIAS URBANAS","ATROPELAMENTO","TARDE","Sábado",0,0,1,0,0,1,1,1
"Fora do Pico","VIAS URBANAS","OUTROS","MADRUGADA","Sábado",0,0,1,0,0,0,0,1
"Fora do Pico","VIAS URBANAS","CHOQUE","TARDE","Sábado",0,0,1,0,0,0,0,1
"Pico","VIAS URBANAS","ATROPELAMENTO","NOITE","Sábado",0,1,0,0,0,1,0,1
"Fora do Pico","VIAS URBANAS","COLISAO","NOITE","Sábado",0,1,1,0,0,0,0,2
"Fora do Pico","VIAS URBANAS","COLISAO","NOITE","Sábado",0,0,1,0,0,0,0,1
"Fora do Pico","VIAS URBANAS","COLISAO","NOITE","Sábado",0,1,1,0,0,0,0,2
"Fora do Pico","ESTRADAS E RODOVIAS","OUTROS","MADRUGADA","Sábado",0,1,0,0,0,0,0,1
"Pico","VIAS URBANAS","OUTROS","MANHA","Sábado",0,0,1,0,0,0,0,1
"Fora do Pico","ESTRADAS E RODOVIAS","COLISAO","TARDE","Sábado",0,1,0,0,1,0,0,2
"Fora do Pico","VIAS URBANAS","COLISAO","MANHA","Sábado",0,1,1,0,0,0,0,2
"Pico","VIAS URBANAS","OUTROS","TARDE","Sábado",0,3,0,0,0,0,0,3
"Fora do Pico","VIAS URBANAS","COLISAO","MANHA","Domingo",0,1,1,0,0,0,0,2
"Fora do Pico","VIAS URBANAS","COLISAO","TARDE","Domingo",0,1,1,0,0,0,0,2
"Fora do Pico","VIAS URBANAS","CHOQUE","MADRUGADA","Domingo",1,0,1,0,0,0,0,1
"Pico","VIAS URBANAS","CHOQUE","TARDE","Domingo",1,0,1,0,0,0,0,1
"Fora do Pico","VIAS URBANAS","COLISAO","NOITE","Domingo",0,1,1,0,0,0,0,2
"Pico","VIAS URBANAS","COLISAO","NOITE","Domingo",0,2,0,0,0,0,0,2
"Pico","VIAS URBANAS","COLISAO","MANHA","Domingo",0,1,1,0,0,0,0,2
"Fora do Pico","VIAS URBANAS","COLISAO","NOITE","Domingo",0,1,1,0,0,0,0,2
"Fora do Pico","VIAS URBANAS","COLISAO","TARDE","Domingo",0,2,0,0,0,0,0,2
"Fora do Pico","VIAS URBANAS","OUTROS","TARDE","Domingo",0,0,1,0,0,0,0,1
"Pico","VIAS URBANAS","COLISAO","NOITE","Domingo",0,1,1,0,0,0,0,2
"Fora do Pico","VIAS URBANAS","COLISAO","NOITE","Domingo",0,0,1,0,0,0,0,1
"Fora do Pico","VIAS URBANAS","COLISAO","NOITE","Domingo",0,1,1,0,0,0,0,2
"Fora do Pico","VIAS URBANAS","OUTROS","MADRUGADA","Domingo",0,0,1,0,0,0,0,1
"Fora do Pico","ESTRADAS E RODOVIAS","COLISAO","NOITE","Domingo",0,1,1,0,0,0,0,2
"Fora do Pico","VIAS URBANAS","COLISAO","MADRUGADA","Domingo",0,1,1,0,0,0,0,2
"Pico","VIAS URBANAS","COLISAO","NOITE","Segunda-feira",0,0,1,1,0,0,0,2
"Pico","VIAS URBANAS","COLISAO","TARDE","Segunda-feira",0,1,1,0,0,0,0,2
"Fora do Pico","VIAS URBANAS","COLISAO","NOITE","Segunda-feira",0,1,0,0,0,0,0,1
"Fora do Pico","VIAS URBANAS","ATROPELAMENTO","TARDE","Segunda-feira",0,0,1,0,0,1,0,1
"Fora do Pico","VIAS URBANAS","COLISAO","TARDE","Segunda-feira",0,1,1,0,0,0,0,2
"Fora do Pico","VIAS URBANAS","COLISAO","TARDE","Segunda-feira",0,1,1,0,0,0,0,2
"Pico","VIAS URBANAS","COLISAO","MANHA","Segunda-feira",0,1,1,0,0,0,0,2
"Pico","VIAS URBANAS","COLISAO","NOITE","Segunda-feira",0,1,1,0,0,0,0,2
"Pico","VIAS URBANAS","COLISAO","NOITE","Segunda-feira",0,1,1,0,0,0,0,2
"Fora do Pico","VIAS URBANAS","COLISAO","NOITE","Segunda-feira",0,1,1,0,0,0,0,2
"Fora do Pico","VIAS URBANAS","COLISAO","MADRUGADA","Segunda-feira",0,1,1,0,0,0,0,2
"Fora do Pico","VIAS URBANAS","COLISAO","MANHA","Segunda-feira",0,1,1,0,0,0,0,2
"Pico","VIAS URBANAS","COLISAO","MANHA","Segunda-feira",0,0,2,0,0,0,0,2
"Pico","VIAS URBANAS","CHOQUE","MANHA","Segunda-feira",0,1,1,0,0,0,0,2
"Pico","ESTRADAS E RODOVIAS","OUTROS","MANHA","Segunda-feira",0,0,1,0,0,0,0,1
"Fora do Pico","VIAS URBANAS","COLISAO","MANHA","Segunda-feira",0,1,1,0,0,0,0,2
"Fora do Pico","ESTRADAS E RODOVIAS","OUTROS","TARDE","Segunda-feira",0,0,1,0,0,0,0,1
"Fora do Pico","ESTRADAS E RODOVIAS","COLISAO","MANHA","Segunda-feira",0,1,1,0,0,0,0,2
"Fora do Pico","VIAS URBANAS","COLISAO","MANHA","Segunda-feira",0,1,1,0,0,0,0,2
"Pico","ESTRADAS E RODOVIAS","OUTROS","MANHA","Segunda-feira",0,0,0,0,1,0,0,2
"Fora do Pico","VIAS URBANAS","COLISAO","TARDE","Segunda-feira",0,0,0,0,0,0,1,0
"Fora do Pico","VIAS URBANAS","OUTROS","TARDE","Terça-feira",0,0,1,0,0,0,0,1
"Pico","VIAS URBANAS","COLISAO","MANHA","Terça-feira",0,0,2,0,0,0,0,2
"Fora do Pico","VIAS URBANAS","COLISAO","TARDE","Terça-feira",0,2,0,0,0,0,0,2
"Fora do Pico","VIAS URBANAS","OUTROS","MANHA","Terça-feira",1,0,1,0,0,0,0,1
"Fora do Pico","VIAS URBANAS","OUTROS","TARDE","Terça-feira",0,1,0,0,0,0,0,1
"Pico","ESTRADAS E RODOVIAS","COLISAO","NOITE","Terça-feira",0,1,1,0,0,0,0,2
"Fora do Pico","VIAS URBANAS","COLISAO","TARDE","Terça-feira",0,1,0,0,0,0,0,1
"Fora do Pico","ESTRADAS E RODOVIAS","CHOQUE","MANHA","Terça-feira",0,1,0,0,0,0,0,1
"Fora do Pico","VIAS URBANAS","COLISAO","TARDE","Terça-feira",0,2,0,0,0,0,0,2
"Fora do Pico","ESTRADAS E RODOVIAS","COLISAO","NOITE","Terça-feira",0,2,0,0,0,0,0,2
"Fora do Pico","VIAS URBANAS","COLISAO","TARDE","Terça-feira",0,0,2,0,0,0,0,2
"Pico","VIAS URBANAS","COLISAO","TARDE","Terça-feira",0,0,2,0,0,0,0,2
"Fora do Pico","VIAS URBANAS","COLISAO","MANHA","Terça-feira",0,1,1,0,0,0,0,2
"Fora do Pico","VIAS URBANAS","ATROPELAMENTO","NOITE","Terça-feira",0,1,0,0,0,1,0,1
"Fora do Pico","VIAS URBANAS","OUTROS","NOITE","Terça-feira",0,3,0,0,0,0,0,3
"Fora do Pico","VIAS URBANAS","COLISAO","MADRUGADA","Terça-feira",0,1,1,0,0,0,0,2
"Pico","VIAS URBANAS","COLISAO","MANHA","Terça-feira",0,1,1,0,0,0,0,2
"Fora do Pico","VIAS URBANAS","COLISAO","MANHA","Terça-feira",0,1,0,0,0,0,0,1
"Fora do Pico","VIAS URBANAS","CHOQUE","MANHA","Terça-feira",0,1,0,0,0,0,0,1
"Fora do Pico","VIAS URBANAS","COLISAO","MANHA","Terça-feira",0,2,0,0,0,0,0,2
"Fora do Pico","VIAS URBANAS","NAO DISPONIVEL","MANHA","Terça-feira",0,1,1,0,0,0,0,2
"Fora do Pico","VIAS URBANAS","COLISAO","MANHA","Terça-feira",0,2,0,0,0,0,0,2
"Pico","VIAS URBANAS","COLISAO","TARDE","Terça-feira",0,1,1,0,0,0,0,2
"Pico","VIAS URBANAS","COLISAO","TARDE","Terça-feira",0,1,1,0,0,0,0,2
"Fora do Pico","ESTRADAS E RODOVIAS","CHOQUE","TARDE","Terça-feira",0,2,0,0,0,0,0,2
"Fora do Pico","VIAS URBANAS","COLISAO","TARDE","Terça-feira",0,0,1,0,1,0,0,2
"Pico","VIAS URBANAS","COLISAO","NOITE","Quarta-feira",0,1,1,0,0,0,0,2
"Pico","VIAS URBANAS","OUTROS","TARDE","Quarta-feira",0,0,1,0,0,0,0,1
"Fora do Pico","ESTRADAS E RODOVIAS","COLISAO","TARDE","Quarta-feira",0,0,1,0,0,0,0,1
"Fora do Pico","VIAS URBANAS","COLISAO","TARDE","Quarta-feira",0,1,1,0,0,0,0,2
"Pico","VIAS URBANAS","COLISAO","MANHA","Quarta-feira",0,1,1,0,0,0,0,2
"Fora do Pico","VIAS URBANAS","CHOQUE","TARDE","Quarta-feira",0,1,0,0,0,0,1,1
"Fora do Pico","VIAS URBANAS","COLISAO","TARDE","Quarta-feira",0,1,1,0,0,0,0,2
"Fora do Pico","VIAS URBANAS","COLISAO","TARDE","Quarta-feira",0,1,1,0,0,0,0,2
"Fora do Pico","VIAS URBANAS","CHOQUE","TARDE","Quarta-feira",0,0,1,0,0,0,0,1
"Pico","VIAS URBANAS","OUTROS","MANHA","Quarta-feira",0,0,1,0,0,0,0,1
"Fora do Pico","VIAS URBANAS","CHOQUE","MADRUGADA","Quarta-feira",0,0,1,0,0,0,0,1
"Fora do Pico","ESTRADAS E RODOVIAS","COLISAO","NOITE","Quarta-feira",0,1,1,0,0,0,0,2
"Fora do Pico","VIAS URBANAS","NAO DISPONIVEL","MADRUGADA","Quarta-feira",0,0,1,0,0,0,0,1
"Fora do Pico","ESTRADAS E RODOVIAS","ATROPELAMENTO","MADRUGADA","Quarta-feira",1,1,0,0,0,1,0,1
"Fora do Pico","VIAS URBANAS","OUTROS","NOITE","Quarta-feira",0,3,0,0,0,0,0,3
"Fora do Pico","VIAS URBANAS","COLISAO","MADRUGADA","Quarta-feira",0,1,0,0,0,0,0,1
"Pico","ESTRADAS E RODOVIAS","CHOQUE","MANHA","Quarta-feira",0,1,0,0,0,0,0,1
"Fora do Pico","VIAS URBANAS","CHOQUE","MANHA","Quarta-feira",0,1,0,0,0,0,0,1
"Pico","VIAS URBANAS","COLISAO","TARDE","Quarta-feira",0,1,1,0,0,0,0,2
"Fora do Pico","VIAS URBANAS","COLISAO","TARDE","Quarta-feira",0,2,0,0,0,0,0,2
"Fora do Pico","VIAS URBANAS","COLISAO","TARDE","Quarta-feira",0,1,1,0,0,0,0,2
"Fora do Pico","VIAS URBANAS","COLISAO","TARDE","Quarta-feira",0,1,1,0,0,0,0,2
"Fora do Pico","VIAS URBANAS","COLISAO","NOITE","Quarta-feira",0,1,0,0,0,0,0,1
"Pico","ESTRADAS E RODOVIAS","OUTROS","NOITE","Quarta-feira",0,0,1,0,0,0,0,1
"Fora do Pico","VIAS URBANAS","ATROPELAMENTO","NOITE","Quarta-feira",0,1,0,0,0,3,0,1
"Fora do Pico","VIAS URBANAS","OUTROS","NOITE","Quarta-feira",0,0,1,0,0,0,0,1
"Fora do Pico","ESTRADAS E RODOVIAS","OUTROS","MADRUGADA","Quarta-feira",0,1,0,0,0,0,0,1
"Fora do Pico","VIAS URBANAS","ATROPELAMENTO","MADRUGADA","Quarta-feira",0,0,1,0,0,1,0,1
"Fora do Pico","ESTRADAS E RODOVIAS","CHOQUE","MADRUGADA","Quarta-feira",0,1,0,0,0,0,0,1
"Fora do Pico","VIAS URBANAS","CHOQUE","TARDE","Quinta-feira",0,1,0,0,0,0,0,1
"Fora do Pico","VIAS URBANAS","OUTROS","MANHA","Quinta-feira",0,0,1,0,0,0,0,1
"Fora do Pico","VIAS URBANAS","COLISAO","MADRUGADA","Quinta-feira",1,1,1,0,0,0,0,2
"Fora do Pico","VIAS URBANAS","OUTROS","NOITE","Quinta-feira",0,0,1,0,0,0,0,1
"Fora do Pico","VIAS URBANAS","COLISAO","TARDE","Quinta-feira",0,1,1,0,0,0,0,2
"Pico","VIAS URBANAS","COLISAO","TARDE","Quinta-feira",0,1,1,0,0,0,0,2
"Fora do Pico","VIAS URBANAS","COLISAO","NOITE","Quinta-feira",0,1,0,0,0,0,0,1
"Pico","VIAS URBANAS","COLISAO","NOITE","Quinta-feira",0,1,0,0,0,0,0,1
"Pico","VIAS URBANAS","NAO DISPONIVEL","MANHA","Quinta-feira",0,0,1,0,0,0,0,1
"Pico","VIAS URBANAS","COLISAO","NOITE","Quinta-feira",0,1,1,0,0,0,0,2
"Fora do Pico","VIAS URBANAS","NAO DISPONIVEL","NOITE","Quinta-feira",0,0,1,0,0,0,0,1
"Fora do Pico","VIAS URBANAS","COLISAO","MADRUGADA","Quinta-feira",0,1,0,0,0,0,0,1
"Fora do Pico","VIAS URBANAS","COLISAO","NOITE","Quinta-feira",0,2,0,0,0,0,0,2
"Pico","ESTRADAS E RODOVIAS","COLISAO","MANHA","Quinta-feira",0,1,1,0,0,0,0,2
"Fora do Pico","VIAS URBANAS","CHOQUE","MANHA","Quinta-feira",0,1,0,0,0,0,0,1
"Pico","VIAS URBANAS","CHOQUE","TARDE","Quinta-feira",0,1,0,0,0,0,0,1
"Pico","VIAS URBANAS","COLISAO","TARDE","Quinta-feira",0,1,1,0,0,0,0,2
"Fora do Pico","VIAS URBANAS","NAO DISPONIVEL","TARDE","Quinta-feira",0,0,1,0,0,0,0,1
"Fora do Pico","NAO DISPONIVEL","COLISAO","MADRUGADA","Sexta-feira",1,1,0,0,0,0,0,1
"Fora do Pico","VIAS URBANAS","ATROPELAMENTO","TARDE","Sexta-feira",1,0,0,0,0,1,0,1
"Fora do Pico","VIAS URBANAS","ATROPELAMENTO","MANHA","Sexta-feira",1,1,0,0,0,1,0,1
"Fora do Pico","VIAS URBANAS","COLISAO","MANHA","Sexta-feira",0,1,0,0,0,0,0,1
"Pico","VIAS URBANAS","COLISAO","MANHA","Sexta-feira",0,0,2,0,0,0,0,2
"Fora do Pico","VIAS URBANAS","ATROPELAMENTO","TARDE","Sexta-feira",0,1,0,0,0,1,1,1
"Fora do Pico","VIAS URBANAS","COLISAO","MANHA","Sexta-feira",0,1,0,0,0,0,1,1
"Fora do Pico","VIAS URBANAS","COLISAO","MANHA","Sexta-feira",0,1,1,0,0,0,0,2
"Fora do Pico","VIAS URBANAS","CHOQUE","TARDE","Sexta-feira",0,2,0,0,0,0,0,2
"Fora do Pico","VIAS URBANAS","OUTROS","TARDE","Sexta-feira",0,0,0,1,0,0,0,1
"Pico","VIAS URBANAS","COLISAO","TARDE","Sexta-feira",0,1,1,0,0,0,0,2
"Fora do Pico","VIAS URBANAS","COLISAO","TARDE","Sexta-feira",0,1,1,0,0,0,0,2
"Pico","VIAS URBANAS","OUTROS","MANHA","Sexta-feira",0,0,1,0,0,0,0,1
"Fora do Pico","VIAS URBANAS","COLISAO","NOITE","Sexta-feira",0,1,1,0,0,0,0,2
"Pico","VIAS URBANAS","COLISAO","NOITE","Sexta-feira",0,1,1,0,0,0,0,2
"Fora do Pico","VIAS URBANAS","COLISAO","NOITE","Sexta-feira",0,2,0,0,0,0,0,2
"Fora do Pico","VIAS URBANAS","CHOQUE","NOITE","Sexta-feira",0,1,1,0,0,0,1,2
"Pico","VIAS URBANAS","COLISAO","MANHA","Sexta-feira",0,1,1,0,0,0,0,2
"Pico","ESTRADAS E RODOVIAS","COLISAO","MANHA","Sexta-feira",0,1,0,0,1,0,0,2
"Fora do Pico","VIAS URBANAS","OUTROS","MANHA","Sexta-feira",0,2,0,0,0,0,0,2
"Fora do Pico","VIAS URBANAS","COLISAO","MANHA","Sexta-feira",0,1,1,0,0,0,0,2
"Fora do Pico","VIAS URBANAS","COLISAO","MANHA","Sexta-feira",0,1,1,0,0,0,0,2
"Pico","ESTRADAS E RODOVIAS","COLISAO","TARDE","Sexta-feira",0,1,1,0,0,0,0,2
"Fora do Pico","VIAS URBANAS","COLISAO","TARDE","Sexta-feira",0,1,1,0,0,0,0,2
"Fora do Pico","VIAS URBANAS","CHOQUE","TARDE","Sexta-feira",0,1,0,0,0,0,1,1
"Pico","ESTRADAS E RODOVIAS","CHOQUE","NOITE","Sábado",1,0,0,0,1,0,0,1
"Fora do Pico","VIAS URBANAS","COLISAO","NOITE","Sábado",0,1,1,0,0,0,0,2
"Fora do Pico","ESTRADAS E RODOVIAS","COLISAO","TARDE","Sábado",1,1,0,0,1,0,0,2
"Fora do Pico","ESTRADAS E RODOVIAS","ATROPELAMENTO","NOITE","Sábado",1,1,0,0,0,1,0,1
"Fora do Pico","VIAS URBANAS","COLISAO","TARDE","Sábado",0,1,1,0,0,0,0,2
"Fora do Pico","VIAS URBANAS","ATROPELAMENTO","TARDE","Sábado",0,1,1,0,0,2,0,2
"Fora do Pico","ESTRADAS E RODOVIAS","COLISAO","NOITE","Sábado",0,2,0,0,0,0,0,2
"Fora do Pico","ESTRADAS E RODOVIAS","OUTROS","TARDE","Sábado",0,0,1,0,0,0,0,1
"Fora do Pico","VIAS URBANAS","COLISAO","TARDE","Sábado",0,1,0,0,0,0,0,1
"Fora do Pico","VIAS URBANAS","COLISAO","TARDE","Sábado",0,1,1,0,0,0,0,2
"Pico","VIAS URBANAS","OUTROS","TARDE","Sábado",0,1,0,0,0,0,0,1
"Fora do Pico","VIAS URBANAS","ATROPELAMENTO","MADRUGADA","Sábado",0,0,1,0,0,1,0,1
"Pico","VIAS URBANAS","COLISAO","NOITE","Sábado",0,2,0,0,0,0,0,2
"Fora do Pico","VIAS URBANAS","COLISAO","NOITE","Sábado",0,1,1,0,0,0,0,2
"Fora do Pico","VIAS URBANAS","COLISAO","NOITE","Sábado",0,1,1,0,0,0,0,2
"Fora do Pico","ESTRADAS E RODOVIAS","CHOQUE","NOITE","Sábado",0,1,0,0,0,0,0,1
"Fora do Pico","VIAS URBANAS","OUTROS","MADRUGADA","Sábado",0,0,1,0,0,0,0,1
"Fora do Pico","ESTRADAS E RODOVIAS","OUTROS","MANHA","Sábado",0,0,1,0,0,0,0,1
"Pico","VIAS URBANAS","COLISAO","MANHA","Sábado",0,2,0,0,0,0,0,2
"Pico","VIAS URBANAS","COLISAO","TARDE","Sábado",0,1,1,0,0,0,0,2
"Fora do Pico","VIAS URBANAS","NAO DISPONIVEL","MANHA","Domingo",0,0,1,0,0,0,0,1
"Fora do Pico","VIAS URBANAS","COLISAO","TARDE","Domingo",0,0,1,0,0,0,0,1
"Fora do Pico","VIAS URBANAS","NAO DISPONIVEL","TARDE","Domingo",0,0,1,0,0,0,0,1
"Pico","VIAS URBANAS","OUTROS","TARDE","Domingo",0,2,1,0,0,0,0,3
"Fora do Pico","VIAS URBANAS","COLISAO","MANHA","Domingo",0,1,1,0,0,0,0,2
"Fora do Pico","VIAS URBANAS","COLISAO","TARDE","Domingo",0,2,0,0,0,0,0,2
"Fora do Pico","VIAS URBANAS","COLISAO","TARDE","Domingo",0,2,0,0,0,0,0,2
"Pico","VIAS URBANAS","COLISAO","TARDE","Domingo",0,1,0,0,0,0,1,1
"Pico","VIAS URBANAS","NAO DISPONIVEL","NOITE","Domingo",0,0,1,0,0,0,0,1
"Fora do Pico","VIAS URBANAS","OUTROS","NOITE","Domingo",0,0,1,0,0,0,0,1
"Fora do Pico","VIAS URBANAS","COLISAO","NOITE","Domingo",0,1,1,0,0,0,0,2
"Fora do Pico","ESTRADAS E RODOVIAS","CHOQUE","NOITE","Domingo",0,1,0,0,0,0,0,1
"Fora do Pico","ESTRADAS E RODOVIAS","CHOQUE","MADRUGADA","Domingo",0,2,0,0,0,0,0,2
"Pico","VIAS URBANAS","COLISAO","MANHA","Domingo",0,1,1,0,0,0,0,2
"Fora do Pico","VIAS URBANAS","CHOQUE","MADRUGADA","Domingo",0,2,1,0,0,0,0,3
"Fora do Pico","VIAS URBANAS","COLISAO","NOITE","Segunda-feira",0,1,1,0,0,0,0,2
"Pico","VIAS URBANAS","COLISAO","TARDE","Segunda-feira",0,1,1,0,0,0,0,2
"Fora do Pico","ESTRADAS E RODOVIAS","COLISAO","TARDE","Segunda-feira",0,1,1,0,0,0,0,2
"Fora do Pico","VIAS URBANAS","COLISAO","MADRUGADA","Segunda-feira",0,0,2,0,0,0,0,2
"Pico","VIAS URBANAS","ATROPELAMENTO","MANHA","Segunda-feira",0,1,0,0,0,1,0,1
"Fora do Pico","VIAS URBANAS","ATROPELAMENTO","TARDE","Segunda-feira",0,1,0,0,0,0,0,1
"Fora do Pico","VIAS URBANAS","COLISAO","TARDE","Segunda-feira",0,1,1,0,0,0,0,2
"Fora do Pico","VIAS URBANAS","COLISAO","TARDE","Segunda-feira",0,2,0,0,0,0,0,2
"Pico","VIAS URBANAS","COLISAO","MANHA","Segunda-feira",0,0,1,0,0,0,0,1
"Fora do Pico","VIAS URBANAS","COLISAO","TARDE","Segunda-feira",0,0,2,0,0,0,0,2
"Fora do Pico","VIAS URBANAS","COLISAO","TARDE","Segunda-feira",0,1,1,0,0,0,0,2
"Fora do Pico","VIAS URBANAS","COLISAO","NOITE","Segunda-feira",0,1,1,0,0,0,0,2
"Fora do Pico","VIAS URBANAS","COLISAO","NOITE","Segunda-feira",0,2,0,0,0,0,0,2
"Fora do Pico","VIAS URBANAS","OUTROS","NOITE","Segunda-feira",0,1,0,0,0,0,0,1
"Pico","ESTRADAS E RODOVIAS","CHOQUE","MANHA","Segunda-feira",0,0,1,0,0,0,0,1
"Pico","VIAS URBANAS","COLISAO","MANHA","Segunda-feira",0,1,1,0,0,0,0,2
"Fora do Pico","VIAS URBANAS","OUTROS","MANHA","Segunda-feira",0,0,1,0,1,0,0,2
"Fora do Pico","VIAS URBANAS","OUTROS","MANHA","Segunda-feira",0,0,1,0,0,0,0,1
"Fora do Pico","ESTRADAS E RODOVIAS","CHOQUE","MANHA","Segunda-feira",0,1,0,0,0,0,0,1
"Fora do Pico","VIAS URBANAS","COLISAO","MANHA","Segunda-feira",0,1,1,0,0,0,0,2
"Pico","VIAS URBANAS","OUTROS","TARDE","Segunda-feira",0,1,1,0,0,0,0,2
"Pico","VIAS URBANAS","COLISAO","TARDE","Segunda-feira",0,1,0,0,0,0,1,1
"Pico","ESTRADAS E RODOVIAS","CHOQUE","TARDE","Segunda-feira",0,0,1,0,0,0,0,1
"Pico","VIAS URBANAS","CHOQUE","MANHA","Terça-feira",0,1,0,0,0,0,0,1
"Fora do Pico","VIAS URBANAS","ATROPELAMENTO","TARDE","Terça-feira",0,1,0,0,0,2,0,1
"Pico","VIAS URBANAS","ATROPELAMENTO","TARDE","Terça-feira",1,0,1,0,0,1,0,1
"Pico","ESTRADAS E RODOVIAS","OUTROS","TARDE","Terça-feira",0,1,0,0,0,0,0,1
"Fora do Pico","VIAS URBANAS","COLISAO","TARDE","Terça-feira",0,1,1,0,0,0,0,2
"Fora do Pico","VIAS URBANAS","COLISAO","NOITE","Terça-feira",0,1,1,0,0,0,0,2
"Fora do Pico","VIAS URBANAS","COLISAO","TARDE","Terça-feira",0,2,1,0,0,0,0,3
"Fora do Pico","VIAS URBANAS","ATROPELAMENTO","TARDE","Terça-feira",0,0,1,0,0,0,0,1
"Pico","VIAS URBANAS","COLISAO","TARDE","Terça-feira",0,0,1,1,0,0,0,2
"Pico","VIAS URBANAS","COLISAO","TARDE","Terça-feira",0,1,1,0,0,0,0,2
"Pico","VIAS URBANAS","OUTROS","NOITE","Terça-feira",0,1,0,0,0,0,0,1
"Fora do Pico","VIAS URBANAS","COLISAO","NOITE","Terça-feira",0,1,1,0,0,0,0,2
"Fora do Pico","ESTRADAS E RODOVIAS","OUTROS","MADRUGADA","Terça-feira",0,0,1,0,0,0,0,1
"Pico","ESTRADAS E RODOVIAS","COLISAO","MANHA","Terça-feira",0,1,1,0,0,0,0,2
"Fora do Pico","ESTRADAS E RODOVIAS","COLISAO","MANHA","Terça-feira",0,1,0,0,0,0,0,1
"Fora do Pico","VIAS URBANAS","COLISAO","MANHA","Terça-feira",0,0,0,2,0,0,0,2
"Fora do Pico","VIAS URBANAS","NAO DISPONIVEL","MANHA","Terça-feira",0,0,1,0,0,0,0,1
"Fora do Pico","VIAS URBANAS","COLISAO","MANHA","Terça-feira",0,1,1,0,0,0,0,2
"Pico","VIAS URBANAS","OUTROS","TARDE","Terça-feira",0,0,1,0,0,0,0,1
"Pico","VIAS URBANAS","COLISAO","TARDE","Terça-feira",0,2,0,0,0,0,0,2
"Fora do Pico","ESTRADAS E RODOVIAS","CHOQUE","TARDE","Terça-feira",0,1,0,0,0,0,0,1
"Fora do Pico","VIAS URBANAS","COLISAO","TARDE","Quarta-feira",1,0,0,1,0,0,1,1
"Fora do Pico","ESTRADAS E RODOVIAS","OUTROS","TARDE","Quarta-feira",0,0,0,0,1,0,0,1
"Fora do Pico","VIAS URBANAS","COLISAO","NOITE","Quarta-feira",0,1,2,0,0,0,0,3
"Pico","VIAS URBANAS","ATROPELAMENTO","TARDE","Quarta-feira",0,1,0,0,0,3,0,1
"Fora do Pico","VIAS URBANAS","OUTROS","TARDE","Quarta-feira",1,0,0,0,1,0,0,2
"Fora do Pico","VIAS URBANAS","COLISAO","TARDE","Quarta-feira",0,1,1,0,0,0,0,2
"Fora do Pico","VIAS URBANAS","ATROPELAMENTO","MANHA","Quarta-feira",0,0,1,0,0,1,0,1
"Fora do Pico","VIAS URBANAS","COLISAO","TARDE","Quarta-feira",0,1,1,0,0,0,0,2
"Pico","VIAS URBANAS","COLISAO","MANHA","Quarta-feira",0,1,0,0,1,0,0,2
"Pico","VIAS URBANAS","COLISAO","NOITE","Quarta-feira",0,1,1,0,0,0,0,2
"Pico","ESTRADAS E RODOVIAS","COLISAO","TARDE","Quarta-feira",0,1,1,0,0,0,0,2
"Pico","VIAS URBANAS","CHOQUE","NOITE","Quarta-feira",0,2,0,0,0,0,0,2
"Fora do Pico","VIAS URBANAS","CHOQUE","MANHA","Quarta-feira",1,1,0,0,0,0,0,1
"Fora do Pico","ESTRADAS E RODOVIAS","ATROPELAMENTO","MADRUGADA","Quarta-feira",1,0,0,0,0,1,0,1
"Pico","ESTRADAS E RODOVIAS","OUTROS","MANHA","Quarta-feira",0,1,0,0,0,0,0,1
"Pico","VIAS URBANAS","COLISAO","NOITE","Quarta-feira",0,0,1,0,0,0,1,1
"Fora do Pico","VIAS URBANAS","COLISAO","MADRUGADA","Quarta-feira",0,2,0,0,0,0,0,2
"Fora do Pico","VIAS URBANAS","COLISAO","NOITE","Quarta-feira",0,1,1,0,0,0,0,2
"Fora do Pico","ESTRADAS E RODOVIAS","OUTROS","MADRUGADA","Quarta-feira",0,0,1,0,0,0,0,1
"Pico","ESTRADAS E RODOVIAS","CHOQUE","MANHA","Quarta-feira",0,1,0,0,0,0,0,1
"Fora do Pico","ESTRADAS E RODOVIAS","COLISAO","MANHA","Quarta-feira",0,1,1,0,0,0,0,2
"Pico","VIAS URBANAS","CHOQUE","TARDE","Quarta-feira",0,1,0,0,0,0,0,1
"Fora do Pico","VIAS URBANAS","COLISAO","MADRUGADA","Quarta-feira",0,1,1,0,0,0,0,2
"Fora do Pico","VIAS URBANAS","NAO DISPONIVEL","MADRUGADA","Quarta-feira",0,0,1,0,0,0,0,1
"Fora do Pico","ESTRADAS E RODOVIAS","ATROPELAMENTO","NOITE","Quarta-feira",0,1,0,0,0,1,0,1
"Fora do Pico","ESTRADAS E RODOVIAS","OUTROS","MADRUGADA","Quarta-feira",0,3,0,0,0,0,0,3
"Pico","VIAS URBANAS","COLISAO","MANHA","Quinta-feira",0,1,1,0,0,0,0,2
"Pico","VIAS URBANAS","COLISAO","TARDE","Quinta-feira",0,0,1,0,1,0,0,2
"Pico","VIAS URBANAS","COLISAO","TARDE","Quinta-feira",0,2,0,0,0,0,0,2
"Fora do Pico","ESTRADAS E RODOVIAS","COLISAO","TARDE","Quinta-feira",0,1,1,0,0,0,0,2
"Fora do Pico","ESTRADAS E RODOVIAS","OUTROS","MANHA","Quinta-feira",0,0,1,0,0,0,0,1
"Fora do Pico","VIAS URBANAS","COLISAO","NOITE","Quinta-feira",0,1,1,0,0,0,0,2
"Fora do Pico","ESTRADAS E RODOVIAS","COLISAO","TARDE","Quinta-feira",0,2,0,0,0,0,0,2
"Pico","ESTRADAS E RODOVIAS","COLISAO","TARDE","Quinta-feira",0,1,1,0,0,0,0,2
"Fora do Pico","VIAS URBANAS","COLISAO","NOITE","Quinta-feira",0,1,1,0,0,0,0,2
"Fora do Pico","VIAS URBANAS","COLISAO","NOITE","Quinta-feira",0,0,1,1,0,0,0,2
"Fora do Pico","ESTRADAS E RODOVIAS","CHOQUE","MADRUGADA","Quinta-feira",0,1,0,0,0,0,0,1
"Fora do Pico","VIAS URBANAS","COLISAO","MANHA","Quinta-feira",0,1,1,0,0,0,0,2
"Fora do Pico","VIAS URBANAS","COLISAO","MANHA","Quinta-feira",0,1,1,0,0,0,0,2
"Pico","VIAS URBANAS","ATROPELAMENTO","MANHA","Quinta-feira",0,1,0,0,0,0,0,1
"Fora do Pico","VIAS URBANAS","COLISAO","TARDE","Quinta-feira",0,1,1,0,0,0,0,2
"Fora do Pico","VIAS URBANAS","COLISAO","TARDE","Quinta-feira",0,1,1,0,0,0,0,2
"Fora do Pico","ESTRADAS E RODOVIAS","CHOQUE","TARDE","Quinta-feira",0,1,0,0,0,0,0,1
"Fora do Pico","VIAS URBANAS","COLISAO","TARDE","Sexta-feira",0,0,1,1,0,0,0,2
"Pico","VIAS URBANAS","OUTROS","NOITE","Sexta-feira",1,0,1,0,0,0,0,1
"Fora do Pico","VIAS URBANAS","ATROPELAMENTO","MANHA","Sexta-feira",1,1,0,0,0,1,0,1
"Fora do Pico","ESTRADAS E RODOVIAS","COLISAO","MANHA","Sexta-feira",0,2,0,0,0,0,0,2
"Pico","ESTRADAS E RODOVIAS","COLISAO","MANHA","Sexta-feira",0,1,1,0,0,0,0,2
"Fora do Pico","VIAS URBANAS","NAO DISPONIVEL","MANHA","Sexta-feira",0,0,1,0,0,0,0,1
"Pico","VIAS URBANAS","COLISAO","MANHA","Sexta-feira",0,0,1,0,0,0,0,1
"Fora do Pico","VIAS URBANAS","COLISAO","TARDE","Sexta-feira",0,1,1,0,0,0,0,2
"Fora do Pico","ESTRADAS E RODOVIAS","COLISAO","TARDE","Sexta-feira",0,1,1,0,0,0,0,2
"Fora do Pico","ESTRADAS E RODOVIAS","CHOQUE","TARDE","Sexta-feira",0,1,0,0,0,0,0,1
"Pico","VIAS URBANAS","COLISAO","TARDE","Sexta-feira",0,1,1,0,0,0,0,2
"Pico","VIAS URBANAS","COLISAO","NOITE","Sexta-feira",0,1,0,0,0,0,0,1
"Pico","VIAS URBANAS","ATROPELAMENTO","NOITE","Sexta-feira",0,1,0,0,0,0,0,1
"Fora do Pico","VIAS URBANAS","COLISAO","NOITE","Sexta-feira",0,0,2,0,0,0,0,2
"Fora do Pico","VIAS URBANAS","ATROPELAMENTO","NOITE","Sexta-feira",0,0,1,0,0,1,0,1
"Fora do Pico","VIAS URBANAS","CHOQUE","NOITE","Sexta-feira",0,2,0,0,0,0,0,2
"Fora do Pico","VIAS URBANAS","COLISAO","MANHA","Sexta-feira",0,1,1,0,0,0,0,2
"Pico","VIAS URBANAS","OUTROS","MANHA","Sexta-feira",0,0,1,0,0,0,0,1
"Fora do Pico","VIAS URBANAS","COLISAO","MANHA","Sexta-feira",0,0,2,0,0,0,0,2
"Fora do Pico","VIAS URBANAS","COLISAO","MANHA","Sexta-feira",0,1,1,0,0,0,0,2
"Pico","VIAS URBANAS","COLISAO","TARDE","Sexta-feira",0,1,0,0,0,0,0,1
"Fora do Pico","VIAS URBANAS","COLISAO","MADRUGADA","Sexta-feira",0,1,0,0,0,0,0,1
"Fora do Pico","VIAS URBANAS","COLISAO","MANHA","Sexta-feira",0,1,1,0,0,0,0,2
"Fora do Pico","VIAS URBANAS","COLISAO","TARDE","Sexta-feira",0,1,1,0,0,0,0,2
"Fora do Pico","VIAS URBANAS","OUTROS","TARDE","Sexta-feira",0,0,1,0,0,0,0,1
"Pico","ESTRADAS E RODOVIAS","CHOQUE","MANHA","Sábado",0,1,0,0,1,0,0,2
"Fora do Pico","VIAS URBANAS","COLISAO","NOITE","Sábado",1,1,2,0,0,0,0,3
"Fora do Pico","VIAS URBANAS","CHOQUE","MANHA","Sábado",1,1,0,0,0,0,0,1
"Fora do Pico","VIAS URBANAS","COLISAO","NOITE","Sábado",0,1,1,0,0,0,0,2
"Fora do Pico","VIAS URBANAS","COLISAO","NOITE","Sábado",0,0,1,0,0,0,0,2
"Fora do Pico","ESTRADAS E RODOVIAS","COLISAO","TARDE","Sábado",0,1,1,0,0,0,0,2
"Pico","VIAS URBANAS","COLISAO","NOITE","Sábado",0,0,2,0,0,0,0,2
"Fora do Pico","VIAS URBANAS","COLISAO","TARDE","Sábado",0,0,1,0,0,0,1,1
"Fora do Pico","VIAS URBANAS","COLISAO","TARDE","Sábado",0,1,1,1,0,0,0,3
"Fora do Pico","ESTRADAS E RODOVIAS","OUTROS","MADRUGADA","Sábado",0,0,1,0,0,0,0,1
"Fora do Pico","VIAS URBANAS","ATROPELAMENTO","TARDE","Sábado",0,0,0,0,0,2,0,0
"Pico","VIAS URBANAS","COLISAO","NOITE","Sábado",0,1,1,0,0,0,0,2
"Fora do Pico","ESTRADAS E RODOVIAS","ATROPELAMENTO","NOITE","Sábado",0,1,0,0,0,0,0,1
"Fora do Pico","VIAS URBANAS","CHOQUE","NOITE","Sábado",0,1,1,0,0,0,0,2
"Fora do Pico","ESTRADAS E RODOVIAS","OUTROS","MADRUGADA","Sábado",0,1,0,0,0,0,0,1
"Pico","ESTRADAS E RODOVIAS","OUTROS","MANHA","Sábado",0,0,1,0,0,0,0,1
"Pico","VIAS URBANAS","COLISAO","MANHA","Sábado",0,1,1,0,0,0,0,2
"Pico","VIAS URBANAS","COLISAO","TARDE","Sábado",0,0,2,0,0,0,0,2
"Pico","VIAS URBANAS","COLISAO","TARDE","Sábado",0,1,1,0,0,0,0,2
"Pico","VIAS URBANAS","OUTROS","NOITE","Domingo",1,0,0,0,0,0,1,0
"Fora do Pico","VIAS URBANAS","COLISAO","TARDE","Domingo",0,2,0,0,0,0,0,2
"Fora do Pico","VIAS URBANAS","COLISAO","TARDE","Domingo",0,1,1,0,0,0,0,2
"Fora do Pico","VIAS URBANAS","COLISAO","MANHA","Domingo",0,2,0,0,0,0,0,2
"Fora do Pico","ESTRADAS E RODOVIAS","OUTROS","MANHA","Domingo",0,0,1,0,0,0,0,1
"Fora do Pico","VIAS URBANAS","CHOQUE","MADRUGADA","Domingo",0,3,0,0,0,0,0,3
"Pico","VIAS URBANAS","ATROPELAMENTO","TARDE","Domingo",0,1,0,0,0,2,0,1
"Pico","ESTRADAS E RODOVIAS","COLISAO","NOITE","Domingo",0,1,1,0,0,0,0,2
"Pico","VIAS URBANAS","COLISAO","MANHA","Domingo",0,1,0,0,1,0,0,4
"Pico","VIAS URBANAS","COLISAO","TARDE","Domingo",0,0,2,0,0,0,0,2
"Pico","VIAS URBANAS","COLISAO","TARDE","Domingo",0,0,1,0,1,0,0,2
"Fora do Pico","VIAS URBANAS","COLISAO","TARDE","Domingo",0,1,1,0,0,0,0,2
"Pico","ESTRADAS E RODOVIAS","COLISAO","TARDE","Domingo",0,2,0,0,0,0,0,2
"Fora do Pico","VIAS URBANAS","COLISAO","NOITE","Domingo",0,1,1,0,0,0,0,2
"Fora do Pico","VIAS URBANAS","COLISAO","NOITE","Domingo",0,1,1,0,0,0,0,2
"Fora do Pico","VIAS URBANAS","COLISAO","NOITE","Domingo",0,2,0,0,0,0,0,2
"Fora do Pico","VIAS URBANAS","NAO DISPONIVEL","MADRUGADA","Domingo",0,0,1,0,0,0,0,1
"Pico","VIAS URBANAS","COLISAO","MANHA","Domingo",0,1,0,0,0,0,0,1
"Fora do Pico","ESTRADAS E RODOVIAS","OUTROS","MANHA","Domingo",0,0,1,0,0,0,0,1
"Pico","ESTRADAS E RODOVIAS","CHOQUE","TARDE","Segunda-feira",0,1,0,0,0,0,0,1
"Fora do Pico","VIAS URBANAS","OUTROS","NOITE","Segunda-feira",0,0,1,0,0,0,0,1
"Fora do Pico","NAO DISPONIVEL","OUTROS","MADRUGADA","Segunda-feira",1,0,1,0,0,0,0,1
"Pico","ESTRADAS E RODOVIAS","CHOQUE","NOITE","Segunda-feira",0,1,0,0,0,0,0,1
"Fora do Pico","VIAS URBANAS","COLISAO","MANHA","Segunda-feira",0,1,1,0,0,0,0,2
"Fora do Pico","VIAS URBANAS","ATROPELAMENTO","NOITE","Segunda-feira",0,0,1,0,0,0,0,1
"Fora do Pico","VIAS URBANAS","COLISAO","NOITE","Segunda-feira",0,2,0,0,0,0,0,2
"Fora do Pico","ESTRADAS E RODOVIAS","COLISAO","NOITE","Segunda-feira",0,1,1,0,0,0,0,2
"Pico","VIAS URBANAS","COLISAO","TARDE","Segunda-feira",0,1,0,0,0,0,0,2
"Fora do Pico","VIAS URBANAS","COLISAO","MANHA","Segunda-feira",0,1,1,0,0,0,0,2
"Fora do Pico","ESTRADAS E RODOVIAS","OUTROS","TARDE","Segunda-feira",0,0,0,1,2,0,0,5
"Fora do Pico","ESTRADAS E RODOVIAS","OUTROS","TARDE","Segunda-feira",0,1,0,0,0,0,0,1
"Fora do Pico","VIAS URBANAS","COLISAO","MANHA","Segunda-feira",0,1,1,0,0,0,0,2
"Pico","VIAS URBANAS","ATROPELAMENTO","MANHA","Segunda-feira",0,1,0,0,0,0,1,1
"Pico","VIAS URBANAS","COLISAO","NOITE","Segunda-feira",0,1,1,0,0,0,0,2
"Fora do Pico","VIAS URBANAS","COLISAO","NOITE","Segunda-feira",0,1,1,0,0,0,0,2
"Fora do Pico","ESTRADAS E RODOVIAS","COLISAO","MADRUGADA","Segunda-feira",0,1,1,0,0,0,0,2
"Pico","VIAS URBANAS","COLISAO","MANHA","Segunda-feira",0,1,1,0,0,0,0,2
"Pico","VIAS URBANAS","COLISAO","MANHA","Segunda-feira",0,0,1,1,0,0,1,2
"Fora do Pico","ESTRADAS E RODOVIAS","COLISAO","MANHA","Segunda-feira",0,1,1,0,0,0,0,2
"Fora do Pico","VIAS URBANAS","COLISAO","MANHA","Segunda-feira",0,1,1,0,0,0,0,2
"Fora do Pico","VIAS URBANAS","COLISAO","MANHA","Segunda-feira",0,1,1,0,0,0,0,2
"Fora do Pico","VIAS URBANAS","COLISAO","MANHA","Segunda-feira",0,1,0,0,0,0,0,1
"Fora do Pico","VIAS URBANAS","COLISAO","MANHA","Segunda-feira",0,1,1,0,0,0,0,2
"Fora do Pico","VIAS URBANAS","OUTROS","MADRUGADA","Segunda-feira",0,0,1,0,0,0,0,1
"Fora do Pico","VIAS URBANAS","COLISAO","TARDE","Terça-feira",0,1,1,0,0,0,0,2
"Fora do Pico","ESTRADAS E RODOVIAS","CHOQUE","NOITE","Terça-feira",0,0,1,0,0,0,0,1
"Fora do Pico","VIAS URBANAS","COLISAO","TARDE","Terça-feira",0,1,1,0,0,0,0,2
"Fora do Pico","VIAS URBANAS","COLISAO","NOITE","Terça-feira",0,1,0,1,0,0,0,2
"Fora do Pico","VIAS URBANAS","COLISAO","TARDE","Terça-feira",0,0,1,0,0,0,0,1
"Pico","VIAS URBANAS","COLISAO","TARDE","Terça-feira",0,0,0,0,0,0,0,0
"Pico","VIAS URBANAS","COLISAO","MANHA","Terça-feira",0,0,1,0,0,0,1,1
"Fora do Pico","VIAS URBANAS","COLISAO","NOITE","Terça-feira",0,1,1,0,0,0,0,2
"Fora do Pico","VIAS URBANAS","COLISAO","TARDE","Terça-feira",0,1,0,0,0,0,0,1
"Pico","VIAS URBANAS","COLISAO","TARDE","Terça-feira",0,1,0,0,0,0,1,1
"Pico","VIAS URBANAS","COLISAO","NOITE","Terça-feira",0,2,1,0,0,0,0,3
"Pico","VIAS URBANAS","COLISAO","NOITE","Terça-feira",0,1,1,0,0,0,0,2
"Fora do Pico","VIAS URBANAS","COLISAO","NOITE","Terça-feira",0,0,1,0,0,0,0,1
"Fora do Pico","VIAS URBANAS","ATROPELAMENTO","MADRUGADA","Terça-feira",0,0,0,1,0,1,0,1
"Pico","VIAS URBANAS","COLISAO","MANHA","Terça-feira",0,1,1,0,0,0,0,2
"Fora do Pico","VIAS URBANAS","COLISAO","MANHA","Terça-feira",0,1,1,0,0,0,0,2
"Fora do Pico","ESTRADAS E RODOVIAS","OUTROS","MANHA","Terça-feira",0,0,1,0,0,0,0,1
"Fora do Pico","ESTRADAS E RODOVIAS","OUTROS","MADRUGADA","Terça-feira",0,0,0,0,1,0,0,1
"Fora do Pico","ESTRADAS E RODOVIAS","COLISAO","MANHA","Terça-feira",0,1,0,1,0,0,0,2
"Pico","VIAS URBANAS","COLISAO","TARDE","Terça-feira",0,3,0,0,0,0,0,3
"Fora do Pico","VIAS URBANAS","CHOQUE","MADRUGADA","Terça-feira",0,0,1,0,0,0,0,1
"Pico","VIAS URBANAS","COLISAO","TARDE","Quarta-feira",1,1,1,0,0,0,0,3
"Fora do Pico","ESTRADAS E RODOVIAS","OUTROS","TARDE","Quarta-feira",0,0,0,0,1,0,0,1
"Fora do Pico","VIAS URBANAS","COLISAO","TARDE","Quarta-feira",0,1,1,0,0,0,0,2
"Fora do Pico","ESTRADAS E RODOVIAS","COLISAO","TARDE","Quarta-feira",0,1,1,0,0,0,0,2
"Pico","VIAS URBANAS","COLISAO","TARDE","Quarta-feira",0,1,1,0,0,0,0,2
"Fora do Pico","VIAS URBANAS","COLISAO","TARDE","Quarta-feira",0,1,0,0,0,0,0,1
"Pico","VIAS URBANAS","COLISAO","TARDE","Quarta-feira",0,1,1,0,0,0,0,2
"Pico","VIAS URBANAS","COLISAO","TARDE","Quarta-feira",0,1,1,0,0,0,0,2
"Fora do Pico","VIAS URBANAS","CHOQUE","MADRUGADA","Quarta-feira",1,0,1,0,0,0,0,1
"Pico","ESTRADAS E RODOVIAS","CHOQUE","TARDE","Quarta-feira",0,1,0,0,0,0,0,1
"Pico","ESTRADAS E RODOVIAS","COLISAO","NOITE","Quarta-feira",0,1,1,0,0,0,0,2
"Pico","VIAS URBANAS","COLISAO","MANHA","Quarta-feira",0,1,0,0,0,0,0,1
"Pico","VIAS URBANAS","COLISAO","MANHA","Quarta-feira",0,1,1,0,0,0,0,2
"Fora do Pico","VIAS URBANAS","COLISAO","MADRUGADA","Quarta-feira",0,0,1,0,0,0,0,1
"Fora do Pico","VIAS URBANAS","CHOQUE","MANHA","Quarta-feira",0,1,0,0,0,0,0,1
"Fora do Pico","ESTRADAS E RODOVIAS","COLISAO","NOITE","Quarta-feira",0,1,1,0,0,0,0,2
"Fora do Pico","ESTRADAS E RODOVIAS","COLISAO","MADRUGADA","Quarta-feira",0,2,0,0,0,0,0,2
"Fora do Pico","VIAS URBANAS","OUTROS","NOITE","Quarta-feira",0,0,1,0,0,0,0,1
"Fora do Pico","VIAS URBANAS","ATROPELAMENTO","MANHA","Quarta-feira",0,0,1,0,0,0,0,1
"Pico","VIAS URBANAS","OUTROS","MANHA","Quarta-feira",0,1,0,0,0,0,0,1
"Fora do Pico","VIAS URBANAS","COLISAO","MANHA","Quarta-feira",0,1,1,0,0,0,0,2
"Fora do Pico","VIAS URBANAS","COLISAO","MADRUGADA","Quarta-feira",0,0,2,0,0,0,0,2
"Fora do Pico","ESTRADAS E RODOVIAS","ATROPELAMENTO","TARDE","Quarta-feira",0,1,0,0,0,0,0,2
"Pico","VIAS URBANAS","COLISAO","NOITE","Quarta-feira",0,0,1,0,0,0,0,1
"Fora do Pico","VIAS URBANAS","OUTROS","NOITE","Quarta-feira",0,0,1,0,0,0,0,1
"Pico","VIAS URBANAS","CHOQUE","NOITE","Quarta-feira",0,0,0,0,1,0,0,1
"Fora do Pico","VIAS URBANAS","CHOQUE","NOITE","Quarta-feira",0,0,1,0,0,0,0,1
"Fora do Pico","VIAS URBANAS","ATROPELAMENTO","NOITE","Quarta-feira",0,1,0,0,0,1,0,1
"Fora do Pico","VIAS URBANAS","COLISAO","MADRUGADA","Quarta-feira",0,1,0,0,0,0,1,1
"Fora do Pico","ESTRADAS E RODOVIAS","COLISAO","NOITE","Quinta-feira",1,1,2,0,1,0,0,4
"Pico","VIAS URBANAS","COLISAO","MANHA","Quinta-feira",0,0,2,0,0,0,0,2
"Pico","VIAS URBANAS","COLISAO","TARDE","Quinta-feira",0,1,1,0,0,0,0,2
"Fora do Pico","VIAS URBANAS","OUTROS","MADRUGADA","Quinta-feira",0,1,0,0,0,0,0,1
"Fora do Pico","VIAS URBANAS","ATROPELAMENTO","TARDE","Quinta-feira",0,1,0,0,0,1,0,1
"Fora do Pico","VIAS URBANAS","ATROPELAMENTO","NOITE","Quinta-feira",0,1,0,0,0,0,0,1
"Fora do Pico","VIAS URBANAS","COLISAO","MANHA","Quinta-feira",0,1,0,2,0,0,0,3
"Pico","VIAS URBANAS","COLISAO","MANHA","Quinta-feira",0,1,1,0,0,0,0,2
"Fora do Pico","ESTRADAS E RODOVIAS","COLISAO","TARDE","Quinta-feira",0,2,1,0,0,0,0,3
"Fora do Pico","VIAS URBANAS","ATROPELAMENTO","NOITE","Quinta-feira",0,1,0,0,0,2,0,1
"Fora do Pico","VIAS URBANAS","OUTROS","NOITE","Quinta-feira",0,0,1,0,0,0,0,1
"Pico","VIAS URBANAS","COLISAO","MANHA","Quinta-feira",0,1,1,0,0,0,0,2
"Fora do Pico","ESTRADAS E RODOVIAS","COLISAO","MANHA","Quinta-feira",0,0,1,0,1,0,0,2
"Fora do Pico","ESTRADAS E RODOVIAS","COLISAO","MANHA","Quinta-feira",0,0,2,0,0,0,0,2
"Pico","VIAS URBANAS","COLISAO","TARDE","Quinta-feira",0,0,2,0,0,0,0,2
"Fora do Pico","VIAS URBANAS","NAO DISPONIVEL","TARDE","Quinta-feira",0,0,1,0,0,0,0,1
"Pico","ESTRADAS E RODOVIAS","OUTROS","TARDE","Quinta-feira",0,3,0,0,0,0,0,3
"Fora do Pico","VIAS URBANAS","CHOQUE","TARDE","Quinta-feira",0,1,0,0,0,0,0,1
"Fora do Pico","VIAS URBANAS","CHOQUE","MADRUGADA","Sexta-feira",1,1,0,0,0,0,0,1
"Pico","VIAS URBANAS","ATROPELAMENTO","MANHA","Sexta-feira",1,0,0,1,0,1,0,1
"Fora do Pico","VIAS URBANAS","COLISAO","MANHA","Sexta-feira",1,2,1,0,0,0,0,3
"Pico","VIAS URBANAS","COLISAO","MANHA","Sexta-feira",0,0,1,0,1,0,0,2
"Pico","VIAS URBANAS","COLISAO","MANHA","Sexta-feira",0,0,1,0,0,0,0,1
"Fora do Pico","VIAS URBANAS","OUTROS","TARDE","Sexta-feira",0,0,1,0,0,0,0,1
"Fora do Pico","ESTRADAS E RODOVIAS","COLISAO","MADRUGADA","Sexta-feira",0,1,0,0,1,0,0,2
"Pico","VIAS URBANAS","COLISAO","TARDE","Sexta-feira",0,1,1,0,0,0,0,2
"Pico","VIAS URBANAS","COLISAO","TARDE","Sexta-feira",0,1,1,0,0,0,0,2
"Pico","ESTRADAS E RODOVIAS","COLISAO","NOITE","Sexta-feira",0,1,1,0,0,0,0,2
"Fora do Pico","VIAS URBANAS","ATROPELAMENTO","NOITE","Sexta-feira",0,1,0,0,0,1,0,1
"Fora do Pico","VIAS URBANAS","COLISAO","NOITE","Sexta-feira",0,0,2,0,0,0,0,2
"Pico","VIAS URBANAS","OUTROS","MANHA","Sexta-feira",0,0,1,0,0,0,0,1
"Fora do Pico","VIAS URBANAS","COLISAO","MANHA","Sexta-feira",0,0,0,1,0,0,0,1
"Fora do Pico","VIAS URBANAS","COLISAO","MANHA","Sexta-feira",0,1,0,0,0,0,0,1
"Pico","ESTRADAS E RODOVIAS","COLISAO","MANHA","Sexta-feira",0,1,1,0,0,0,0,2
"Pico","VIAS URBANAS","COLISAO","MANHA","Sexta-feira",0,1,1,0,0,0,0,2
"Pico","VIAS URBANAS","COLISAO","TARDE","Sexta-feira",0,1,1,0,0,0,0,2
"Pico","VIAS URBANAS","COLISAO","TARDE","Sexta-feira",0,1,1,0,0,0,0,2
"Pico","ESTRADAS E RODOVIAS","CHOQUE","TARDE","Sexta-feira",0,1,0,0,0,0,0,1
"Fora do Pico","VIAS URBANAS","COLISAO","TARDE","Sexta-feira",0,3,0,0,0,0,0,3
"Pico","ESTRADAS E RODOVIAS","CHOQUE","NOITE","Sábado",1,1,0,0,0,0,0,1
"Fora do Pico","VIAS URBANAS","COLISAO","TARDE","Sábado",0,1,1,0,0,0,0,2
"Fora do Pico","VIAS URBANAS","COLISAO","NOITE","Sábado",0,1,1,0,0,0,0,2
"Fora do Pico","ESTRADAS E RODOVIAS","CHOQUE","NOITE","Sábado",0,1,0,0,0,0,0,1
"Fora do Pico","VIAS URBANAS","COLISAO","NOITE","Sábado",0,4,0,0,0,0,0,4
"Fora do Pico","ESTRADAS E RODOVIAS","ATROPELAMENTO","NOITE","Sábado",0,1,0,0,0,1,1,1
"Fora do Pico","VIAS URBANAS","COLISAO","MANHA","Sábado",0,1,1,0,0,0,0,2
"Fora do Pico","VIAS URBANAS","COLISAO","NOITE","Sábado",0,1,1,0,0,0,0,2
"Fora do Pico","VIAS URBANAS","COLISAO","TARDE","Sábado",0,1,1,0,0,0,0,2
"Fora do Pico","VIAS URBANAS","COLISAO","TARDE","Sábado",0,0,1,1,0,0,0,2
"Pico","VIAS URBANAS","CHOQUE","TARDE","Sábado",0,0,1,0,0,0,0,1
"Fora do Pico","VIAS URBANAS","COLISAO","TARDE","Sábado",0,1,1,0,0,0,0,2
"Fora do Pico","VIAS URBANAS","COLISAO","TARDE","Sábado",0,1,1,0,0,0,0,2
"Pico","VIAS URBANAS","ATROPELAMENTO","TARDE","Sábado",0,1,0,0,0,2,0,1
"Pico","VIAS URBANAS","COLISAO","NOITE","Sábado",0,0,2,0,0,0,0,2
"Fora do Pico","VIAS URBANAS","ATROPELAMENTO","NOITE","Sábado",0,1,0,0,0,1,0,1
"Fora do Pico","VIAS URBANAS","COLISAO","MADRUGADA","Sábado",0,1,1,0,0,0,0,2
"Pico","VIAS URBANAS","ATROPELAMENTO","MANHA","Sábado",0,1,0,0,0,1,0,1
"Fora do Pico","VIAS URBANAS","OUTROS","MANHA","Sábado",0,0,1,0,0,0,0,1
"Fora do Pico","VIAS URBANAS","COLISAO","MANHA","Sábado",0,1,1,0,0,0,0,2
"Pico","VIAS URBANAS","COLISAO","MANHA","Sábado",0,1,1,0,0,0,0,2
"Pico","VIAS URBANAS","OUTROS","TARDE","Sábado",0,0,1,0,0,0,0,1
"Pico","VIAS URBANAS","COLISAO","TARDE","Domingo",1,0,1,1,0,0,0,2
"Fora do Pico","VIAS URBANAS","COLISAO","TARDE","Domingo",0,1,1,0,0,0,0,2
"Fora do Pico","ESTRADAS E RODOVIAS","COLISAO","TARDE","Domingo",0,0,2,0,0,0,0,2
"Fora do Pico","VIAS URBANAS","COLISAO","MANHA","Domingo",0,1,1,0,0,0,0,2
"Pico","ESTRADAS E RODOVIAS","COLISAO","TARDE","Domingo",0,1,1,0,0,0,0,2
"Fora do Pico","VIAS URBANAS","COLISAO","MANHA","Domingo",0,2,0,0,0,0,0,2
"Fora do Pico","VIAS URBANAS","COLISAO","MANHA","Domingo",0,1,1,0,0,0,0,2
"Pico","VIAS URBANAS","OUTROS","TARDE","Domingo",0,0,1,0,0,0,0,1
"Pico","VIAS URBANAS","COLISAO","MANHA","Domingo",0,1,0,0,0,0,0,1
"Pico","VIAS URBANAS","COLISAO","TARDE","Domingo",0,1,1,0,0,0,0,2
"Pico","VIAS URBANAS","COLISAO","TARDE","Domingo",0,1,1,0,0,0,0,2
"Pico","VIAS URBANAS","OUTROS","TARDE","Domingo",0,0,1,0,0,0,0,1
"Pico","VIAS URBANAS","COLISAO","TARDE","Domingo",0,1,1,0,0,0,0,2
"Fora do Pico","ESTRADAS E RODOVIAS","COLISAO","TARDE","Domingo",0,1,1,0,0,0,0,2
"Pico","VIAS URBANAS","ATROPELAMENTO","NOITE","Domingo",0,0,1,0,0,1,0,1
"Fora do Pico","ESTRADAS E RODOVIAS","OUTROS","NOITE","Domingo",0,0,1,0,0,0,0,1
"Pico","ESTRADAS E RODOVIAS","CHOQUE","NOITE","Domingo",0,1,0,0,0,0,0,1
"Fora do Pico","VIAS URBANAS","CHOQUE","NOITE","Domingo",0,1,1,0,0,0,0,2
"Fora do Pico","VIAS URBANAS","COLISAO","MADRUGADA","Domingo",0,1,1,0,0,0,0,2
"Fora do Pico","VIAS URBANAS","COLISAO","MADRUGADA","Domingo",0,0,1,0,0,0,0,1
"Fora do Pico","ESTRADAS E RODOVIAS","CHOQUE","MADRUGADA","Domingo",0,0,1,0,0,0,0,1
"Fora do Pico","VIAS URBANAS","COLISAO","MANHA","Domingo",0,1,1,0,0,0,0,2
"Fora do Pico","VIAS URBANAS","ATROPELAMENTO","MANHA","Segunda-feira",1,0,0,0,0,1,0,1
"Pico","VIAS URBANAS","COLISAO","MANHA","Segunda-feira",0,0,1,1,0,0,0,2
"Fora do Pico","VIAS URBANAS","COLISAO","TARDE","Segunda-feira",0,1,1,0,0,0,0,2
"Fora do Pico","VIAS URBANAS","COLISAO","MANHA","Segunda-feira",0,1,1,0,0,0,0,2
"Fora do Pico","VIAS URBANAS","COLISAO","NOITE","Segunda-feira",0,1,0,0,0,0,0,2
"Pico","VIAS URBANAS","COLISAO","MANHA","Segunda-feira",0,1,1,0,0,0,0,2
"Fora do Pico","VIAS URBANAS","COLISAO","TARDE","Segunda-feira",0,1,1,0,0,0,0,2
"Fora do Pico","VIAS URBANAS","COLISAO","NOITE","Segunda-feira",0,1,1,0,0,0,0,2
"Pico","VIAS URBANAS","COLISAO","MANHA","Segunda-feira",0,0,1,0,1,0,0,2
"Pico","VIAS URBANAS","COLISAO","NOITE","Segunda-feira",0,1,1,0,0,0,0,2
"Fora do Pico","VIAS URBANAS","OUTROS","MANHA","Segunda-feira",0,0,0,0,1,0,0,2
"Fora do Pico","ESTRADAS E RODOVIAS","OUTROS","TARDE","Segunda-feira",0,0,1,0,0,0,0,1
"Pico","VIAS URBANAS","COLISAO","NOITE","Segunda-feira",0,0,1,0,0,0,0,1
"Fora do Pico","VIAS URBANAS","COLISAO","MADRUGADA","Segunda-feira",0,1,1,0,0,0,0,2
"Fora do Pico","VIAS URBANAS","COLISAO","NOITE","Segunda-feira",0,1,1,0,0,0,0,2
"Fora do Pico","ESTRADAS E RODOVIAS","COLISAO","MADRUGADA","Segunda-feira",0,0,0,0,2,0,0,2
"Fora do Pico","VIAS URBANAS","COLISAO","MANHA","Segunda-feira",0,1,1,0,0,0,0,2
"Pico","VIAS URBANAS","COLISAO","MANHA","Segunda-feira",0,1,1,0,0,0,0,2
"Fora do Pico","VIAS URBANAS","ATROPELAMENTO","MANHA","Segunda-feira",0,0,0,1,0,1,0,1
"Fora do Pico","VIAS URBANAS","COLISAO","MANHA","Segunda-feira",0,2,0,0,0,0,0,2
"Fora do Pico","VIAS URBANAS","COLISAO","MANHA","Segunda-feira",0,2,0,0,0,0,0,2
"Fora do Pico","VIAS URBANAS","COLISAO","MANHA","Segunda-feira",0,1,1,0,0,0,0,2
"Pico","VIAS URBANAS","ATROPELAMENTO","TARDE","Segunda-feira",0,1,0,0,0,1,0,1
"Fora do Pico","VIAS URBANAS","NAO DISPONIVEL","TARDE","Segunda-feira",0,1,1,0,0,0,0,2
"Fora do Pico","VIAS URBANAS","COLISAO","TARDE","Terça-feira",0,2,1,0,0,0,0,3
"Pico","ESTRADAS E RODOVIAS","OUTROS","MANHA","Terça-feira",0,1,0,0,0,0,0,1
"Pico","VIAS URBANAS","CHOQUE","TARDE","Terça-feira",0,1,1,0,0,0,0,2
"Fora do Pico","VIAS URBANAS","COLISAO","TARDE","Terça-feira",0,1,1,0,0,0,0,2
"Pico","VIAS URBANAS","COLISAO","MANHA","Terça-feira",0,1,1,0,0,0,0,2
"Fora do Pico","VIAS URBANAS","COLISAO","TARDE","Terça-feira",0,1,1,0,0,0,0,2
"Fora do Pico","ESTRADAS E RODOVIAS","CHOQUE","TARDE","Terça-feira",0,1,1,0,0,0,0,2
"Fora do Pico","VIAS URBANAS","COLISAO","MADRUGADA","Terça-feira",0,0,0,0,2,0,0,2
"Fora do Pico","VIAS URBANAS","COLISAO","NOITE","Terça-feira",0,0,1,0,1,0,0,2
"Pico","VIAS URBANAS","COLISAO","TARDE","Terça-feira",0,1,1,0,0,0,0,2
"Pico","VIAS URBANAS","ATROPELAMENTO","NOITE","Terça-feira",0,1,0,0,0,1,0,1
"Fora do Pico","VIAS URBANAS","COLISAO","NOITE","Terça-feira",0,0,1,1,0,0,0,2
"Fora do Pico","VIAS URBANAS","COLISAO","NOITE","Terça-feira",0,1,1,0,0,0,0,2
"Fora do Pico","ESTRADAS E RODOVIAS","CHOQUE","MANHA","Terça-feira",0,1,0,0,0,0,0,1
"Pico","VIAS URBANAS","COLISAO","MANHA","Terça-feira",0,1,1,0,0,0,0,2
"Fora do Pico","VIAS URBANAS","COLISAO","MANHA","Terça-feira",0,1,1,0,0,0,0,2
"Fora do Pico","VIAS URBANAS","COLISAO","MANHA","Terça-feira",0,1,1,0,0,0,0,2
"Pico","ESTRADAS E RODOVIAS","OUTROS","MANHA","Terça-feira",0,1,0,0,0,0,0,1
"Fora do Pico","VIAS URBANAS","COLISAO","MANHA","Terça-feira",0,1,1,0,0,0,0,2
"Pico","VIAS URBANAS","OUTROS","TARDE","Terça-feira",0,0,1,0,0,0,0,1
"Pico","VIAS URBANAS","COLISAO","TARDE","Terça-feira",0,2,0,0,0,0,0,2
"Fora do Pico","ESTRADAS E RODOVIAS","COLISAO","NOITE","Quarta-feira",1,1,1,0,0,0,0,2
"Fora do Pico","VIAS URBANAS","COLISAO","TARDE","Quarta-feira",1,1,0,0,0,0,0,1
"Pico","ESTRADAS E RODOVIAS","CHOQUE","MANHA","Quarta-feira",0,0,0,0,1,0,0,2
"Fora do Pico","VIAS URBANAS","OUTROS","MADRUGADA","Quarta-feira",0,1,0,0,0,0,0,1
"Pico","VIAS URBANAS","COLISAO","NOITE","Quarta-feira",0,0,2,0,0,0,0,2
"Fora do Pico","ESTRADAS E RODOVIAS","COLISAO","TARDE","Quarta-feira",0,1,1,0,0,0,0,2
"Fora do Pico","VIAS URBANAS","COLISAO","TARDE","Quarta-feira",0,1,1,0,0,0,0,2
"Fora do Pico","VIAS URBANAS","OUTROS","TARDE","Quarta-feira",0,0,1,0,0,0,0,1
"Fora do Pico","VIAS URBANAS","COLISAO","TARDE","Quarta-feira",0,1,1,0,0,0,0,2
"Fora do Pico","VIAS URBANAS","COLISAO","TARDE","Quarta-feira",0,1,1,0,0,0,0,2
"Pico","VIAS URBANAS","COLISAO","MANHA","Quarta-feira",0,0,1,1,0,0,0,2
"Fora do Pico","ESTRADAS E RODOVIAS","OUTROS","MADRUGADA","Quarta-feira",1,0,1,0,0,0,0,1
"Fora do Pico","VIAS URBANAS","COLISAO","MADRUGADA","Quarta-feira",0,2,0,0,0,0,0,2
"Pico","VIAS URBANAS","COLISAO","MANHA","Quarta-feira",0,1,0,0,0,0,0,1
"Fora do Pico","VIAS URBANAS","ATROPELAMENTO","TARDE","Quarta-feira",1,1,0,0,0,1,0,1
"Fora do Pico","VIAS URBANAS","COLISAO","MADRUGADA","Quarta-feira",0,0,1,0,0,0,0,1
"Pico","VIAS URBANAS","CHOQUE","MANHA","Quarta-feira",0,0,1,0,0,0,0,1
"Pico","ESTRADAS E RODOVIAS","ATROPELAMENTO","MANHA","Quarta-feira",0,1,0,0,0,1,0,1
"Pico","VIAS URBANAS","OUTROS","NOITE","Quarta-feira",0,1,0,0,0,0,0,1
"Fora do Pico","VIAS URBANAS","COLISAO","MANHA","Quarta-feira",0,2,0,0,0,0,0,2
"Fora do Pico","VIAS URBANAS","COLISAO","TARDE","Quarta-feira",0,1,0,0,0,0,0,1
"Pico","VIAS URBANAS","COLISAO","MANHA","Quarta-feira",0,1,1,0,0,0,0,2
"Fora do Pico","VIAS URBANAS","CHOQUE","MANHA","Quarta-feira",0,1,0,0,0,0,0,1
"Pico","VIAS URBANAS","OUTROS","TARDE","Quarta-feira",0,1,0,0,0,0,0,1
"Pico","ESTRADAS E RODOVIAS","COLISAO","TARDE","Quarta-feira",0,0,1,0,0,0,0,1
"Fora do Pico","VIAS URBANAS","OUTROS","TARDE","Quarta-feira",0,1,0,0,0,0,0,1
"Fora do Pico","VIAS URBANAS","OUTROS","MADRUGADA","Quarta-feira",0,0,1,0,0,0,0,1
"Fora do Pico","VIAS URBANAS","COLISAO","NOITE","Quarta-feira",0,1,0,0,0,0,0,1
"Fora do Pico","VIAS URBANAS","COLISAO","NOITE","Quarta-feira",0,1,1,0,0,0,0,2
"Fora do Pico","VIAS URBANAS","OUTROS","MADRUGADA","Quarta-feira",0,0,1,0,0,0,0,1
"Fora do Pico","VIAS URBANAS","COLISAO","MADRUGADA","Quarta-feira",0,1,1,0,0,0,0,2
"Fora do Pico","VIAS URBANAS","COLISAO","MADRUGADA","Quarta-feira",0,1,0,0,0,0,0,1
"Fora do Pico","VIAS URBANAS","COLISAO","NOITE","Quinta-feira",0,0,2,0,0,0,0,2
"Fora do Pico","ESTRADAS E RODOVIAS","CHOQUE","NOITE","Quinta-feira",1,1,0,0,0,0,0,1
"Pico","VIAS URBANAS","COLISAO","MANHA","Quinta-feira",0,1,1,0,0,0,0,2
"Fora do Pico","VIAS URBANAS","ATROPELAMENTO","TARDE","Quinta-feira",0,0,0,0,0,1,0,1
"Fora do Pico","VIAS URBANAS","COLISAO","TARDE","Quinta-feira",0,2,0,0,0,0,0,2
"Fora do Pico","ESTRADAS E RODOVIAS","OUTROS","MADRUGADA","Quinta-feira",0,0,1,0,0,0,0,1
"Fora do Pico","VIAS URBANAS","COLISAO","TARDE","Quinta-feira",0,2,0,0,0,0,0,2
"Fora do Pico","VIAS URBANAS","COLISAO","MANHA","Quinta-feira",0,1,0,0,0,0,1,1
"Pico","VIAS URBANAS","COLISAO","TARDE","Quinta-feira",0,0,1,0,0,0,1,1
"Fora do Pico","ESTRADAS E RODOVIAS","CHOQUE","TARDE","Quinta-feira",0,1,0,0,0,0,0,1
"Fora do Pico","VIAS URBANAS","CHOQUE","NOITE","Quinta-feira",0,1,0,0,0,0,0,1
"Pico","VIAS URBANAS","OUTROS","NOITE","Quinta-feira",0,0,1,0,0,0,0,1
"Fora do Pico","VIAS URBANAS","OUTROS","NOITE","Quinta-feira",0,1,0,0,0,0,1,1
"Fora do Pico","VIAS URBANAS","CHOQUE","NOITE","Quinta-feira",0,1,0,0,0,0,0,1
"Pico","ESTRADAS E RODOVIAS","COLISAO","MANHA","Quinta-feira",0,1,1,0,0,0,0,2
"Fora do Pico","VIAS URBANAS","COLISAO","MANHA","Quinta-feira",0,1,1,0,0,0,0,2
"Fora do Pico","VIAS URBANAS","COLISAO","MANHA","Quinta-feira",0,1,0,0,0,0,0,1
"Pico","VIAS URBANAS","COLISAO","TARDE","Quinta-feira",0,1,1,0,0,0,0,2
"Fora do Pico","VIAS URBANAS","COLISAO","TARDE","Quinta-feira",0,1,1,0,0,0,0,2
"Fora do Pico","VIAS URBANAS","CHOQUE","TARDE","Quinta-feira",0,0,0,0,1,0,0,1
"Fora do Pico","VIAS URBANAS","COLISAO","TARDE","Quinta-feira",0,1,1,0,0,0,0,2
"Fora do Pico","VIAS URBANAS","CHOQUE","NOITE","Sexta-feira",1,0,1,0,0,0,0,1
"Fora do Pico","VIAS URBANAS","OUTROS","MADRUGADA","Sexta-feira",1,1,0,0,0,0,0,1
"Pico","ESTRADAS E RODOVIAS","COLISAO","TARDE","Sexta-feira",0,1,1,0,0,0,0,2
"Fora do Pico","VIAS URBANAS","COLISAO","MANHA","Sexta-feira",1,0,1,0,1,0,0,2
"Fora do Pico","VIAS URBANAS","COLISAO","TARDE","Sexta-feira",0,1,1,0,0,0,0,2
"Fora do Pico","VIAS URBANAS","COLISAO","TARDE","Sexta-feira",0,2,0,0,0,0,0,2
"Fora do Pico","VIAS URBANAS","COLISAO","TARDE","Sexta-feira",0,1,1,0,0,0,0,2
"Fora do Pico","VIAS URBANAS","COLISAO","TARDE","Sexta-feira",0,1,0,0,0,0,0,1
"Pico","VIAS URBANAS","COLISAO","TARDE","Sexta-feira",0,1,1,0,0,0,0,2
"Pico","VIAS URBANAS","OUTROS","TARDE","Sexta-feira",0,0,1,0,0,0,0,1
"Pico","VIAS URBANAS","COLISAO","TARDE","Sexta-feira",0,0,1,0,0,0,0,1
"Fora do Pico","VIAS URBANAS","COLISAO","MADRUGADA","Sexta-feira",0,1,1,0,0,0,0,2
"Fora do Pico","VIAS URBANAS","COLISAO","NOITE","Sexta-feira",0,1,0,0,0,0,0,1
"Fora do Pico","ESTRADAS E RODOVIAS","OUTROS","NOITE","Sexta-feira",0,0,0,0,1,0,0,1
"Fora do Pico","VIAS URBANAS","OUTROS","NOITE","Sexta-feira",0,0,1,0,0,0,0,1
"Fora do Pico","VIAS URBANAS","OUTROS","NOITE","Sexta-feira",0,0,1,0,0,0,0,1
"Pico","VIAS URBANAS","CHOQUE","MANHA","Sexta-feira",0,1,0,0,0,0,0,1
"Fora do Pico","VIAS URBANAS","COLISAO","MANHA","Sexta-feira",0,1,1,0,0,0,0,2
"Fora do Pico","VIAS URBANAS","OUTROS","MANHA","Sexta-feira",0,0,0,0,0,0,0,1
"Fora do Pico","VIAS URBANAS","COLISAO","MANHA","Sexta-feira",0,0,2,0,0,0,0,2
"Pico","ESTRADAS E RODOVIAS","OUTROS","MANHA","Sexta-feira",0,0,1,0,0,0,0,1
"Pico","VIAS URBANAS","COLISAO","TARDE","Sexta-feira",0,0,2,0,0,0,0,2
"Fora do Pico","VIAS URBANAS","COLISAO","TARDE","Sexta-feira",0,1,0,0,0,0,0,1
"Pico","VIAS URBANAS","COLISAO","TARDE","Sábado",0,0,2,0,0,0,0,2
"Fora do Pico","VIAS URBANAS","OUTROS","TARDE","Sábado",0,0,1,0,0,0,0,1
"Pico","VIAS URBANAS","ATROPELAMENTO","TARDE","Sábado",1,0,1,0,0,1,0,1
"Pico","VIAS URBANAS","COLISAO","MANHA","Sábado",0,2,0,0,0,0,0,2
"Pico","VIAS URBANAS","COLISAO","NOITE","Sábado",0,1,1,0,0,0,0,2
"Fora do Pico","VIAS URBANAS","COLISAO","TARDE","Sábado",0,1,1,0,0,0,0,2
"Fora do Pico","VIAS URBANAS","COLISAO","TARDE","Sábado",0,2,1,0,0,0,0,3
"Pico","VIAS URBANAS","CHOQUE","NOITE","Sábado",0,1,1,0,0,0,0,2
"Fora do Pico","VIAS URBANAS","COLISAO","TARDE","Sábado",0,0,1,0,0,0,0,1
"Fora do Pico","VIAS URBANAS","COLISAO","TARDE","Sábado",0,0,0,0,0,0,0,0
"Pico","VIAS URBANAS","COLISAO","TARDE","Sábado",0,1,0,0,0,0,1,1
"Fora do Pico","VIAS URBANAS","ATROPELAMENTO","NOITE","Sábado",0,0,1,0,0,1,0,1
"Fora do Pico","VIAS URBANAS","ATROPELAMENTO","NOITE","Sábado",0,0,1,0,0,1,0,1
"Fora do Pico","VIAS URBANAS","COLISAO","NOITE","Sábado",0,0,1,0,0,0,0,1
"Fora do Pico","ESTRADAS E RODOVIAS","CHOQUE","NOITE","Sábado",0,1,0,0,0,0,0,1
"Pico","VIAS URBANAS","OUTROS","MANHA","Sábado",0,0,1,0,0,0,0,1
"Fora do Pico","ESTRADAS E RODOVIAS","COLISAO","MADRUGADA","Sábado",0,2,0,0,0,0,0,2
"Fora do Pico","VIAS URBANAS","COLISAO","MANHA","Sábado",0,1,1,0,0,0,0,2
"Fora do Pico","ESTRADAS E RODOVIAS","COLISAO","MANHA","Sábado",0,1,1,0,0,0,0,2
"Pico","VIAS URBANAS","COLISAO","TARDE","Sábado",0,1,1,0,0,0,0,2
"Fora do Pico","VIAS URBANAS","COLISAO","NOITE","Domingo",1,1,0,1,0,0,0,2
"Fora do Pico","VIAS URBANAS","OUTROS","TARDE","Domingo",1,0,1,0,0,0,0,1
"Fora do Pico","VIAS URBANAS","COLISAO","TARDE","Domingo",0,1,1,0,0,0,0,2
"Fora do Pico","VIAS URBANAS","COLISAO","NOITE","Domingo",0,1,1,0,0,0,0,2
"Fora do Pico","ESTRADAS E RODOVIAS","OUTROS","NOITE","Domingo",1,1,0,0,0,0,0,1
"Pico","VIAS URBANAS","COLISAO","TARDE","Domingo",0,1,1,0,0,0,0,2
"Fora do Pico","VIAS URBANAS","ATROPELAMENTO","NOITE","Domingo",1,0,1,0,0,1,0,1
"Fora do Pico","VIAS URBANAS","CHOQUE","MANHA","Domingo",0,1,1,0,0,0,0,2
"Fora do Pico","VIAS URBANAS","COLISAO","MANHA","Domingo",0,0,2,0,0,0,0,2
"Fora do Pico","ESTRADAS E RODOVIAS","OUTROS","TARDE","Domingo",0,3,0,0,0,0,0,3
"Fora do Pico","VIAS URBANAS","COLISAO","NOITE","Domingo",0,1,1,0,0,0,0,2
"Fora do Pico","VIAS URBANAS","COLISAO","TARDE","Domingo",0,1,0,0,1,0,0,2
"Fora do Pico","ESTRADAS E RODOVIAS","COLISAO","TARDE","Domingo",0,1,1,0,0,0,0,2
"Pico","VIAS URBANAS","COLISAO","NOITE","Domingo",0,0,1,0,0,0,0,1
"Fora do Pico","VIAS URBANAS","ATROPELAMENTO","NOITE","Domingo",0,0,0,1,0,1,0,1
"Fora do Pico","VIAS URBANAS","COLISAO","NOITE","Domingo",0,2,0,0,0,0,0,2
"Fora do Pico","ESTRADAS E RODOVIAS","CHOQUE","MADRUGADA","Domingo",0,1,0,0,0,0,0,1
"Fora do Pico","VIAS URBANAS","COLISAO","MANHA","Domingo",0,1,1,0,0,0,0,2
"Fora do Pico","VIAS URBANAS","COLISAO","MANHA","Domingo",0,0,2,0,0,0,0,2
"Fora do Pico","VIAS URBANAS","COLISAO","TARDE","Segunda-feira",0,1,1,0,0,0,0,2
"Fora do Pico","VIAS URBANAS","COLISAO","MANHA","Segunda-feira",0,1,1,0,0,0,0,2
"Fora do Pico","VIAS URBANAS","CHOQUE","MADRUGADA","Segunda-feira",0,1,0,0,0,0,0,1
"Pico","ESTRADAS E RODOVIAS","ATROPELAMENTO","NOITE","Segunda-feira",1,1,1,0,0,0,0,2
"Pico","ESTRADAS E RODOVIAS","COLISAO","NOITE","Segunda-feira",0,3,0,0,0,0,0,3
"Pico","VIAS URBANAS","CHOQUE","MANHA","Segunda-feira",0,0,1,0,0,0,1,1
"Fora do Pico","VIAS URBANAS","COLISAO","MADRUGADA","Segunda-feira",0,2,0,0,0,0,0,2
"Fora do Pico","VIAS URBANAS","COLISAO","TARDE","Segunda-feira",0,1,1,0,0,0,0,2
"Pico","VIAS URBANAS","ATROPELAMENTO","MANHA","Segunda-feira",0,1,0,0,0,2,0,1
"Fora do Pico","VIAS URBANAS","ATROPELAMENTO","TARDE","Segunda-feira",0,0,1,0,0,1,0,1
"Pico","VIAS URBANAS","COLISAO","TARDE","Segunda-feira",0,1,1,0,0,0,0,2
"Pico","VIAS URBANAS","COLISAO","TARDE","Segunda-feira",0,0,1,0,0,0,0,1
"Fora do Pico","VIAS URBANAS","OUTROS","NOITE","Segunda-feira",0,1,1,0,0,0,0,2
"Fora do Pico","ESTRADAS E RODOVIAS","OUTROS","MADRUGADA","Segunda-feira",0,1,0,0,0,0,0,1
"Pico","VIAS URBANAS","ATROPELAMENTO","MANHA","Segunda-feira",0,0,1,0,0,1,0,1
"Pico","VIAS URBANAS","COLISAO","MANHA","Segunda-feira",0,1,1,0,0,0,0,2
"Pico","VIAS URBANAS","ATROPELAMENTO","MANHA","Segunda-feira",0,0,1,0,0,1,0,1
"Fora do Pico","VIAS URBANAS","COLISAO","MANHA","Segunda-feira",0,2,0,0,0,0,0,2
"Fora do Pico","ESTRADAS E RODOVIAS","NAO DISPONIVEL","MADRUGADA","Segunda-feira",0,0,0,0,1,0,0,1
"Fora do Pico","VIAS URBANAS","COLISAO","MANHA","Segunda-feira",0,3,0,0,0,0,0,3
"Fora do Pico","ESTRADAS E RODOVIAS","COLISAO","MANHA","Segunda-feira",0,0,1,0,0,0,0,1
"Pico","VIAS URBANAS","COLISAO","TARDE","Segunda-feira",0,1,1,0,0,0,0,2
"Pico","VIAS URBANAS","COLISAO","TARDE","Segunda-feira",0,2,0,0,0,0,0,2
"Pico","ESTRADAS E RODOVIAS","COLISAO","NOITE","Terça-feira",0,3,0,0,0,0,0,3
"Pico","VIAS URBANAS","ATROPELAMENTO","NOITE","Terça-feira",0,0,1,0,0,2,1,1
"Pico","VIAS URBANAS","COLISAO","TARDE","Terça-feira",0,2,1,0,0,0,0,3
"Fora do Pico","ESTRADAS E RODOVIAS","ATROPELAMENTO","TARDE","Terça-feira",1,1,0,0,0,1,0,1
"Pico","VIAS URBANAS","COLISAO","MANHA","Terça-feira",0,1,0,0,0,0,0,1
"Pico","VIAS URBANAS","ATROPELAMENTO","MANHA","Terça-feira",0,1,0,0,0,1,0,1
"Pico","VIAS URBANAS","ATROPELAMENTO","MANHA","Terça-feira",0,0,1,0,0,1,0,1
"Pico","VIAS URBANAS","OUTROS","MANHA","Terça-feira",0,1,0,0,0,0,0,1
"Pico","VIAS URBANAS","COLISAO","NOITE","Terça-feira",0,1,1,0,0,0,0,2
"Pico","ESTRADAS E RODOVIAS","OUTROS","NOITE","Terça-feira",0,0,1,0,0,0,0,1
"Fora do Pico","VIAS URBANAS","OUTROS","NOITE","Terça-feira",0,1,0,0,0,0,0,1
"Fora do Pico","ESTRADAS E RODOVIAS","COLISAO","NOITE","Terça-feira",0,1,1,0,0,0,0,2
"Pico","VIAS URBANAS","COLISAO","MANHA","Terça-feira",0,0,2,0,0,0,0,2
"Pico","VIAS URBANAS","COLISAO","MANHA","Terça-feira",0,1,1,0,0,0,0,2
"Fora do Pico","ESTRADAS E RODOVIAS","COLISAO","MANHA","Terça-feira",0,1,1,0,0,0,0,2
"Pico","ESTRADAS E RODOVIAS","COLISAO","NOITE","Terça-feira",0,1,1,0,0,0,0,2
"Pico","ESTRADAS E RODOVIAS","COLISAO","TARDE","Terça-feira",0,0,1,1,0,0,0,2
"Fora do Pico","ESTRADAS E RODOVIAS","COLISAO","NOITE","Terça-feira",0,1,0,0,1,0,0,2
"Pico","VIAS URBANAS","COLISAO","MANHA","Terça-feira",0,0,0,0,0,0,0,0
"Pico","VIAS URBANAS","COLISAO","TARDE","Terça-feira",0,0,1,0,0,0,0,1
"Pico","VIAS URBANAS","COLISAO","TARDE","Terça-feira",0,1,1,0,0,0,0,2
"Fora do Pico","VIAS URBANAS","CHOQUE","NOITE","Quarta-feira",0,1,0,0,0,0,0,1
"Pico","VIAS URBANAS","COLISAO","MANHA","Quarta-feira",0,1,1,0,0,0,0,2
"Pico","VIAS URBANAS","CHOQUE","MANHA","Quarta-feira",0,1,0,0,0,0,0,1
"Fora do Pico","VIAS URBANAS","COLISAO","TARDE","Quarta-feira",0,1,1,0,0,0,0,2
"Fora do Pico","VIAS URBANAS","COLISAO","NOITE","Quarta-feira",0,1,1,0,0,0,0,2
"Fora do Pico","VIAS URBANAS","COLISAO","NOITE","Quarta-feira",0,2,1,0,0,0,0,3
"Pico","VIAS URBANAS","COLISAO","NOITE","Quarta-feira",0,1,1,0,0,0,0,2
"Fora do Pico","VIAS URBANAS","COLISAO","TARDE","Quarta-feira",0,2,0,0,0,0,0,2
"Fora do Pico","ESTRADAS E RODOVIAS","COLISAO","MANHA","Quarta-feira",0,1,1,0,0,0,0,2
"Fora do Pico","VIAS URBANAS","NAO DISPONIVEL","TARDE","Quarta-feira",0,0,1,0,0,0,0,1
"Fora do Pico","VIAS URBANAS","COLISAO","TARDE","Quarta-feira",0,1,1,0,0,0,0,2
"Pico","VIAS URBANAS","OUTROS","NOITE","Quarta-feira",1,0,1,0,0,0,0,1
"Fora do Pico","VIAS URBANAS","CHOQUE","MADRUGADA","Quarta-feira",1,0,1,0,0,0,0,1
"Pico","VIAS URBANAS","CHOQUE","TARDE","Quarta-feira",0,1,0,0,0,0,0,1
"Fora do Pico","VIAS URBANAS","OUTROS","MANHA","Quarta-feira",0,1,0,0,0,0,0,1
"Pico","VIAS URBANAS","CHOQUE","MANHA","Quarta-feira",0,1,0,0,0,0,0,1
"Fora do Pico","VIAS URBANAS","COLISAO","TARDE","Quarta-feira",0,1,1,0,0,0,0,2
"Pico","ESTRADAS E RODOVIAS","CHOQUE","NOITE","Quarta-feira",0,0,1,0,0,0,0,1
"Pico","VIAS URBANAS","ATROPELAMENTO","NOITE","Quarta-feira",0,1,0,0,0,1,0,1
"Pico","VIAS URBANAS","COLISAO","TARDE","Quarta-feira",0,1,0,0,0,0,0,1
"Pico","ESTRADAS E RODOVIAS","OUTROS","MANHA","Quarta-feira",0,0,0,0,1,0,0,1
"Fora do Pico","VIAS URBANAS","COLISAO","MANHA","Quarta-feira",0,1,1,0,0,0,0,2
"Fora do Pico","ESTRADAS E RODOVIAS","COLISAO","TARDE","Quarta-feira",0,1,1,0,0,0,0,2
"Fora do Pico","VIAS URBANAS","COLISAO","TARDE","Quarta-feira",0,1,1,0,0,0,0,2
"Pico","VIAS URBANAS","ATROPELAMENTO","NOITE","Quarta-feira",0,0,1,0,0,2,0,1
"Fora do Pico","VIAS URBANAS","COLISAO","NOITE","Quarta-feira",0,1,1,0,0,0,0,2
"Fora do Pico","VIAS URBANAS","COLISAO","NOITE","Quarta-feira",0,1,1,0,0,0,0,2
"Fora do Pico","VIAS URBANAS","ATROPELAMENTO","MADRUGADA","Quarta-feira",0,1,0,0,0,2,0,1
"Fora do Pico","VIAS URBANAS","OUTROS","NOITE","Quinta-feira",1,0,1,0,0,0,0,1
"Fora do Pico","VIAS URBANAS","OUTROS","NOITE","Quinta-feira",1,0,1,0,0,0,0,1
"Fora do Pico","VIAS URBANAS","COLISAO","NOITE","Quinta-feira",0,0,1,0,0,0,1,1
"Fora do Pico","VIAS URBANAS","CHOQUE","TARDE","Quinta-feira",0,1,0,0,0,0,0,1
"Fora do Pico","VIAS URBANAS","ATROPELAMENTO","TARDE","Quinta-feira",0,0,0,0,0,1,0,1
"Fora do Pico","VIAS URBANAS","COLISAO","TARDE","Quinta-feira",0,2,0,0,0,0,0,2
"Pico","VIAS URBANAS","CHOQUE","MANHA","Quinta-feira",0,1,0,0,0,0,0,1
"Pico","VIAS URBANAS","COLISAO","NOITE","Quinta-feira",0,1,1,0,0,0,0,2
"Fora do Pico","VIAS URBANAS","COLISAO","NOITE","Quinta-feira",0,0,1,0,0,0,0,1
"Fora do Pico","VIAS URBANAS","OUTROS","NOITE","Quinta-feira",0,0,1,0,0,0,0,1
"Pico","ESTRADAS E RODOVIAS","COLISAO","MANHA","Quinta-feira",0,1,1,0,0,0,0,2
"Fora do Pico","VIAS URBANAS","COLISAO","MANHA","Quinta-feira",0,3,0,0,0,0,0,3
"Fora do Pico","VIAS URBANAS","COLISAO","MANHA","Quinta-feira",0,1,1,0,0,0,0,2
"Pico","ESTRADAS E RODOVIAS","OUTROS","MANHA","Quinta-feira",0,0,1,0,0,0,0,1
"Fora do Pico","ESTRADAS E RODOVIAS","COLISAO","MANHA","Quinta-feira",0,0,2,0,0,0,0,2
"Fora do Pico","VIAS URBANAS","COLISAO","TARDE","Quinta-feira",0,0,0,0,0,0,0,1
"Fora do Pico","VIAS URBANAS","COLISAO","TARDE","Sexta-feira",0,1,1,0,0,0,0,2
"Fora do Pico","ESTRADAS E RODOVIAS","COLISAO","TARDE","Sexta-feira",1,0,2,0,1,0,0,3
"Fora do Pico","ESTRADAS E RODOVIAS","OUTROS","NOITE","Sexta-feira",1,1,0,0,0,0,1,1
"Fora do Pico","VIAS URBANAS","COLISAO","NOITE","Sexta-feira",0,0,1,0,0,0,1,1
"Fora do Pico","VIAS URBANAS","ATROPELAMENTO","NOITE","Sexta-feira",0,1,0,0,0,1,1,1
"Fora do Pico","ESTRADAS E RODOVIAS","COLISAO","TARDE","Sexta-feira",0,1,1,0,0,0,0,2
"Fora do Pico","VIAS URBANAS","OUTROS","TARDE","Sexta-feira",0,0,1,0,0,0,0,1
"Fora do Pico","VIAS URBANAS","COLISAO","TARDE","Sexta-feira",0,1,1,0,0,0,0,2
"Fora do Pico","VIAS URBANAS","OUTROS","TARDE","Sexta-feira",0,0,1,0,0,0,0,1
"Fora do Pico","ESTRADAS E RODOVIAS","COLISAO","MADRUGADA","Sexta-feira",0,2,0,0,0,0,0,2
"Fora do Pico","VIAS URBANAS","ATROPELAMENTO","TARDE","Sexta-feira",0,1,0,0,0,3,0,1
"Fora do Pico","VIAS URBANAS","COLISAO","MADRUGADA","Sexta-feira",0,1,0,0,0,0,0,1
"Fora do Pico","VIAS URBANAS","CHOQUE","NOITE","Sexta-feira",0,1,0,0,0,0,0,1
"Pico","VIAS URBANAS","COLISAO","NOITE","Sexta-feira",0,1,0,0,0,0,0,1
"Pico","VIAS URBANAS","COLISAO","NOITE","Sexta-feira",0,1,1,0,0,0,0,2
"Fora do Pico","VIAS URBANAS","COLISAO","NOITE","Sexta-feira",0,1,1,0,0,0,0,2
"Fora do Pico","VIAS URBANAS","OUTROS","NOITE","Sexta-feira",0,0,1,0,0,0,0,1
"Fora do Pico","VIAS URBANAS","CHOQUE","NOITE","Sexta-feira",0,1,0,0,0,0,0,1
"Pico","VIAS URBANAS","OUTROS","MANHA","Sexta-feira",0,0,1,0,0,0,0,1
"Fora do Pico","VIAS URBANAS","COLISAO","MANHA","Sexta-feira",0,1,1,0,0,0,0,2
"Fora do Pico","VIAS URBANAS","COLISAO","MANHA","Sexta-feira",0,1,1,0,0,0,0,2
"Fora do Pico","ESTRADAS E RODOVIAS","COLISAO","MANHA","Sexta-feira",0,1,1,0,0,0,0,2
"Fora do Pico","ESTRADAS E RODOVIAS","OUTROS","MANHA","Sexta-feira",0,0,1,0,0,0,0,1
"Pico","VIAS URBANAS","ATROPELAMENTO","MANHA","Sexta-feira",0,0,1,0,0,1,0,1
"Pico","ESTRADAS E RODOVIAS","COLISAO","TARDE","Sexta-feira",0,0,1,0,1,0,0,2
"Fora do Pico","VIAS URBANAS","COLISAO","TARDE","Sexta-feira",0,1,1,0,0,0,0,2
"Fora do Pico","VIAS URBANAS","COLISAO","TARDE","Sábado",0,1,1,0,0,0,0,2
"Fora do Pico","VIAS URBANAS","OUTROS","MANHA","Sábado",1,0,0,0,1,0,0,2
"Pico","VIAS URBANAS","ATROPELAMENTO","TARDE","Sábado",0,1,0,0,0,1,0,1
"Fora do Pico","VIAS URBANAS","COLISAO","MADRUGADA","Sábado",0,0,1,1,0,0,0,2
"Pico","ESTRADAS E RODOVIAS","COLISAO","NOITE","Sábado",0,1,0,0,0,0,1,1
"Fora do Pico","VIAS URBANAS","COLISAO","MANHA","Sábado",0,1,1,0,0,0,0,2
"Pico","VIAS URBANAS","COLISAO","MANHA","Sábado",0,0,2,0,0,0,0,2
"Pico","VIAS URBANAS","CHOQUE","TARDE","Sábado",0,0,0,0,0,0,0,1
"Pico","ESTRADAS E RODOVIAS","OUTROS","NOITE","Sábado",0,0,1,0,0,0,0,1
"Fora do Pico","VIAS URBANAS","COLISAO","TARDE","Sábado",0,1,0,0,0,0,1,1
"Fora do Pico","ESTRADAS E RODOVIAS","COLISAO","NOITE","Sábado",0,1,1,0,0,0,0,2
"Fora do Pico","VIAS URBANAS","COLISAO","MADRUGADA","Sábado",0,1,1,0,0,0,0,2
"Fora do Pico","VIAS URBANAS","COLISAO","TARDE","Sábado",0,1,1,0,0,0,0,2
"Pico","ESTRADAS E RODOVIAS","COLISAO","NOITE","Sábado",0,2,0,0,0,0,0,2
"Fora do Pico","VIAS URBANAS","COLISAO","NOITE","Sábado",0,1,1,0,0,0,0,2
"Fora do Pico","VIAS URBANAS","OUTROS","MADRUGADA","Sábado",0,0,1,0,0,0,0,1
"Fora do Pico","VIAS URBANAS","COLISAO","NOITE","Sábado",0,1,1,0,0,0,0,2
"Fora do Pico","ESTRADAS E RODOVIAS","CHOQUE","MADRUGADA","Sábado",0,1,0,0,0,0,0,1
"Fora do Pico","VIAS URBANAS","COLISAO","MANHA","Sábado",0,1,1,0,0,0,0,2
"Fora do Pico","VIAS URBANAS","CHOQUE","MANHA","Sábado",0,1,0,0,0,0,0,1
"Fora do Pico","ESTRADAS E RODOVIAS","COLISAO","MANHA","Sábado",0,2,1,0,0,0,0,3
"Pico","VIAS URBANAS","COLISAO","MANHA","Sábado",0,1,1,0,0,0,0,2
"Pico","VIAS URBANAS","COLISAO","TARDE","Sábado",0,2,0,0,0,0,0,2
"Fora do Pico","VIAS URBANAS","COLISAO","NOITE","Domingo",1,1,1,0,0,0,0,2
"Fora do Pico","VIAS URBANAS","OUTROS","MANHA","Domingo",1,0,0,0,0,0,0,1
"Fora do Pico","VIAS URBANAS","COLISAO","NOITE","Domingo",0,1,1,0,0,0,0,2
"Fora do Pico","VIAS URBANAS","OUTROS","TARDE","Domingo",0,1,0,0,0,0,0,1
"Fora do Pico","VIAS URBANAS","COLISAO","TARDE","Domingo",0,0,1,0,0,0,0,1
"Fora do Pico","VIAS URBANAS","ATROPELAMENTO","TARDE","Domingo",0,1,0,0,0,2,1,1
"Pico","VIAS URBANAS","COLISAO","TARDE","Domingo",0,1,1,0,0,0,0,2
"Fora do Pico","VIAS URBANAS","COLISAO","TARDE","Domingo",0,0,1,0,1,0,0,4
"Fora do Pico","VIAS URBANAS","COLISAO","TARDE","Domingo",0,1,2,0,0,0,0,3
"Pico","VIAS URBANAS","COLISAO","TARDE","Domingo",0,0,1,0,0,0,0,1
"Fora do Pico","ESTRADAS E RODOVIAS","OUTROS","TARDE","Domingo",0,0,1,0,0,0,0,1
"Fora do Pico","VIAS URBANAS","COLISAO","TARDE","Domingo",0,0,1,0,0,0,0,1
"Pico","VIAS URBANAS","CHOQUE","NOITE","Domingo",0,1,0,0,0,0,0,1
"Fora do Pico","VIAS URBANAS","COLISAO","NOITE","Domingo",0,2,0,0,0,0,0,2
"Fora do Pico","VIAS URBANAS","COLISAO","NOITE","Domingo",0,1,1,0,0,0,0,2
"Fora do Pico","VIAS URBANAS","COLISAO","MADRUGADA","Domingo",0,1,1,0,0,0,0,2
"Fora do Pico","VIAS URBANAS","COLISAO","MADRUGADA","Domingo",0,1,0,0,0,0,0,1
"Pico","VIAS URBANAS","COLISAO","MANHA","Domingo",0,1,0,0,0,0,0,1
"Fora do Pico","VIAS URBANAS","COLISAO","MANHA","Segunda-feira",0,1,1,0,0,0,0,2
"Pico","VIAS URBANAS","COLISAO","MANHA","Segunda-feira",0,0,2,0,0,0,0,2
"Pico","ESTRADAS E RODOVIAS","CHOQUE","MANHA","Segunda-feira",0,0,0,0,1,0,0,2
"Fora do Pico","VIAS URBANAS","COLISAO","TARDE","Segunda-feira",0,1,1,0,0,0,0,2
"Fora do Pico","VIAS URBANAS","COLISAO","MANHA","Segunda-feira",0,1,1,0,0,0,0,2
"Pico","VIAS URBANAS","COLISAO","MANHA","Segunda-feira",0,0,2,0,0,0,0,2
"Fora do Pico","VIAS URBANAS","ATROPELAMENTO","TARDE","Segunda-feira",0,0,1,0,0,0,0,1
"Fora do Pico","VIAS URBANAS","COLISAO","TARDE","Segunda-feira",0,1,1,0,0,0,0,2
"Pico","VIAS URBANAS","COLISAO","MANHA","Segunda-feira",0,0,1,0,0,0,0,1
"Pico","VIAS URBANAS","COLISAO","TARDE","Segunda-feira",0,1,0,0,0,0,0,1
"Pico","VIAS URBANAS","COLISAO","TARDE","Segunda-feira",0,0,1,0,0,0,1,1
"Pico","VIAS URBANAS","COLISAO","TARDE","Segunda-feira",0,1,1,0,0,0,0,2
"Pico","VIAS URBANAS","COLISAO","NOITE","Segunda-feira",0,1,0,0,0,0,0,1
"Pico","VIAS URBANAS","COLISAO","TARDE","Segunda-feira",0,1,1,0,0,0,0,2
"Fora do Pico","ESTRADAS E RODOVIAS","COLISAO","NOITE","Segunda-feira",0,1,0,0,1,0,0,2
"Pico","VIAS URBANAS","OUTROS","MANHA","Segunda-feira",0,0,1,0,0,0,0,1
"Pico","VIAS URBANAS","OUTROS","MANHA","Segunda-feira",0,0,1,0,0,0,0,1
"Pico","ESTRADAS E RODOVIAS","OUTROS","MANHA","Segunda-feira",0,3,0,0,0,0,0,3
"Fora do Pico","VIAS URBANAS","COLISAO","MANHA","Segunda-feira",0,1,1,0,0,0,0,2
"Fora do Pico","ESTRADAS E RODOVIAS","OUTROS","MADRUGADA","Segunda-feira",0,0,1,0,0,0,0,1
"Pico","VIAS URBANAS","COLISAO","MANHA","Segunda-feira",0,1,1,0,0,0,0,2
"Pico","VIAS URBANAS","COLISAO","TARDE","Segunda-feira",0,2,0,0,0,0,0,2
"Pico","VIAS URBANAS","CHOQUE","TARDE","Segunda-feira",0,1,0,0,0,0,0,1
"Fora do Pico","VIAS URBANAS","COLISAO","MANHA","Terça-feira",0,1,1,0,0,0,0,2
"Pico","VIAS URBANAS","ATROPELAMENTO","NOITE","Terça-feira",0,1,0,0,0,1,0,1
"Pico","VIAS URBANAS","ATROPELAMENTO","MANHA","Terça-feira",1,0,0,0,0,0,1,1
"Pico","VIAS URBANAS","COLISAO","MANHA","Terça-feira",0,0,2,0,0,0,0,3
"Fora do Pico","VIAS URBANAS","ATROPELAMENTO","NOITE","Terça-feira",0,1,0,0,0,3,0,1
"Pico","VIAS URBANAS","COLISAO","MANHA","Terça-feira",0,1,1,0,0,0,0,2
"Pico","ESTRADAS E RODOVIAS","CHOQUE","MANHA","Terça-feira",0,2,0,0,0,0,0,2
"Fora do Pico","VIAS URBANAS","ATROPELAMENTO","MANHA","Terça-feira",0,1,0,0,0,1,0,1
"Fora do Pico","VIAS URBANAS","COLISAO","TARDE","Terça-feira",0,0,1,0,0,0,0,1
"Fora do Pico","VIAS URBANAS","CHOQUE","TARDE","Terça-feira",0,2,0,0,1,0,0,4
"Pico","ESTRADAS E RODOVIAS","OUTROS","MANHA","Terça-feira",0,0,1,0,0,0,0,1
"Fora do Pico","VIAS URBANAS","OUTROS","NOITE","Terça-feira",0,0,1,0,0,0,0,1
"Pico","VIAS URBANAS","COLISAO","TARDE","Terça-feira",0,1,1,0,0,0,0,2
"Pico","VIAS URBANAS","COLISAO","NOITE","Terça-feira",0,1,1,0,0,0,0,2
"Fora do Pico","ESTRADAS E RODOVIAS","COLISAO","NOITE","Terça-feira",0,0,0,0,2,0,0,3
"Fora do Pico","VIAS URBANAS","COLISAO","MANHA","Terça-feira",0,0,0,2,0,0,0,2
"Fora do Pico","VIAS URBANAS","COLISAO","MANHA","Terça-feira",0,1,0,0,0,0,1,1
"Fora do Pico","VIAS URBANAS","COLISAO","MANHA","Terça-feira",0,1,1,0,0,0,0,2
"Fora do Pico","VIAS URBANAS","COLISAO","MANHA","Terça-feira",0,1,1,0,0,0,0,2
"Pico","ESTRADAS E RODOVIAS","COLISAO","NOITE","Terça-feira",0,1,1,0,0,0,0,2
"Fora do Pico","ESTRADAS E RODOVIAS","COLISAO","MANHA","Terça-feira",0,1,1,0,0,0,0,2
"Pico","VIAS URBANAS","COLISAO","MANHA","Terça-feira",0,0,1,0,0,0,0,2
"Pico","VIAS URBANAS","CHOQUE","TARDE","Terça-feira",0,1,1,0,0,0,0,2
"Pico","VIAS URBANAS","COLISAO","TARDE","Terça-feira",0,1,1,0,0,0,0,2
"Pico","VIAS URBANAS","COLISAO","MANHA","Quarta-feira",0,1,1,0,0,0,0,2
"Fora do Pico","VIAS URBANAS","OUTROS","NOITE","Quarta-feira",0,0,1,0,0,0,0,1
"Fora do Pico","VIAS URBANAS","COLISAO","MANHA","Quarta-feira",0,0,1,0,0,0,0,1
"Fora do Pico","VIAS URBANAS","COLISAO","TARDE","Quarta-feira",0,2,1,0,0,0,0,3
"Fora do Pico","VIAS URBANAS","COLISAO","NOITE","Quarta-feira",0,0,1,0,0,0,0,1
"Pico","ESTRADAS E RODOVIAS","COLISAO","NOITE","Quarta-feira",0,2,0,0,0,0,0,2
"Fora do Pico","ESTRADAS E RODOVIAS","OUTROS","TARDE","Quarta-feira",0,0,0,0,1,0,0,3
"Pico","ESTRADAS E RODOVIAS","ATROPELAMENTO","MANHA","Quarta-feira",0,0,1,0,0,1,0,1
"Pico","VIAS URBANAS","COLISAO","TARDE","Quarta-feira",0,0,0,0,0,0,1,1
"Fora do Pico","VIAS URBANAS","COLISAO","TARDE","Quarta-feira",0,2,0,0,0,0,0,2
"Pico","VIAS URBANAS","COLISAO","TARDE","Quarta-feira",0,1,1,0,0,0,0,2
"Pico","VIAS URBANAS","COLISAO","NOITE","Quarta-feira",0,2,0,0,0,0,0,2
"Pico","VIAS URBANAS","ATROPELAMENTO","TARDE","Quarta-feira",0,0,1,0,0,2,0,1
"Pico","VIAS URBANAS","COLISAO","NOITE","Quarta-feira",0,1,1,0,0,0,0,2
"Fora do Pico","VIAS URBANAS","OUTROS","MADRUGADA","Quarta-feira",0,1,0,0,0,0,0,1
"Fora do Pico","VIAS URBANAS","COLISAO","NOITE","Quarta-feira",0,2,0,0,0,0,0,2
"Fora do Pico","VIAS URBANAS","COLISAO","NOITE","Quarta-feira",0,1,1,0,0,0,0,2
"Pico","VIAS URBANAS","CHOQUE","TARDE","Quarta-feira",0,1,0,0,0,0,0,1
"Pico","VIAS URBANAS","CHOQUE","MANHA","Quarta-feira",0,1,0,0,0,0,0,1
"Pico","VIAS URBANAS","COLISAO","MANHA","Quarta-feira",0,1,1,0,0,0,0,2
"Pico","ESTRADAS E RODOVIAS","COLISAO","MANHA","Quarta-feira",0,1,1,0,0,0,0,2
"Fora do Pico","VIAS URBANAS","CHOQUE","MANHA","Quarta-feira",0,1,0,0,0,0,0,1
"Fora do Pico","ESTRADAS E RODOVIAS","COLISAO","MANHA","Quarta-feira",0,1,1,0,0,0,0,2
"Fora do Pico","VIAS URBANAS","COLISAO","MANHA","Quarta-feira",0,1,1,0,0,0,0,2
"Pico","VIAS URBANAS","COLISAO","TARDE","Quarta-feira",0,0,1,0,0,0,0,2
"Pico","VIAS URBANAS","COLISAO","TARDE","Quarta-feira",0,1,1,0,0,0,0,2
"Fora do Pico","VIAS URBANAS","COLISAO","TARDE","Quarta-feira",0,1,1,0,0,0,0,2
"Pico","VIAS URBANAS","COLISAO","MANHA","Quinta-feira",0,0,1,1,0,0,0,2
"Fora do Pico","VIAS URBANAS","CHOQUE","MADRUGADA","Quinta-feira",1,1,0,0,0,0,0,1
"Fora do Pico","ESTRADAS E RODOVIAS","COLISAO","MADRUGADA","Quinta-feira",1,5,0,0,0,0,0,5
"Fora do Pico","VIAS URBANAS","COLISAO","TARDE","Quinta-feira",0,1,1,0,0,0,0,2
"Fora do Pico","VIAS URBANAS","COLISAO","NOITE","Quinta-feira",0,1,1,0,0,0,0,2
"Fora do Pico","VIAS URBANAS","NAO DISPONIVEL","NOITE","Quinta-feira",0,0,1,0,0,0,0,1
"Fora do Pico","VIAS URBANAS","COLISAO","TARDE","Quinta-feira",0,1,0,0,1,0,0,3
"Pico","VIAS URBANAS","COLISAO","NOITE","Quinta-feira",0,1,1,0,0,0,0,2
"Fora do Pico","VIAS URBANAS","COLISAO","TARDE","Quinta-feira",0,2,1,0,0,0,0,3
"Fora do Pico","ESTRADAS E RODOVIAS","OUTROS","TARDE","Quinta-feira",0,1,0,0,0,0,0,1
"Fora do Pico","VIAS URBANAS","ATROPELAMENTO","TARDE","Quinta-feira",0,0,1,0,0,0,0,1
"Fora do Pico","ESTRADAS E RODOVIAS","OUTROS","NOITE","Quinta-feira",0,2,0,0,0,0,0,2
"Pico","VIAS URBANAS","COLISAO","TARDE","Quinta-feira",0,0,1,1,0,0,0,2
"Pico","VIAS URBANAS","OUTROS","MANHA","Quinta-feira",0,0,1,0,0,0,0,1
"Pico","VIAS URBANAS","COLISAO","TARDE","Quinta-feira",0,1,1,0,0,0,0,2
"Fora do Pico","VIAS URBANAS","COLISAO","MADRUGADA","Quinta-feira",0,0,1,0,0,0,0,1
"Pico","VIAS URBANAS","COLISAO","NOITE","Quinta-feira",0,0,1,0,0,0,0,1
"Fora do Pico","VIAS URBANAS","COLISAO","NOITE","Quinta-feira",0,2,1,0,0,0,0,3
"Fora do Pico","VIAS URBANAS","COLISAO","NOITE","Quinta-feira",0,0,1,0,0,0,0,1
"Fora do Pico","VIAS URBANAS","NAO DISPONIVEL","MADRUGADA","Quinta-feira",0,0,1,0,0,0,0,1
"Pico","ESTRADAS E RODOVIAS","COLISAO","MANHA","Quinta-feira",0,1,1,0,0,0,0,2
"Pico","VIAS URBANAS","CHOQUE","MANHA","Quinta-feira",0,2,0,0,0,0,0,2
"Fora do Pico","VIAS URBANAS","COLISAO","MANHA","Quinta-feira",0,1,1,0,0,0,0,2
"Fora do Pico","VIAS URBANAS","CHOQUE","MANHA","Quinta-feira",0,1,0,0,0,0,0,1
"Pico","ESTRADAS E RODOVIAS","OUTROS","MANHA","Quinta-feira",0,0,1,0,0,0,0,1
"Pico","VIAS URBANAS","COLISAO","TARDE","Quinta-feira",0,1,1,0,0,0,0,2
"Pico","VIAS URBANAS","ATROPELAMENTO","TARDE","Quinta-feira",0,0,0,1,0,1,0,1
"Fora do Pico","VIAS URBANAS","COLISAO","MADRUGADA","Quinta-feira",0,1,0,0,0,0,0,1
"Fora do Pico","VIAS URBANAS","COLISAO","TARDE","Quinta-feira",0,1,1,0,0,0,0,2
"Fora do Pico","VIAS URBANAS","COLISAO","TARDE","Sexta-feira",0,1,0,0,0,0,0,1
"Pico","ESTRADAS E RODOVIAS","OUTROS","NOITE","Sexta-feira",0,1,0,0,0,0,0,1
"Fora do Pico","ESTRADAS E RODOVIAS","OUTROS","MANHA","Sexta-feira",0,0,1,0,0,0,0,1
"Pico","ESTRADAS E RODOVIAS","COLISAO","NOITE","Sexta-feira",1,1,1,0,0,0,0,2
"Pico","VIAS URBANAS","COLISAO","NOITE","Sexta-feira",0,0,2,0,0,0,0,2
"Fora do Pico","VIAS URBANAS","OUTROS","NOITE","Sexta-feira",0,1,1,0,0,0,0,2
"Fora do Pico","VIAS URBANAS","COLISAO","NOITE","Sexta-feira",0,0,1,0,0,0,0,1
"Pico","VIAS URBANAS","OUTROS","TARDE","Sexta-feira",1,0,1,0,0,0,0,1
"Fora do Pico","VIAS URBANAS","ATROPELAMENTO","TARDE","Sexta-feira",0,0,1,0,0,0,0,1
"Pico","VIAS URBANAS","COLISAO","MANHA","Sexta-feira",0,1,0,0,1,0,0,2
"Fora do Pico","VIAS URBANAS","OUTROS","NOITE","Sexta-feira",0,1,1,0,0,0,0,2
"Fora do Pico","VIAS URBANAS","ATROPELAMENTO","TARDE","Sexta-feira",0,0,1,0,0,2,0,1
"Fora do Pico","VIAS URBANAS","COLISAO","TARDE","Sexta-feira",0,1,1,0,0,0,0,2
"Fora do Pico","VIAS URBANAS","COLISAO","NOITE","Sexta-feira",0,2,0,0,0,0,0,2
"Fora do Pico","VIAS URBANAS","COLISAO","TARDE","Sexta-feira",0,2,1,0,0,0,0,3
"Fora do Pico","ESTRADAS E RODOVIAS","COLISAO","TARDE","Sexta-feira",0,0,1,0,0,0,0,1
"Pico","VIAS URBANAS","COLISAO","TARDE","Sexta-feira",0,1,1,0,0,0,0,2
"Pico","ESTRADAS E RODOVIAS","COLISAO","TARDE","Sexta-feira",0,1,1,0,0,0,0,2
"Pico","VIAS URBANAS","CHOQUE","NOITE","Sexta-feira",0,1,0,0,0,0,0,1
"Fora do Pico","VIAS URBANAS","OUTROS","MADRUGADA","Sexta-feira",0,0,1,0,0,0,0,1
"Fora do Pico","VIAS URBANAS","COLISAO","NOITE","Sexta-feira",0,1,1,0,0,0,0,2
"Fora do Pico","VIAS URBANAS","COLISAO","MANHA","Sexta-feira",0,1,1,0,0,0,0,2
"Pico","VIAS URBANAS","COLISAO","MANHA","Sexta-feira",0,1,1,0,0,0,0,2
"Pico","VIAS URBANAS","ATROPELAMENTO","MANHA","Sexta-feira",0,0,1,0,0,1,0,1
"Fora do Pico","VIAS URBANAS","ATROPELAMENTO","MANHA","Sexta-feira",0,1,0,0,0,1,0,1
"Fora do Pico","VIAS URBANAS","COLISAO","MANHA","Sexta-feira",0,1,1,0,0,0,0,2
"Fora do Pico","VIAS URBANAS","OUTROS","MANHA","Sexta-feira",0,0,1,0,0,0,0,1
"Pico","VIAS URBANAS","COLISAO","TARDE","Sexta-feira",0,1,1,0,0,0,0,2
"Fora do Pico","ESTRADAS E RODOVIAS","COLISAO","TARDE","Sexta-feira",0,1,1,0,0,0,0,2
"Fora do Pico","VIAS URBANAS","COLISAO","TARDE","Sexta-feira",0,1,1,0,0,0,0,2
"Fora do Pico","VIAS URBANAS","CHOQUE","TARDE","Sábado",0,2,0,0,0,0,0,2
"Fora do Pico","VIAS URBANAS","ATROPELAMENTO","MANHA","Sábado",0,1,1,0,0,2,0,2
"Fora do Pico","NAO DISPONIVEL","ATROPELAMENTO","NOITE","Sábado",1,0,0,0,0,0,1,0
"Fora do Pico","ESTRADAS E RODOVIAS","OUTROS","TARDE","Sábado",0,1,0,0,0,0,0,1
"Fora do Pico","ESTRADAS E RODOVIAS","COLISAO","MANHA","Sábado",0,1,1,0,0,0,0,2
"Fora do Pico","VIAS URBANAS","COLISAO","TARDE","Sábado",0,1,1,0,0,0,0,2
"Fora do Pico","VIAS URBANAS","COLISAO","TARDE","Sábado",0,0,1,0,0,0,0,1
"Fora do Pico","VIAS URBANAS","ATROPELAMENTO","TARDE","Sábado",0,0,1,0,0,2,0,1
"Fora do Pico","VIAS URBANAS","ATROPELAMENTO","NOITE","Sábado",0,1,0,0,0,1,0,1
"Fora do Pico","VIAS URBANAS","CHOQUE","NOITE","Sábado",0,1,0,0,0,0,0,1
"Fora do Pico","VIAS URBANAS","CHOQUE","MANHA","Sábado",0,0,0,0,1,0,0,1
"Fora do Pico","VIAS URBANAS","OUTROS","MANHA","Sábado",0,0,1,0,0,0,0,1
"Pico","VIAS URBANAS","NAO DISPONIVEL","TARDE","Sábado",0,0,1,0,0,0,0,1
"Fora do Pico","VIAS URBANAS","COLISAO","MANHA","Sábado",0,1,1,0,0,0,0,2
"Fora do Pico","VIAS URBANAS","COLISAO","MANHA","Sábado",0,1,1,0,0,0,0,2
"Fora do Pico","VIAS URBANAS","COLISAO","MADRUGADA","Sábado",0,1,0,0,0,0,0,1
"Fora do Pico","VIAS URBANAS","COLISAO","TARDE","Sábado",0,0,1,0,0,0,0,1
"Fora do Pico","VIAS URBANAS","COLISAO","TARDE","Sábado",0,1,1,0,0,0,0,2
"Pico","ESTRADAS E RODOVIAS","OUTROS","TARDE","Sábado",0,1,0,0,0,0,0,1
"Pico","VIAS URBANAS","OUTROS","TARDE","Sábado",0,0,1,0,0,0,0,1
"Pico","ESTRADAS E RODOVIAS","CHOQUE","NOITE","Sábado",0,0,1,0,0,0,0,1
"Fora do Pico","ESTRADAS E RODOVIAS","COLISAO","NOITE","Sábado",0,1,1,0,0,0,0,2
"Fora do Pico","ESTRADAS E RODOVIAS","COLISAO","NOITE","Sábado",0,1,1,0,0,0,0,2
"Fora do Pico","VIAS URBANAS","COLISAO","NOITE","Sábado",0,2,0,0,0,0,0,2
"Fora do Pico","VIAS URBANAS","COLISAO","NOITE","Sábado",0,2,0,0,0,0,0,2
"Fora do Pico","VIAS URBANAS","CHOQUE","MADRUGADA","Sábado",0,0,1,0,0,0,0,1
"Fora do Pico","ESTRADAS E RODOVIAS","COLISAO","MADRUGADA","Sábado",0,0,0,0,2,0,0,6
"Pico","VIAS URBANAS","ATROPELAMENTO","MANHA","Sábado",0,0,1,0,0,1,1,1
"Fora do Pico","VIAS URBANAS","OUTROS","MADRUGADA","Sábado",0,0,1,0,0,0,0,1
"Fora do Pico","ESTRADAS E RODOVIAS","COLISAO","MANHA","Sábado",0,2,0,0,0,0,0,2
"Fora do Pico","ESTRADAS E RODOVIAS","COLISAO","MANHA","Sábado",0,1,1,0,0,0,0,2
"Fora do Pico","VIAS URBANAS","COLISAO","MANHA","Sábado",0,1,1,0,0,0,0,2
"Fora do Pico","VIAS URBANAS","COLISAO","MADRUGADA","Domingo",1,0,1,0,0,0,0,1
"Pico","VIAS URBANAS","OUTROS","TARDE","Domingo",1,1,0,0,0,0,0,1
"Fora do Pico","ESTRADAS E RODOVIAS","COLISAO","MANHA","Domingo",0,1,1,0,0,0,0,2
"Fora do Pico","VIAS URBANAS","COLISAO","MADRUGADA","Domingo",0,1,1,0,0,0,0,2
"Fora do Pico","VIAS URBANAS","COLISAO","NOITE","Domingo",0,1,1,0,0,0,0,2
"Pico","VIAS URBANAS","CHOQUE","TARDE","Domingo",0,1,1,0,0,0,0,2
"Fora do Pico","VIAS URBANAS","COLISAO","TARDE","Domingo",0,1,1,0,0,0,0,2
"Fora do Pico","VIAS URBANAS","COLISAO","TARDE","Domingo",0,0,1,0,0,0,0,1
"Pico","VIAS URBANAS","OUTROS","TARDE","Domingo",0,0,1,0,0,0,0,1
"Pico","VIAS URBANAS","NAO DISPONIVEL","TARDE","Domingo",0,0,1,0,0,0,0,1
"Pico","VIAS URBANAS","CHOQUE","NOITE","Domingo",0,0,1,0,0,0,0,1
"Fora do Pico","ESTRADAS E RODOVIAS","OUTROS","NOITE","Domingo",0,1,0,0,0,0,0,1
"Fora do Pico","ESTRADAS E RODOVIAS","CHOQUE","NOITE","Domingo",0,2,0,1,0,0,0,3
"Fora do Pico","VIAS URBANAS","NAO DISPONIVEL","NOITE","Domingo",0,0,1,0,0,0,0,1
"Fora do Pico","VIAS URBANAS","OUTROS","MADRUGADA","Domingo",0,1,0,0,0,0,0,1
"Fora do Pico","ESTRADAS E RODOVIAS","OUTROS","NOITE","Domingo",0,1,1,0,0,0,0,2
"Fora do Pico","ESTRADAS E RODOVIAS","COLISAO","MADRUGADA","Domingo",0,1,1,0,0,0,0,2
"Pico","ESTRADAS E RODOVIAS","COLISAO","MANHA","Domingo",0,0,2,0,0,0,0,2
"Fora do Pico","VIAS URBANAS","CHOQUE","MADRUGADA","Segunda-feira",1,1,0,0,0,0,0,1
"Pico","VIAS URBANAS","COLISAO","NOITE","Segunda-feira",0,0,1,0,0,0,0,1
"Pico","VIAS URBANAS","COLISAO","TARDE","Segunda-feira",1,0,1,0,0,0,0,1
"Fora do Pico","VIAS URBANAS","OUTROS","NOITE","Segunda-feira",0,0,1,0,0,0,1,1
"Fora do Pico","VIAS URBANAS","CHOQUE","MADRUGADA","Segunda-feira",1,0,1,0,0,0,0,1
"Pico","ESTRADAS E RODOVIAS","COLISAO","MANHA","Segunda-feira",0,1,1,0,0,0,0,2
"Fora do Pico","VIAS URBANAS","COLISAO","TARDE","Segunda-feira",0,2,0,0,0,0,0,2
"Fora do Pico","VIAS URBANAS","COLISAO","TARDE","Segunda-feira",0,0,0,0,0,0,0,0
"Fora do Pico","VIAS URBANAS","COLISAO","TARDE","Segunda-feira",0,1,1,0,0,0,0,2
"Fora do Pico","VIAS URBANAS","CHOQUE","TARDE","Segunda-feira",0,3,0,0,0,0,0,3
"Pico","VIAS URBANAS","OUTROS","NOITE","Segunda-feira",0,1,0,0,0,0,1,1
"Pico","VIAS URBANAS","COLISAO","NOITE","Segunda-feira",0,0,1,0,0,0,1,1
"Pico","VIAS URBANAS","COLISAO","TARDE","Segunda-feira",0,1,1,0,0,0,0,2
"Pico","VIAS URBANAS","COLISAO","NOITE","Segunda-feira",0,1,1,0,0,0,0,2
"Pico","VIAS URBANAS","COLISAO","NOITE","Segunda-feira",0,0,0,2,0,0,0,2
"Fora do Pico","ESTRADAS E RODOVIAS","COLISAO","NOITE","Segunda-feira",0,0,1,0,0,0,0,1
"Fora do Pico","VIAS URBANAS","COLISAO","NOITE","Segunda-feira",0,1,1,0,0,0,0,2
"Fora do Pico","VIAS URBANAS","COLISAO","MADRUGADA","Segunda-feira",0,0,1,0,0,0,0,1
"Fora do Pico","ESTRADAS E RODOVIAS","OUTROS","MADRUGADA","Segunda-feira",0,1,0,0,0,0,0,1
"Pico","VIAS URBANAS","COLISAO","MANHA","Segunda-feira",0,1,0,1,0,0,0,2
"Fora do Pico","VIAS URBANAS","NAO DISPONIVEL","MADRUGADA","Segunda-feira",0,0,1,0,0,0,0,1
"Fora do Pico","VIAS URBANAS","COLISAO","MANHA","Segunda-feira",0,1,1,0,0,0,0,2
"Fora do Pico","ESTRADAS E RODOVIAS","OUTROS","TARDE","Segunda-feira",0,0,1,0,0,0,0,1
"Fora do Pico","VIAS URBANAS","COLISAO","MANHA","Segunda-feira",0,1,0,0,0,0,0,1
"Pico","ESTRADAS E RODOVIAS","COLISAO","TARDE","Segunda-feira",0,1,1,0,0,0,0,2
"Fora do Pico","VIAS URBANAS","COLISAO","TARDE","Segunda-feira",0,1,1,0,0,0,0,2
"Pico","VIAS URBANAS","COLISAO","TARDE","Segunda-feira",0,1,1,0,0,0,0,2
"Pico","VIAS URBANAS","COLISAO","TARDE","Terça-feira",0,2,0,0,0,0,0,2
"Pico","VIAS URBANAS","COLISAO","MANHA","Terça-feira",0,2,0,0,0,0,0,2
"Fora do Pico","VIAS URBANAS","COLISAO","MADRUGADA","Terça-feira",0,1,1,0,0,0,0,2
"Pico","VIAS URBANAS","COLISAO","MANHA","Terça-feira",0,1,1,0,0,0,0,2
"Fora do Pico","ESTRADAS E RODOVIAS","COLISAO","NOITE","Terça-feira",1,0,2,0,1,0,0,3
"Fora do Pico","VIAS URBANAS","COLISAO","TARDE","Terça-feira",0,1,1,0,0,0,0,2
"Fora do Pico","VIAS URBANAS","OUTROS","TARDE","Terça-feira",0,1,0,0,0,0,0,1
"Fora do Pico","VIAS URBANAS","ATROPELAMENTO","NOITE","Terça-feira",0,0,1,0,0,1,0,1
"Pico","VIAS URBANAS","COLISAO","TARDE","Terça-feira",0,0,2,0,0,0,0,2
"Pico","VIAS URBANAS","OUTROS","TARDE","Terça-feira",0,0,0,0,0,0,0,1
"Pico","VIAS URBANAS","COLISAO","NOITE","Terça-feira",0,1,1,0,0,0,0,2
"Pico","VIAS URBANAS","OUTROS","NOITE","Terça-feira",0,0,1,0,0,0,0,1
"Pico","VIAS URBANAS","ATROPELAMENTO","NOITE","Terça-feira",0,0,1,0,0,1,0,1
"Fora do Pico","VIAS URBANAS","COLISAO","NOITE","Terça-feira",0,1,1,0,0,0,0,2
"Fora do Pico","VIAS URBANAS","COLISAO","NOITE","Terça-feira",0,0,1,1,0,0,0,2
"Fora do Pico","VIAS URBANAS","COLISAO","MADRUGADA","Terça-feira",0,0,1,1,0,0,0,2
"Pico","VIAS URBANAS","OUTROS","MANHA","Terça-feira",0,0,1,0,0,0,0,1
"Pico","VIAS URBANAS","NAO DISPONIVEL","MANHA","Terça-feira",0,1,1,0,0,0,0,2
"Pico","ESTRADAS E RODOVIAS","COLISAO","MANHA","Terça-feira",0,1,1,0,0,0,0,2
"Fora do Pico","VIAS URBANAS","COLISAO","MANHA","Terça-feira",0,1,1,0,0,0,0,2
"Fora do Pico","VIAS URBANAS","COLISAO","MANHA","Terça-feira",0,0,1,0,1,0,0,2
"Fora do Pico","VIAS URBANAS","COLISAO","MANHA","Terça-feira",0,0,1,0,0,0,0,1
"Pico","ESTRADAS E RODOVIAS","COLISAO","NOITE","Terça-feira",0,1,0,0,1,0,0,4
"Pico","ESTRADAS E RODOVIAS","OUTROS","TARDE","Terça-feira",0,0,1,0,0,0,0,1
"Fora do Pico","VIAS URBANAS","OUTROS","TARDE","Terça-feira",0,3,0,0,0,0,0,3
"Fora do Pico","VIAS URBANAS","COLISAO","TARDE","Terça-feira",0,0,1,0,1,0,0,2
"Fora do Pico","VIAS URBANAS","OUTROS","TARDE","Terça-feira",0,0,1,0,0,0,0,1
"Pico","VIAS URBANAS","COLISAO","NOITE","Quarta-feira",0,1,0,0,0,0,0,1
"Fora do Pico","VIAS URBANAS","COLISAO","TARDE","Quarta-feira",0,2,1,0,0,0,0,3
"Fora do Pico","VIAS URBANAS","OUTROS","NOITE","Quarta-feira",0,2,0,0,0,0,0,2
"Fora do Pico","VIAS URBANAS","COLISAO","NOITE","Quarta-feira",1,0,1,0,0,0,0,2
"Pico","VIAS URBANAS","COLISAO","TARDE","Quarta-feira",0,1,1,0,0,0,0,2
"Fora do Pico","VIAS URBANAS","COLISAO","MANHA","Quarta-feira",0,1,1,0,0,0,0,2
"Fora do Pico","VIAS URBANAS","ATROPELAMENTO","MANHA","Quarta-feira",0,1,0,1,0,1,0,2
"Fora do Pico","VIAS URBANAS","COLISAO","TARDE","Quarta-feira",0,1,1,0,0,0,0,2
"Fora do Pico","ESTRADAS E RODOVIAS","COLISAO","MANHA","Quarta-feira",0,1,1,0,0,0,0,2
"Fora do Pico","VIAS URBANAS","COLISAO","TARDE","Quarta-feira",0,1,1,0,0,0,0,2
"Fora do Pico","VIAS URBANAS","COLISAO","TARDE","Quarta-feira",0,1,0,0,0,0,1,1
"Fora do Pico","VIAS URBANAS","ATROPELAMENTO","TARDE","Quarta-feira",0,1,0,0,0,2,0,1
"Pico","VIAS URBANAS","COLISAO","TARDE","Quarta-feira",0,2,0,0,0,0,0,2
"Pico","VIAS URBANAS","COLISAO","TARDE","Quarta-feira",0,1,1,0,0,0,0,2
"Fora do Pico","VIAS URBANAS","COLISAO","NOITE","Quarta-feira",0,1,1,0,0,0,0,2
"Fora do Pico","VIAS URBANAS","COLISAO","MANHA","Quarta-feira",0,1,1,0,0,0,0,2
"Pico","ESTRADAS E RODOVIAS","OUTROS","MANHA","Quarta-feira",0,4,0,0,0,0,0,5
"Pico","VIAS URBANAS","COLISAO","MANHA","Quarta-feira",0,1,1,0,0,0,0,2
"Fora do Pico","VIAS URBANAS","COLISAO","MANHA","Quarta-feira",0,1,0,0,1,0,0,2
"Pico","ESTRADAS E RODOVIAS","OUTROS","MANHA","Quarta-feira",0,0,1,0,0,0,0,1
"Pico","ESTRADAS E RODOVIAS","COLISAO","TARDE","Quarta-feira",0,1,0,0,1,0,0,3
"Fora do Pico","ESTRADAS E RODOVIAS","OUTROS","TARDE","Quarta-feira",0,0,1,0,0,0,0,1
"Fora do Pico","VIAS URBANAS","NAO DISPONIVEL","MANHA","Quarta-feira",0,0,2,0,0,0,0,2
"Pico","VIAS URBANAS","COLISAO","TARDE","Quarta-feira",0,1,1,0,0,0,0,2
"Pico","VIAS URBANAS","COLISAO","TARDE","Quarta-feira",0,2,0,0,0,0,0,2
"Fora do Pico","VIAS URBANAS","CHOQUE","TARDE","Quinta-feira",1,0,1,0,0,0,0,1
"Pico","VIAS URBANAS","COLISAO","NOITE","Quinta-feira",0,0,1,0,0,0,0,1
"Fora do Pico","VIAS URBANAS","COLISAO","TARDE","Quinta-feira",0,0,1,0,0,0,1,1
"Pico","VIAS URBANAS","OUTROS","MANHA","Quinta-feira",0,0,0,0,1,0,0,1
"Fora do Pico","VIAS URBANAS","COLISAO","NOITE","Quinta-feira",0,1,1,0,0,0,0,2
"Pico","VIAS URBANAS","OUTROS","MANHA","Quinta-feira",0,0,1,0,0,0,0,1
"Fora do Pico","ESTRADAS E RODOVIAS","ATROPELAMENTO","TARDE","Quinta-feira",0,0,0,0,2,0,0,4
"Fora do Pico","VIAS URBANAS","COLISAO","MANHA","Quinta-feira",0,0,1,0,0,0,0,2
"Fora do Pico","VIAS URBANAS","COLISAO","NOITE","Quinta-feira",0,1,0,0,0,0,0,1
"Fora do Pico","ESTRADAS E RODOVIAS","COLISAO","TARDE","Quinta-feira",0,2,0,0,1,0,0,3
"Pico","ESTRADAS E RODOVIAS","COLISAO","TARDE","Quinta-feira",0,1,1,0,0,0,0,2
"Pico","VIAS URBANAS","COLISAO","NOITE","Quinta-feira",0,1,0,0,0,0,0,1
"Pico","VIAS URBANAS","COLISAO","TARDE","Quinta-feira",0,2,0,0,0,0,0,2
"Fora do Pico","VIAS URBANAS","COLISAO","TARDE","Quinta-feira",0,3,0,0,0,0,0,3
"Fora do Pico","VIAS URBANAS","CHOQUE","TARDE","Quinta-feira",0,1,0,0,0,0,0,1
"Pico","VIAS URBANAS","OUTROS","TARDE","Quinta-feira",0,0,1,0,0,0,0,1
"Fora do Pico","ESTRADAS E RODOVIAS","CHOQUE","MADRUGADA","Quinta-feira",0,0,1,0,0,0,0,1
"Pico","VIAS URBANAS","COLISAO","NOITE","Quinta-feira",0,1,1,0,0,0,0,2
"Fora do Pico","VIAS URBANAS","COLISAO","NOITE","Quinta-feira",0,1,1,0,0,0,0,2
"Pico","VIAS URBANAS","COLISAO","MANHA","Quinta-feira",0,1,1,0,0,0,0,2
"Pico","VIAS URBANAS","COLISAO","MANHA","Quinta-feira",0,1,0,0,0,0,0,1
"Fora do Pico","VIAS URBANAS","CHOQUE","MANHA","Quinta-feira",0,0,0,0,1,0,0,1
"Fora do Pico","VIAS URBANAS","ATROPELAMENTO","MANHA","Quinta-feira",0,0,1,0,0,1,0,1
"Fora do Pico","VIAS URBANAS","CHOQUE","MANHA","Quinta-feira",0,1,1,0,0,0,0,2
"Pico","VIAS URBANAS","COLISAO","TARDE","Quinta-feira",0,1,1,0,0,0,0,2
"Pico","VIAS URBANAS","OUTROS","TARDE","Quinta-feira",0,0,1,0,0,0,0,1
"Fora do Pico","VIAS URBANAS","COLISAO","TARDE","Quinta-feira",0,2,0,0,0,0,0,2
"Fora do Pico","ESTRADAS E RODOVIAS","COLISAO","TARDE","Sexta-feira",0,2,0,0,1,0,0,4
"Fora do Pico","VIAS URBANAS","ATROPELAMENTO","MADRUGADA","Sexta-feira",0,1,0,0,0,1,0,1
"Pico","VIAS URBANAS","COLISAO","TARDE","Sexta-feira",0,1,1,0,0,0,0,2
"Fora do Pico","ESTRADAS E RODOVIAS","COLISAO","TARDE","Sexta-feira",1,0,0,0,0,0,1,0
"Pico","VIAS URBANAS","ATROPELAMENTO","TARDE","Sexta-feira",1,1,0,0,0,1,0,1
"Fora do Pico","ESTRADAS E RODOVIAS","COLISAO","MANHA","Sexta-feira",0,1,0,1,0,0,0,2
"Pico","VIAS URBANAS","COLISAO","TARDE","Sexta-feira",0,1,0,0,0,0,0,1
"Pico","VIAS URBANAS","COLISAO","TARDE","Sexta-feira",0,2,0,0,0,0,0,2
"Pico","VIAS URBANAS","COLISAO","MANHA","Sexta-feira",0,1,1,0,0,0,0,2
"Fora do Pico","VIAS URBANAS","COLISAO","MANHA","Sexta-feira",0,1,1,0,0,0,0,2
"Pico","VIAS URBANAS","COLISAO","NOITE","Sexta-feira",0,1,1,0,0,0,0,2
"Fora do Pico","VIAS URBANAS","CHOQUE","TARDE","Sexta-feira",0,0,1,0,0,0,0,2
"Fora do Pico","VIAS URBANAS","COLISAO","TARDE","Sexta-feira",0,1,1,0,0,0,0,2
"Pico","VIAS URBANAS","COLISAO","MANHA","Sexta-feira",0,0,1,0,0,0,0,1
"Fora do Pico","VIAS URBANAS","COLISAO","TARDE","Sexta-feira",0,0,1,0,0,0,0,1
"Fora do Pico","VIAS URBANAS","COLISAO","TARDE","Sexta-feira",0,1,1,0,0,0,0,2
"Pico","VIAS URBANAS","COLISAO","MANHA","Sexta-feira",0,1,0,0,1,0,0,3
"Pico","VIAS URBANAS","COLISAO","TARDE","Sexta-feira",0,1,1,0,0,0,0,2
"Fora do Pico","VIAS URBANAS","OUTROS","MADRUGADA","Sexta-feira",0,0,1,0,0,0,0,1
"Fora do Pico","ESTRADAS E RODOVIAS","OUTROS","NOITE","Sexta-feira",0,0,1,0,0,0,0,1
"Fora do Pico","VIAS URBANAS","COLISAO","NOITE","Sexta-feira",0,1,1,0,0,0,0,2
"Fora do Pico","VIAS URBANAS","COLISAO","NOITE","Sexta-feira",0,1,1,0,0,0,0,2
"Fora do Pico","VIAS URBANAS","COLISAO","NOITE","Sexta-feira",0,2,0,0,0,0,0,2
"Fora do Pico","VIAS URBANAS","COLISAO","NOITE","Sexta-feira",0,1,1,0,0,0,0,2
"Pico","VIAS URBANAS","COLISAO","MANHA","Sexta-feira",0,1,0,0,0,0,0,1
"Pico","VIAS URBANAS","OUTROS","MANHA","Sexta-feira",0,0,1,0,0,0,0,1
"Pico","NAO DISPONIVEL","COLISAO","TARDE","Sexta-feira",0,0,2,0,0,0,0,2
"Pico","VIAS URBANAS","COLISAO","MANHA","Sexta-feira",0,1,1,0,0,0,0,2
"Pico","VIAS URBANAS","COLISAO","TARDE","Sexta-feira",0,0,1,0,0,0,0,2
"Pico","VIAS URBANAS","COLISAO","MANHA","Sábado",0,1,1,0,0,0,0,2
"Fora do Pico","VIAS URBANAS","OUTROS","NOITE","Sábado",0,0,1,0,0,0,0,1
"Fora do Pico","VIAS URBANAS","COLISAO","TARDE","Sábado",0,2,0,0,0,0,0,2
"Fora do Pico","ESTRADAS E RODOVIAS","COLISAO","MANHA","Sábado",1,1,0,0,1,0,0,2
"Fora do Pico","VIAS URBANAS","COLISAO","MANHA","Sábado",0,1,1,0,0,0,0,2
"Pico","VIAS URBANAS","CHOQUE","TARDE","Sábado",0,1,0,0,0,0,0,1
"Fora do Pico","ESTRADAS E RODOVIAS","COLISAO","MANHA","Sábado",0,0,1,1,0,0,0,2
"Pico","VIAS URBANAS","COLISAO","MANHA","Sábado",0,1,1,0,0,0,0,2
"Fora do Pico","VIAS URBANAS","CHOQUE","MADRUGADA","Sábado",0,1,3,0,0,0,0,4
"Fora do Pico","ESTRADAS E RODOVIAS","COLISAO","MANHA","Sábado",0,1,1,0,0,0,0,2
"Fora do Pico","VIAS URBANAS","COLISAO","TARDE","Sábado",0,0,1,0,0,0,0,1
"Fora do Pico","VIAS URBANAS","COLISAO","TARDE","Sábado",0,0,0,0,0,0,0,1
"Fora do Pico","VIAS URBANAS","NAO DISPONIVEL","TARDE","Sábado",0,0,1,0,0,0,0,1
"Pico","VIAS URBANAS","COLISAO","NOITE","Sábado",0,1,0,0,0,0,0,1
"Pico","VIAS URBANAS","COLISAO","NOITE","Sábado",0,1,1,0,0,0,0,2
"Fora do Pico","VIAS URBANAS","ATROPELAMENTO","NOITE","Sábado",0,2,0,0,0,1,1,2
"Fora do Pico","VIAS URBANAS","CHOQUE","NOITE","Sábado",0,2,0,0,0,0,0,2
"Fora do Pico","VIAS URBANAS","COLISAO","NOITE","Sábado",0,1,1,0,0,0,0,2
"Fora do Pico","ESTRADAS E RODOVIAS","CHOQUE","NOITE","Sábado",0,0,1,0,0,0,0,1
"Fora do Pico","ESTRADAS E RODOVIAS","COLISAO","NOITE","Sábado",0,0,1,0,0,0,0,1
"Fora do Pico","ESTRADAS E RODOVIAS","NAO DISPONIVEL","MADRUGADA","Sábado",0,0,1,0,0,0,0,1
"Fora do Pico","VIAS URBANAS","CHOQUE","MANHA","Sábado",0,0,2,0,0,0,0,2
"Fora do Pico","VIAS URBANAS","COLISAO","MANHA","Sábado",0,1,1,0,0,0,0,2
"Fora do Pico","VIAS URBANAS","CHOQUE","MADRUGADA","Domingo",1,0,1,0,0,0,0,1
"Fora do Pico","ESTRADAS E RODOVIAS","OUTROS","NOITE","Domingo",0,0,1,0,0,0,0,1
"Fora do Pico","ESTRADAS E RODOVIAS","COLISAO","NOITE","Domingo",1,1,1,0,0,0,0,2
"Fora do Pico","VIAS URBANAS","NAO DISPONIVEL","NOITE","Domingo",0,0,1,0,0,0,0,1
"Pico","ESTRADAS E RODOVIAS","COLISAO","TARDE","Domingo",1,0,1,0,0,0,0,1
"Pico","VIAS URBANAS","OUTROS","MANHA","Domingo",0,0,1,0,0,0,0,1
"Fora do Pico","ESTRADAS E RODOVIAS","COLISAO","MADRUGADA","Domingo",0,1,1,0,0,0,0,2
"Fora do Pico","VIAS URBANAS","COLISAO","TARDE","Quarta-feira",0,1,1,0,0,0,0,2
"Pico","VIAS URBANAS","COLISAO","NOITE","Quarta-feira",0,0,1,0,0,0,0,1
"Pico","VIAS URBANAS","COLISAO","TARDE","Quarta-feira",0,1,1,0,0,0,0,2
"Fora do Pico","VIAS URBANAS","COLISAO","NOITE","Quarta-feira",0,0,1,0,0,0,0,1
"Fora do Pico","VIAS URBANAS","COLISAO","NOITE","Quarta-feira",0,0,1,0,0,0,0,1
"Fora do Pico","VIAS URBANAS","COLISAO","NOITE","Quarta-feira",0,1,1,0,0,0,0,2
"Pico","VIAS URBANAS","COLISAO","MANHA","Quarta-feira",0,0,2,0,0,0,0,2
"Pico","VIAS URBANAS","COLISAO","MANHA","Quarta-feira",0,1,1,0,0,0,0,2
"Fora do Pico","VIAS URBANAS","COLISAO","MANHA","Quarta-feira",0,1,0,0,0,0,0,1
"Fora do Pico","VIAS URBANAS","COLISAO","MANHA","Quarta-feira",0,0,1,0,0,0,0,2
"Pico","ESTRADAS E RODOVIAS","COLISAO","MANHA","Quarta-feira",0,1,1,0,0,0,0,2
"Pico","VIAS URBANAS","COLISAO","MANHA","Quarta-feira",0,1,1,0,0,0,0,2
"Pico","VIAS URBANAS","COLISAO","TARDE","Quarta-feira",0,1,1,0,0,0,0,2
"Fora do Pico","VIAS URBANAS","OUTROS","TARDE","Quarta-feira",0,0,1,0,0,0,0,1
"Fora do Pico","VIAS URBANAS","CHOQUE","MADRUGADA","Quinta-feira",1,0,1,0,0,0,0,1
"Pico","VIAS URBANAS","COLISAO","NOITE","Quinta-feira",0,1,0,0,0,0,0,1
"Pico","VIAS URBANAS","COLISAO","NOITE","Quinta-feira",0,0,1,0,0,0,0,2
"Fora do Pico","VIAS URBANAS","COLISAO","TARDE","Quinta-feira",0,1,1,0,0,0,0,2
"Fora do Pico","ESTRADAS E RODOVIAS","COLISAO","TARDE","Quinta-feira",0,1,1,0,1,0,0,3
"Fora do Pico","VIAS URBANAS","CHOQUE","TARDE","Quinta-feira",0,0,0,0,1,0,0,1
"Fora do Pico","VIAS URBANAS","COLISAO","TARDE","Quinta-feira",0,1,1,0,0,0,0,2
"Pico","VIAS URBANAS","COLISAO","TARDE","Quinta-feira",0,0,2,0,0,0,0,2
"Pico","VIAS URBANAS","COLISAO","TARDE","Quinta-feira",0,3,0,0,0,0,0,3
"Fora do Pico","VIAS URBANAS","CHOQUE","MADRUGADA","Quinta-feira",0,1,0,0,1,0,0,2
"Fora do Pico","VIAS URBANAS","COLISAO","NOITE","Quinta-feira",0,0,2,0,0,0,0,2
"Fora do Pico","VIAS URBANAS","CHOQUE","NOITE","Quinta-feira",0,0,1,0,0,0,0,1
"Fora do Pico","VIAS URBANAS","COLISAO","NOITE","Quinta-feira",0,1,0,0,0,0,1,1
"Pico","VIAS URBANAS","COLISAO","MANHA","Quinta-feira",0,1,1,0,0,0,0,2
"Pico","VIAS URBANAS","COLISAO","MANHA","Quinta-feira",0,1,1,0,0,0,0,2
"Fora do Pico","VIAS URBANAS","COLISAO","MANHA","Quinta-feira",0,0,1,0,0,0,0,1
"Fora do Pico","VIAS URBANAS","ATROPELAMENTO","MANHA","Quinta-feira",0,0,0,0,0,0,1,1
"Pico","VIAS URBANAS","COLISAO","MANHA","Quinta-feira",0,1,1,0,0,0,0,2
"Pico","VIAS URBANAS","ATROPELAMENTO","TARDE","Quinta-feira",0,0,1,0,0,2,0,1
"Pico","VIAS URBANAS","COLISAO","TARDE","Quinta-feira",0,2,0,0,0,0,0,2
"Fora do Pico","VIAS URBANAS","COLISAO","TARDE","Quinta-feira",0,0,1,0,0,0,0,1
"Fora do Pico","VIAS URBANAS","COLISAO","TARDE","Quinta-feira",0,2,0,0,0,0,0,2
"Pico","VIAS URBANAS","COLISAO","TARDE","Quinta-feira",0,1,1,0,0,0,0,2
"Fora do Pico","VIAS URBANAS","COLISAO","TARDE","Sexta-feira",0,2,1,0,0,0,0,3
"Fora do Pico","VIAS URBANAS","CHOQUE","NOITE","Sexta-feira",0,0,1,0,0,0,0,1
"Fora do Pico","VIAS URBANAS","CHOQUE","MANHA","Sexta-feira",0,1,1,0,0,0,0,2
"Pico","VIAS URBANAS","COLISAO","MANHA","Sexta-feira",0,0,1,1,0,0,0,2
"Fora do Pico","VIAS URBANAS","CHOQUE","MADRUGADA","Sexta-feira",0,1,0,0,0,0,0,1
"Fora do Pico","ESTRADAS E RODOVIAS","COLISAO","NOITE","Sexta-feira",0,1,1,0,0,0,0,2
"Fora do Pico","VIAS URBANAS","ATROPELAMENTO","TARDE","Sexta-feira",1,1,2,0,0,1,0,3
"Pico","VIAS URBANAS","COLISAO","TARDE","Sexta-feira",0,1,1,0,0,0,0,2
"Fora do Pico","VIAS URBANAS","COLISAO","TARDE","Sexta-feira",0,1,1,0,0,0,0,2
"Pico","VIAS URBANAS","COLISAO","MANHA","Sexta-feira",0,1,1,0,0,0,0,2
"Pico","ESTRADAS E RODOVIAS","COLISAO","TARDE","Sexta-feira",0,1,1,0,0,0,0,2
"Fora do Pico","VIAS URBANAS","COLISAO","TARDE","Sexta-feira",0,1,1,0,0,0,0,2
"Pico","ESTRADAS E RODOVIAS","OUTROS","NOITE","Sexta-feira",0,0,1,0,0,0,0,1
"Pico","VIAS URBANAS","ATROPELAMENTO","TARDE","Sexta-feira",0,0,0,1,0,1,0,1
"Pico","VIAS URBANAS","COLISAO","TARDE","Sexta-feira",0,0,1,0,0,0,0,1
"Fora do Pico","VIAS URBANAS","COLISAO","NOITE","Sexta-feira",0,1,0,0,0,0,0,1
"Pico","VIAS URBANAS","COLISAO","NOITE","Sexta-feira",0,1,0,1,0,0,0,2
"Fora do Pico","ESTRADAS E RODOVIAS","COLISAO","NOITE","Sexta-feira",0,1,1,0,0,0,0,2
"Fora do Pico","VIAS URBANAS","COLISAO","NOITE","Sexta-feira",0,0,2,0,0,0,0,2
"Fora do Pico","VIAS URBANAS","OUTROS","NOITE","Sexta-feira",0,0,1,0,0,0,0,1
"Pico","VIAS URBANAS","COLISAO","MANHA","Sexta-feira",0,1,0,0,0,0,1,1
"Pico","VIAS URBANAS","COLISAO","MANHA","Sexta-feira",0,1,1,0,0,0,0,2
"Fora do Pico","ESTRADAS E RODOVIAS","COLISAO","NOITE","Sexta-feira",0,1,1,0,0,0,0,2
"Fora do Pico","VIAS URBANAS","COLISAO","MANHA","Sexta-feira",0,1,0,0,1,0,0,3
"Fora do Pico","ESTRADAS E RODOVIAS","COLISAO","MANHA","Sexta-feira",0,1,1,0,0,0,0,2
"Pico","ESTRADAS E RODOVIAS","COLISAO","TARDE","Sexta-feira",0,0,1,0,0,0,0,1
"Fora do Pico","VIAS URBANAS","COLISAO","TARDE","Sexta-feira",0,1,0,0,1,0,0,2
"Fora do Pico","VIAS URBANAS","COLISAO","TARDE","Sexta-feira",0,1,0,0,0,0,1,1
"Fora do Pico","VIAS URBANAS","COLISAO","MANHA","Sábado",0,2,0,0,0,0,0,2
"Fora do Pico","ESTRADAS E RODOVIAS","CHOQUE","NOITE","Sábado",1,0,2,0,0,0,0,2
"Pico","VIAS URBANAS","COLISAO","TARDE","Sábado",0,1,1,0,0,0,0,2
"Fora do Pico","VIAS URBANAS","COLISAO","MANHA","Sábado",0,1,1,0,0,0,0,2
"Fora do Pico","VIAS URBANAS","COLISAO","MADRUGADA","Sábado",1,1,1,0,0,0,0,2
"Fora do Pico","VIAS URBANAS","COLISAO","MADRUGADA","Sábado",0,3,0,0,0,0,0,3
"Fora do Pico","VIAS URBANAS","ATROPELAMENTO","NOITE","Sábado",0,0,0,0,0,2,0,0
"Fora do Pico","VIAS URBANAS","COLISAO","NOITE","Sábado",0,0,0,1,0,0,1,1
"Fora do Pico","ESTRADAS E RODOVIAS","CHOQUE","MANHA","Sábado",0,1,0,0,0,0,0,1
"Fora do Pico","VIAS URBANAS","COLISAO","NOITE","Sábado",0,0,1,0,0,0,0,1
"Pico","VIAS URBANAS","COLISAO","NOITE","Sábado",0,1,1,0,0,0,0,2
"Pico","ESTRADAS E RODOVIAS","OUTROS","TARDE","Sábado",0,1,0,0,0,0,0,3
"Pico","VIAS URBANAS","COLISAO","NOITE","Sábado",0,1,0,0,0,0,0,1
"Fora do Pico","VIAS URBANAS","COLISAO","TARDE","Sábado",0,0,1,1,0,0,0,2
"Fora do Pico","VIAS URBANAS","COLISAO","TARDE","Sábado",0,1,1,0,0,0,0,2
"Fora do Pico","VIAS URBANAS","COLISAO","TARDE","Sábado",0,0,2,0,0,0,0,2
"Fora do Pico","VIAS URBANAS","COLISAO","TARDE","Sábado",0,0,1,0,0,0,1,1
"Pico","VIAS URBANAS","ATROPELAMENTO","TARDE","Sábado",0,1,0,0,0,1,0,1
"Pico","VIAS URBANAS","COLISAO","TARDE","Sábado",0,1,1,0,0,0,0,2
"Pico","VIAS URBANAS","COLISAO","NOITE","Sábado",0,1,0,0,0,0,1,1
"Fora do Pico","VIAS URBANAS","COLISAO","NOITE","Sábado",0,1,1,0,0,0,0,2
"Fora do Pico","VIAS URBANAS","COLISAO","TARDE","Sábado",0,0,1,0,0,0,0,2
"Fora do Pico","VIAS URBANAS","COLISAO","NOITE","Sábado",0,1,1,0,0,0,0,2
"Fora do Pico","VIAS URBANAS","COLISAO","NOITE","Sábado",0,1,0,0,0,0,0,1
"Fora do Pico","VIAS URBANAS","OUTROS","NOITE","Sábado",0,0,1,0,0,0,0,1
"Fora do Pico","VIAS URBANAS","COLISAO","MADRUGADA","Sábado",0,0,0,1,0,0,0,1
"Pico","VIAS URBANAS","COLISAO","MANHA","Sábado",0,1,1,0,0,0,0,2
"Pico","ESTRADAS E RODOVIAS","OUTROS","MANHA","Sábado",0,3,0,0,0,0,0,3
"Fora do Pico","VIAS URBANAS","OUTROS","MANHA","Sábado",0,0,1,0,0,0,0,1
"Fora do Pico","VIAS URBANAS","COLISAO","MANHA","Sábado",0,1,1,0,0,0,0,2
"Fora do Pico","VIAS URBANAS","COLISAO","MADRUGADA","Sábado",0,1,1,0,0,0,0,2
"Fora do Pico","VIAS URBANAS","COLISAO","MANHA","Sábado",0,1,1,0,0,0,0,2
"Fora do Pico","ESTRADAS E RODOVIAS","OUTROS","MANHA","Sábado",0,0,1,0,0,0,0,1
"Fora do Pico","VIAS URBANAS","CHOQUE","TARDE","Domingo",0,1,1,0,0,0,0,2
"Pico","VIAS URBANAS","COLISAO","MANHA","Domingo",1,1,1,0,0,0,0,2
"Fora do Pico","VIAS URBANAS","COLISAO","MADRUGADA","Domingo",0,1,1,0,0,0,0,2
"Fora do Pico","ESTRADAS E RODOVIAS","ATROPELAMENTO","MADRUGADA","Domingo",1,0,0,0,0,1,0,1
"Fora do Pico","ESTRADAS E RODOVIAS","ATROPELAMENTO","MADRUGADA","Domingo",1,1,0,0,0,1,0,1
"Fora do Pico","ESTRADAS E RODOVIAS","COLISAO","NOITE","Domingo",0,1,0,0,0,0,0,1
"Fora do Pico","ESTRADAS E RODOVIAS","COLISAO","NOITE","Domingo",0,1,0,0,2,0,0,4
"Fora do Pico","VIAS URBANAS","COLISAO","MADRUGADA","Domingo",0,1,1,0,0,0,0,2
"Fora do Pico","VIAS URBANAS","COLISAO","TARDE","Domingo",0,1,1,0,0,0,0,2
"Fora do Pico","ESTRADAS E RODOVIAS","OUTROS","MANHA","Domingo",0,1,0,0,0,0,0,1
"Pico","VIAS URBANAS","COLISAO","TARDE","Domingo",0,1,1,0,0,0,0,2
"Fora do Pico","VIAS URBANAS","COLISAO","MANHA","Domingo",0,1,1,0,0,0,0,2
"Fora do Pico","VIAS URBANAS","COLISAO","MADRUGADA","Domingo",0,0,1,0,0,0,0,1
"Pico","VIAS URBANAS","COLISAO","MANHA","Domingo",0,0,0,0,2,0,0,3
"Fora do Pico","ESTRADAS E RODOVIAS","CHOQUE","TARDE","Domingo",0,1,0,0,0,0,0,1
"Pico","ESTRADAS E RODOVIAS","CHOQUE","TARDE","Domingo",0,1,0,0,0,0,0,1
"Pico","VIAS URBANAS","CHOQUE","TARDE","Domingo",0,1,0,0,0,0,0,1
"Fora do Pico","VIAS URBANAS","COLISAO","TARDE","Domingo",0,0,1,1,0,0,0,2
"Fora do Pico","VIAS URBANAS","COLISAO","TARDE","Domingo",0,1,0,0,0,0,1,1
"Pico","VIAS URBANAS","COLISAO","TARDE","Domingo",0,1,0,0,0,0,0,1
"Pico","VIAS URBANAS","COLISAO","NOITE","Domingo",0,2,0,0,0,0,0,2
"Fora do Pico","VIAS URBANAS","CHOQUE","NOITE","Domingo",0,0,1,0,0,0,0,1
"Pico","VIAS URBANAS","COLISAO","NOITE","Domingo",0,1,1,0,0,0,0,2
"Fora do Pico","VIAS URBANAS","NAO DISPONIVEL","NOITE","Domingo",0,0,1,0,0,0,0,1
"Fora do Pico","VIAS URBANAS","COLISAO","NOITE","Domingo",0,0,1,0,0,0,0,1
"Fora do Pico","VIAS URBANAS","NAO DISPONIVEL","MADRUGADA","Domingo",0,0,1,0,0,0,0,1
"Fora do Pico","ESTRADAS E RODOVIAS","COLISAO","NOITE","Domingo",0,1,2,0,0,0,0,3
"Fora do Pico","VIAS URBANAS","COLISAO","MANHA","Domingo",0,1,1,0,0,0,0,2
"Pico","VIAS URBANAS","COLISAO","MANHA","Domingo",0,1,1,0,0,0,0,2
"Fora do Pico","ESTRADAS E RODOVIAS","CHOQUE","TARDE","Segunda-feira",1,0,1,0,0,0,0,1
"Fora do Pico","VIAS URBANAS","COLISAO","NOITE","Segunda-feira",0,1,1,0,0,0,0,2
"Fora do Pico","ESTRADAS E RODOVIAS","ATROPELAMENTO","NOITE","Segunda-feira",1,0,1,0,0,0,1,1
"Fora do Pico","VIAS URBANAS","COLISAO","TARDE","Segunda-feira",0,0,1,0,0,0,0,1
"Fora do Pico","VIAS URBANAS","OUTROS","TARDE","Segunda-feira",0,0,0,0,1,0,0,1
"Fora do Pico","VIAS URBANAS","COLISAO","TARDE","Segunda-feira",0,1,1,0,0,0,0,2
"Fora do Pico","VIAS URBANAS","ATROPELAMENTO","MANHA","Segunda-feira",0,1,0,0,0,1,0,1
"Fora do Pico","VIAS URBANAS","COLISAO","NOITE","Segunda-feira",0,1,1,0,0,0,0,2
"Fora do Pico","VIAS URBANAS","NAO DISPONIVEL","TARDE","Segunda-feira",0,0,1,0,0,0,0,1
"Fora do Pico","VIAS URBANAS","COLISAO","TARDE","Segunda-feira",0,1,1,0,0,0,0,2
"Fora do Pico","VIAS URBANAS","ATROPELAMENTO","MANHA","Segunda-feira",0,0,1,0,0,1,0,1
"Fora do Pico","VIAS URBANAS","OUTROS","MANHA","Segunda-feira",0,0,1,0,0,0,0,1
"Pico","VIAS URBANAS","COLISAO","TARDE","Segunda-feira",0,0,1,0,0,0,1,1
"Pico","VIAS URBANAS","COLISAO","TARDE","Segunda-feira",0,1,1,0,0,0,0,2
"Pico","VIAS URBANAS","COLISAO","TARDE","Segunda-feira",0,1,1,0,0,0,0,2
"Pico","VIAS URBANAS","COLISAO","NOITE","Segunda-feira",0,1,1,0,0,0,0,2
"Pico","VIAS URBANAS","COLISAO","NOITE","Segunda-feira",0,0,1,1,0,0,0,2
"Fora do Pico","VIAS URBANAS","COLISAO","NOITE","Segunda-feira",0,2,0,0,0,0,0,2
"Pico","VIAS URBANAS","ATROPELAMENTO","MANHA","Segunda-feira",0,0,0,0,0,1,0,0
"Pico","VIAS URBANAS","COLISAO","MANHA","Segunda-feira",0,1,1,0,0,0,0,2
"Fora do Pico","ESTRADAS E RODOVIAS","CHOQUE","MANHA","Segunda-feira",0,1,0,0,0,0,0,1
"Fora do Pico","VIAS URBANAS","COLISAO","MANHA","Segunda-feira",0,1,0,1,0,0,0,2
"Fora do Pico","VIAS URBANAS","COLISAO","MANHA","Segunda-feira",0,1,1,0,0,0,0,2
"Fora do Pico","VIAS URBANAS","ATROPELAMENTO","MANHA","Segunda-feira",0,1,0,0,0,1,0,1
"Fora do Pico","ESTRADAS E RODOVIAS","OUTROS","MANHA","Segunda-feira",0,0,1,0,0,0,0,1
"Pico","VIAS URBANAS","NAO DISPONIVEL","TARDE","Segunda-feira",0,0,1,0,0,0,0,1
"Fora do Pico","VIAS URBANAS","CHOQUE","TARDE","Segunda-feira",0,1,0,0,1,0,0,2
"Fora do Pico","VIAS URBANAS","ATROPELAMENTO","TARDE","Terça-feira",0,1,0,0,0,1,0,1
"Pico","VIAS URBANAS","COLISAO","TARDE","Terça-feira",0,1,1,0,0,0,0,2
"Pico","VIAS URBANAS","COLISAO","MANHA","Terça-feira",1,1,1,0,0,0,0,2
"Pico","VIAS URBANAS","COLISAO","MANHA","Terça-feira",0,1,1,0,0,0,0,2
"Fora do Pico","VIAS URBANAS","COLISAO","NOITE","Terça-feira",0,0,1,0,0,0,0,2
"Pico","VIAS URBANAS","COLISAO","TARDE","Terça-feira",1,1,0,0,0,0,0,1
"Fora do Pico","VIAS URBANAS","COLISAO","NOITE","Terça-feira",0,1,1,0,0,0,0,2
"Pico","VIAS URBANAS","COLISAO","MANHA","Terça-feira",0,1,1,0,0,0,0,2
"Fora do Pico","VIAS URBANAS","COLISAO","TARDE","Terça-feira",0,1,1,0,0,0,0,2
"Fora do Pico","VIAS URBANAS","COLISAO","TARDE","Terça-feira",0,0,2,0,0,0,0,2
"Pico","VIAS URBANAS","ATROPELAMENTO","NOITE","Terça-feira",0,0,1,0,0,1,0,1
"Pico","VIAS URBANAS","COLISAO","NOITE","Terça-feira",0,1,1,0,0,0,0,2
"Pico","VIAS URBANAS","OUTROS","NOITE","Terça-feira",0,6,0,0,0,0,0,6
"Pico","VIAS URBANAS","COLISAO","MANHA","Terça-feira",0,0,1,0,0,0,1,1
"Fora do Pico","VIAS URBANAS","ATROPELAMENTO","NOITE","Terça-feira",0,1,0,0,0,1,1,1
"Fora do Pico","ESTRADAS E RODOVIAS","COLISAO","MADRUGADA","Terça-feira",0,1,1,0,0,0,0,2
"Pico","ESTRADAS E RODOVIAS","COLISAO","MANHA","Terça-feira",0,1,1,0,0,0,0,2
"Pico","VIAS URBANAS","COLISAO","MANHA","Terça-feira",0,1,1,0,0,0,0,2
"Fora do Pico","VIAS URBANAS","COLISAO","MANHA","Terça-feira",0,0,2,0,0,0,0,2
"Fora do Pico","VIAS URBANAS","COLISAO","MANHA","Terça-feira",0,1,1,0,0,0,0,2
"Pico","VIAS URBANAS","OUTROS","TARDE","Terça-feira",0,3,0,0,0,0,0,3
"Fora do Pico","VIAS URBANAS","ATROPELAMENTO","TARDE","Terça-feira",0,0,0,0,0,1,0,1
"Fora do Pico","VIAS URBANAS","COLISAO","TARDE","Terça-feira",0,0,1,0,1,0,0,2
"Fora do Pico","VIAS URBANAS","COLISAO","TARDE","Terça-feira",0,1,1,0,0,0,0,2
"Fora do Pico","VIAS URBANAS","COLISAO","TARDE","Quarta-feira",0,1,1,0,0,0,0,2
"Fora do Pico","VIAS URBANAS","COLISAO","NOITE","Quarta-feira",0,0,1,0,0,0,0,1
"Pico","ESTRADAS E RODOVIAS","CHOQUE","TARDE","Quarta-feira",0,1,0,0,0,0,0,1
"Pico","VIAS URBANAS","COLISAO","NOITE","Quarta-feira",0,2,1,0,0,0,0,3
"Pico","ESTRADAS E RODOVIAS","OUTROS","NOITE","Quarta-feira",1,0,1,0,0,0,0,1
"Fora do Pico","VIAS URBANAS","COLISAO","TARDE","Quarta-feira",0,0,2,0,0,0,0,2
"Fora do Pico","VIAS URBANAS","OUTROS","MANHA","Quarta-feira",0,1,0,0,0,0,0,1
"Fora do Pico","VIAS URBANAS","COLISAO","NOITE","Quarta-feira",0,0,1,0,0,0,0,2
"Fora do Pico","VIAS URBANAS","NAO DISPONIVEL","NOITE","Quarta-feira",0,0,1,0,0,0,0,1
"Fora do Pico","VIAS URBANAS","COLISAO","TARDE","Quarta-feira",0,1,1,0,0,0,0,2
"Fora do Pico","VIAS URBANAS","COLISAO","TARDE","Quarta-feira",0,1,1,0,0,0,0,2
"Pico","VIAS URBANAS","COLISAO","NOITE","Quarta-feira",0,1,1,0,0,0,0,2
"Pico","VIAS URBANAS","COLISAO","NOITE","Quarta-feira",0,1,1,0,0,0,0,2
"Fora do Pico","VIAS URBANAS","CHOQUE","NOITE","Quarta-feira",0,0,2,0,0,0,0,2
"Fora do Pico","VIAS URBANAS","NAO DISPONIVEL","NOITE","Quarta-feira",0,1,1,0,0,0,0,2
"Fora do Pico","ESTRADAS E RODOVIAS","CHOQUE","MADRUGADA","Quarta-feira",0,1,0,0,0,0,0,1
"Pico","VIAS URBANAS","COLISAO","MANHA","Quarta-feira",0,1,1,0,0,0,0,2
"Pico","VIAS URBANAS","COLISAO","MANHA","Quarta-feira",0,1,1,0,0,0,0,2
"Fora do Pico","VIAS URBANAS","COLISAO","MANHA","Quarta-feira",0,1,1,0,0,0,0,2
"Fora do Pico","VIAS URBANAS","COLISAO","MANHA","Quarta-feira",0,2,1,0,0,0,0,3
"Fora do Pico","ESTRADAS E RODOVIAS","COLISAO","TARDE","Quarta-feira",0,1,1,0,0,0,0,2
"Pico","VIAS URBANAS","COLISAO","MANHA","Quarta-feira",0,1,1,0,0,0,0,2
"Pico","VIAS URBANAS","COLISAO","TARDE","Quarta-feira",0,1,0,0,0,0,1,1
"Fora do Pico","VIAS URBANAS","COLISAO","TARDE","Quarta-feira",0,1,1,0,0,0,0,2
"Pico","ESTRADAS E RODOVIAS","COLISAO","TARDE","Quinta-feira",1,1,0,0,1,0,0,2
"Pico","ESTRADAS E RODOVIAS","OUTROS","TARDE","Quinta-feira",0,0,1,0,0,0,0,1
"Fora do Pico","VIAS URBANAS","COLISAO","MANHA","Quinta-feira",0,1,0,1,0,0,0,2
"Pico","ESTRADAS E RODOVIAS","ATROPELAMENTO","MANHA","Quinta-feira",1,0,0,0,0,1,0,1
"Pico","VIAS URBANAS","COLISAO","MANHA","Quinta-feira",0,1,1,0,0,0,0,2
"Pico","ESTRADAS E RODOVIAS","COLISAO","TARDE","Quinta-feira",1,0,1,0,1,0,0,2
"Pico","VIAS URBANAS","COLISAO","TARDE","Quinta-feira",0,1,1,0,0,0,0,2
"Fora do Pico","VIAS URBANAS","COLISAO","MANHA","Quinta-feira",0,0,1,0,0,0,0,1
"Fora do Pico","VIAS URBANAS","COLISAO","TARDE","Quinta-feira",0,1,1,0,0,0,0,2
"Fora do Pico","VIAS URBANAS","COLISAO","NOITE","Quinta-feira",0,1,0,0,0,0,0,1
"Pico","VIAS URBANAS","COLISAO","TARDE","Quinta-feira",0,1,1,0,0,0,0,2
"Fora do Pico","VIAS URBANAS","NAO DISPONIVEL","MADRUGADA","Quinta-feira",0,1,0,0,0,0,0,1
"Fora do Pico","VIAS URBANAS","COLISAO","TARDE","Quinta-feira",0,0,1,0,0,0,0,2
"Fora do Pico","VIAS URBANAS","COLISAO","TARDE","Quinta-feira",0,1,1,0,0,0,0,2
"Pico","VIAS URBANAS","COLISAO","TARDE","Quinta-feira",0,1,1,0,0,0,0,2
"Pico","VIAS URBANAS","ATROPELAMENTO","TARDE","Quinta-feira",0,1,0,0,0,2,0,1
"Fora do Pico","VIAS URBANAS","COLISAO","NOITE","Quinta-feira",0,2,1,0,0,0,0,3
"Fora do Pico","VIAS URBANAS","COLISAO","NOITE","Quinta-feira",0,0,1,0,0,0,1,1
"Fora do Pico","VIAS URBANAS","OUTROS","NOITE","Quinta-feira",0,0,1,0,0,0,0,1
"Fora do Pico","VIAS URBANAS","COLISAO","MANHA","Quinta-feira",0,0,0,1,0,0,0,1
"Pico","VIAS URBANAS","ATROPELAMENTO","MANHA","Quinta-feira",0,0,0,1,0,0,0,1
"Pico","VIAS URBANAS","ATROPELAMENTO","MANHA","Quinta-feira",0,1,0,0,0,1,0,1
"Pico","VIAS URBANAS","COLISAO","MANHA","Quinta-feira",0,1,1,0,0,0,0,2
"Fora do Pico","VIAS URBANAS","NAO DISPONIVEL","MANHA","Quinta-feira",0,0,0,1,0,0,0,1
"Pico","VIAS URBANAS","COLISAO","TARDE","Quinta-feira",0,2,0,0,0,0,0,2
"Pico","NAO DISPONIVEL","COLISAO","MANHA","Sexta-feira",1,0,1,0,0,0,0,1
"Fora do Pico","VIAS URBANAS","OUTROS","TARDE","Sexta-feira",0,1,0,0,0,0,0,1
"Pico","VIAS URBANAS","COLISAO","NOITE","Sexta-feira",0,1,1,0,0,0,0,2
"Pico","VIAS URBANAS","COLISAO","TARDE","Sexta-feira",0,0,1,0,0,0,0,2
"Fora do Pico","VIAS URBANAS","COLISAO","MANHA","Sexta-feira",0,0,1,0,0,0,0,1
"Fora do Pico","VIAS URBANAS","ATROPELAMENTO","NOITE","Sexta-feira",0,0,1,0,0,0,0,1
"Fora do Pico","VIAS URBANAS","COLISAO","TARDE","Sexta-feira",0,1,1,0,0,0,0,2
"Fora do Pico","VIAS URBANAS","CHOQUE","TARDE","Sexta-feira",0,1,1,0,0,0,0,2
"Pico","VIAS URBANAS","COLISAO","TARDE","Sexta-feira",0,1,1,0,0,0,0,2
"Fora do Pico","VIAS URBANAS","COLISAO","MANHA","Sexta-feira",0,0,1,0,0,0,0,1
"Pico","VIAS URBANAS","COLISAO","TARDE","Sexta-feira",0,0,2,0,0,0,0,2
"Fora do Pico","VIAS URBANAS","ATROPELAMENTO","TARDE","Sexta-feira",0,0,1,0,0,1,0,1
"Fora do Pico","VIAS URBANAS","COLISAO","TARDE","Sexta-feira",0,1,1,0,0,0,0,2
"Fora do Pico","VIAS URBANAS","ATROPELAMENTO","TARDE","Sexta-feira",0,0,0,1,0,0,0,1
"Pico","VIAS URBANAS","OUTROS","TARDE","Sexta-feira",0,1,1,0,0,0,0,2
"Pico","VIAS URBANAS","OUTROS","TARDE","Sexta-feira",0,1,0,0,0,0,0,1
"Pico","VIAS URBANAS","ATROPELAMENTO","NOITE","Sexta-feira",0,0,0,0,0,4,0,0
"Pico","VIAS URBANAS","COLISAO","NOITE","Sexta-feira",0,1,1,0,0,0,0,2
"Fora do Pico","ESTRADAS E RODOVIAS","COLISAO","NOITE","Sexta-feira",0,1,1,0,0,0,0,2
"Fora do Pico","ESTRADAS E RODOVIAS","CHOQUE","NOITE","Sexta-feira",0,1,0,0,0,0,0,1
"Fora do Pico","VIAS URBANAS","COLISAO","MADRUGADA","Sexta-feira",0,1,1,0,0,0,0,2
"Pico","VIAS URBANAS","ATROPELAMENTO","MANHA","Sexta-feira",0,0,1,0,0,1,0,1
"Pico","VIAS URBANAS","OUTROS","MANHA","Sexta-feira",0,1,0,0,0,0,0,1
"Fora do Pico","ESTRADAS E RODOVIAS","COLISAO","TARDE","Sexta-feira",0,1,2,0,0,0,0,3
"Fora do Pico","VIAS URBANAS","OUTROS","MANHA","Sexta-feira",0,0,1,0,0,0,0,1
"Pico","VIAS URBANAS","NAO DISPONIVEL","TARDE","Sexta-feira",0,1,0,0,0,0,0,1
"Fora do Pico","ESTRADAS E RODOVIAS","COLISAO","MANHA","Sábado",1,0,1,0,0,0,0,1
"Fora do Pico","VIAS URBANAS","ATROPELAMENTO","MADRUGADA","Sábado",0,1,0,0,0,1,1,1
"Fora do Pico","VIAS URBANAS","NAO DISPONIVEL","NOITE","Sábado",0,0,1,0,0,0,0,1
"Fora do Pico","VIAS URBANAS","COLISAO","MANHA","Sábado",0,2,0,0,0,0,0,2
"Fora do Pico","VIAS URBANAS","CHOQUE","NOITE","Sábado",1,0,1,0,0,0,0,1
"Fora do Pico","VIAS URBANAS","COLISAO","MADRUGADA","Sábado",0,1,0,0,0,0,0,1
"Pico","VIAS URBANAS","COLISAO","MANHA","Sábado",0,1,1,0,0,0,0,2
"Fora do Pico","VIAS URBANAS","COLISAO","MANHA","Sábado",0,1,1,0,0,0,0,2
"Fora do Pico","VIAS URBANAS","COLISAO","TARDE","Sábado",0,0,1,0,0,0,1,1
"Pico","VIAS URBANAS","COLISAO","MANHA","Sábado",0,1,0,0,0,0,0,1
"Fora do Pico","ESTRADAS E RODOVIAS","COLISAO","TARDE","Sábado",0,1,1,0,0,0,0,2
"Pico","VIAS URBANAS","COLISAO","MANHA","Sábado",0,1,1,0,0,0,0,2
"Fora do Pico","VIAS URBANAS","OUTROS","MADRUGADA","Sábado",0,0,1,0,0,0,0,1
"Pico","ESTRADAS E RODOVIAS","COLISAO","MANHA","Sábado",0,0,0,0,2,0,0,3
"Fora do Pico","VIAS URBANAS","COLISAO","TARDE","Sábado",0,0,1,0,0,0,0,1
"Fora do Pico","ESTRADAS E RODOVIAS","ATROPELAMENTO","TARDE","Sábado",0,2,0,0,0,0,0,2
"Fora do Pico","VIAS URBANAS","COLISAO","TARDE","Sábado",0,1,0,0,0,0,0,2
"Fora do Pico","VIAS URBANAS","COLISAO","TARDE","Sábado",0,1,0,0,0,0,1,1
"Pico","VIAS URBANAS","COLISAO","TARDE","Sábado",0,1,1,0,0,0,0,2
"Fora do Pico","VIAS URBANAS","COLISAO","NOITE","Sábado",0,0,1,0,0,0,0,1
"Fora do Pico","VIAS URBANAS","COLISAO","NOITE","Sábado",0,1,0,0,1,0,0,5
"Fora do Pico","VIAS URBANAS","CHOQUE","NOITE","Sábado",0,0,0,0,1,0,0,1
"Fora do Pico","VIAS URBANAS","COLISAO","NOITE","Sábado",0,1,1,0,0,0,0,2
"Fora do Pico","VIAS URBANAS","COLISAO","NOITE","Sábado",0,1,1,0,0,0,0,2
"Fora do Pico","VIAS URBANAS","ATROPELAMENTO","NOITE","Sábado",0,1,0,0,0,1,0,1
"Fora do Pico","VIAS URBANAS","COLISAO","NOITE","Sábado",0,1,1,0,0,0,0,2
"Fora do Pico","VIAS URBANAS","COLISAO","MADRUGADA","Sábado",0,2,0,0,0,0,0,2
"Pico","VIAS URBANAS","OUTROS","MANHA","Sábado",0,0,1,0,1,0,0,2
"Fora do Pico","VIAS URBANAS","OUTROS","MANHA","Sábado",0,0,1,0,0,0,0,1
"Fora do Pico","VIAS URBANAS","COLISAO","MANHA","Sábado",0,1,1,0,0,0,0,2
"Fora do Pico","ESTRADAS E RODOVIAS","COLISAO","NOITE","Domingo",1,3,1,0,0,0,0,4
"Pico","VIAS URBANAS","OUTROS","MANHA","Domingo",1,0,1,0,0,0,0,1
"Pico","VIAS URBANAS","CHOQUE","NOITE","Domingo",1,0,1,0,0,0,0,1
"Fora do Pico","VIAS URBANAS","COLISAO","TARDE","Domingo",0,1,1,0,0,0,0,2
"Fora do Pico","VIAS URBANAS","COLISAO","MANHA","Domingo",0,1,1,0,0,0,0,2
"Fora do Pico","VIAS URBANAS","OUTROS","MANHA","Domingo",0,1,0,0,0,0,0,1
"Fora do Pico","VIAS URBANAS","NAO DISPONIVEL","TARDE","Domingo",0,0,1,0,0,0,0,1
"Pico","VIAS URBANAS","ATROPELAMENTO","MANHA","Domingo",0,0,0,1,0,1,0,1
"Fora do Pico","VIAS URBANAS","COLISAO","MANHA","Domingo",0,1,1,0,0,0,0,2
"Pico","VIAS URBANAS","COLISAO","TARDE","Quarta-feira",0,2,0,0,0,0,0,2
"Fora do Pico","VIAS URBANAS","COLISAO","NOITE","Quarta-feira",0,1,1,0,0,0,0,2
"Pico","VIAS URBANAS","COLISAO","NOITE","Quarta-feira",0,1,1,0,0,0,0,2
"Pico","VIAS URBANAS","COLISAO","NOITE","Quarta-feira",0,1,1,0,0,0,0,2
"Fora do Pico","VIAS URBANAS","COLISAO","NOITE","Quarta-feira",0,1,0,0,1,0,0,4
"Fora do Pico","VIAS URBANAS","CHOQUE","NOITE","Quarta-feira",0,1,1,0,0,0,0,2
"Fora do Pico","VIAS URBANAS","OUTROS","NOITE","Quarta-feira",0,0,1,0,0,0,1,1
"Fora do Pico","VIAS URBANAS","OUTROS","NOITE","Quarta-feira",0,1,0,0,0,0,1,1
"Pico","VIAS URBANAS","COLISAO","MANHA","Quarta-feira",0,0,1,0,0,0,0,1
"Pico","VIAS URBANAS","ATROPELAMENTO","MANHA","Quarta-feira",0,0,1,0,0,0,0,1
"Fora do Pico","ESTRADAS E RODOVIAS","COLISAO","MANHA","Quarta-feira",0,0,1,0,0,0,0,2
"Fora do Pico","VIAS URBANAS","COLISAO","MANHA","Quarta-feira",0,1,0,0,1,0,0,2
"Fora do Pico","ESTRADAS E RODOVIAS","COLISAO","MANHA","Quarta-feira",0,1,1,0,0,0,0,2
"Pico","VIAS URBANAS","COLISAO","MANHA","Quarta-feira",0,1,1,0,0,0,0,2
"Pico","ESTRADAS E RODOVIAS","COLISAO","MANHA","Quarta-feira",0,2,0,0,0,0,0,2
"Pico","VIAS URBANAS","COLISAO","TARDE","Quarta-feira",0,1,1,0,0,0,0,2
"Fora do Pico","ESTRADAS E RODOVIAS","COLISAO","TARDE","Quinta-feira",1,0,1,0,0,0,0,1
"Pico","VIAS URBANAS","COLISAO","TARDE","Quinta-feira",0,4,0,0,0,0,0,5
"Fora do Pico","ESTRADAS E RODOVIAS","COLISAO","MADRUGADA","Quinta-feira",1,0,1,0,0,0,0,1
"Fora do Pico","VIAS URBANAS","CHOQUE","NOITE","Quinta-feira",0,1,1,0,0,0,0,2
"Pico","VIAS URBANAS","COLISAO","MANHA","Quinta-feira",0,1,1,0,0,0,0,2
"Fora do Pico","VIAS URBANAS","COLISAO","NOITE","Quinta-feira",0,0,1,0,1,0,0,2
"Fora do Pico","VIAS URBANAS","COLISAO","TARDE","Quinta-feira",0,0,1,0,0,0,1,1
"Fora do Pico","VIAS URBANAS","COLISAO","NOITE","Quinta-feira",0,0,1,0,0,0,0,1
"Fora do Pico","ESTRADAS E RODOVIAS","COLISAO","TARDE","Quinta-feira",0,0,1,0,0,0,0,1
"Pico","VIAS URBANAS","COLISAO","TARDE","Quinta-feira",0,1,1,0,0,0,0,2
"Pico","VIAS URBANAS","COLISAO","TARDE","Quinta-feira",0,1,1,0,0,0,0,2
"Pico","VIAS URBANAS","ATROPELAMENTO","TARDE","Quinta-feira",0,1,1,0,0,0,0,2
"Fora do Pico","ESTRADAS E RODOVIAS","OUTROS","MADRUGADA","Quinta-feira",0,0,0,0,1,0,0,2
"Pico","VIAS URBANAS","ATROPELAMENTO","TARDE","Quinta-feira",0,1,0,0,0,1,0,1
"Pico","VIAS URBANAS","COLISAO","NOITE","Quinta-feira",0,1,1,0,0,0,0,2
"Fora do Pico","VIAS URBANAS","CHOQUE","NOITE","Quinta-feira",0,1,0,0,0,0,0,1
"Fora do Pico","VIAS URBANAS","COLISAO","NOITE","Quinta-feira",0,0,1,0,0,0,0,1
"Fora do Pico","VIAS URBANAS","COLISAO","NOITE","Quinta-feira",0,1,1,0,0,0,0,2
"Pico","VIAS URBANAS","CHOQUE","MANHA","Quinta-feira",0,0,1,0,0,0,0,1
"Fora do Pico","VIAS URBANAS","COLISAO","MANHA","Quinta-feira",0,0,1,0,0,0,0,1
"Fora do Pico","VIAS URBANAS","COLISAO","MANHA","Quinta-feira",0,1,1,0,0,0,0,2
"Fora do Pico","ESTRADAS E RODOVIAS","OUTROS","NOITE","Quinta-feira",0,1,0,0,0,0,0,1
"Pico","VIAS URBANAS","OUTROS","TARDE","Quinta-feira",0,0,1,0,0,0,0,1
"Pico","VIAS URBANAS","COLISAO","TARDE","Quinta-feira",0,1,1,0,0,0,0,2
"Fora do Pico","ESTRADAS E RODOVIAS","ATROPELAMENTO","NOITE","Sexta-feira",1,1,0,0,0,1,0,1
"Fora do Pico","VIAS URBANAS","COLISAO","TARDE","Sexta-feira",0,1,1,0,0,0,0,2
"Fora do Pico","VIAS URBANAS","COLISAO","NOITE","Sexta-feira",0,0,1,0,0,0,0,1
"Fora do Pico","ESTRADAS E RODOVIAS","COLISAO","MADRUGADA","Sexta-feira",0,0,0,0,2,0,0,4
"Pico","VIAS URBANAS","COLISAO","MANHA","Sexta-feira",0,0,2,0,0,0,0,2
"Fora do Pico","VIAS URBANAS","OUTROS","MADRUGADA","Sexta-feira",0,0,1,0,0,0,0,1
"Fora do Pico","VIAS URBANAS","ATROPELAMENTO","NOITE","Sexta-feira",1,0,1,0,0,1,0,1
"Fora do Pico","VIAS URBANAS","ATROPELAMENTO","NOITE","Sexta-feira",0,1,0,0,0,2,0,1
"Pico","VIAS URBANAS","COLISAO","TARDE","Sexta-feira",0,1,1,0,0,0,0,2
"Pico","VIAS URBANAS","CHOQUE","MANHA","Sexta-feira",0,1,0,0,0,0,0,1
"Fora do Pico","VIAS URBANAS","OUTROS","MADRUGADA","Sexta-feira",0,0,1,0,0,0,0,1
"Fora do Pico","VIAS URBANAS","OUTROS","MANHA","Sexta-feira",0,0,1,0,0,0,0,1
"Fora do Pico","VIAS URBANAS","ATROPELAMENTO","TARDE","Sexta-feira",0,1,0,0,0,2,0,1
"Fora do Pico","ESTRADAS E RODOVIAS","CHOQUE","NOITE","Sexta-feira",0,0,0,0,1,0,0,1
"Fora do Pico","ESTRADAS E RODOVIAS","COLISAO","TARDE","Sexta-feira",0,1,1,0,0,0,0,2
"Pico","VIAS URBANAS","COLISAO","TARDE","Sexta-feira",0,1,1,0,0,0,0,2
"Pico","VIAS URBANAS","OUTROS","NOITE","Sexta-feira",0,2,1,0,0,0,0,3
"Fora do Pico","VIAS URBANAS","COLISAO","NOITE","Sexta-feira",0,1,1,0,0,0,0,2
"Fora do Pico","VIAS URBANAS","COLISAO","NOITE","Sexta-feira",0,1,1,0,0,0,0,2
"Fora do Pico","VIAS URBANAS","NAO DISPONIVEL","MADRUGADA","Sexta-feira",0,0,1,0,0,0,0,1
"Fora do Pico","VIAS URBANAS","COLISAO","NOITE","Sexta-feira",0,4,0,0,0,0,0,4
"Pico","ESTRADAS E RODOVIAS","CHOQUE","MANHA","Sexta-feira",0,1,1,0,0,0,0,2
"Pico","VIAS URBANAS","COLISAO","MANHA","Sexta-feira",0,1,1,0,0,0,0,2
"Fora do Pico","VIAS URBANAS","CHOQUE","MANHA","Sexta-feira",0,0,1,0,0,0,0,1
"Fora do Pico","ESTRADAS E RODOVIAS","CHOQUE","NOITE","Sexta-feira",0,0,0,0,1,0,0,1
"Fora do Pico","VIAS URBANAS","COLISAO","MANHA","Sexta-feira",0,0,1,0,0,0,0,1
"Pico","VIAS URBANAS","OUTROS","MANHA","Sexta-feira",0,1,1,0,0,0,0,2
"Pico","ESTRADAS E RODOVIAS","OUTROS","TARDE","Sexta-feira",0,0,1,0,0,0,0,1
"Fora do Pico","VIAS URBANAS","COLISAO","TARDE","Sexta-feira",0,1,1,0,1,0,0,3
"Fora do Pico","ESTRADAS E RODOVIAS","OUTROS","TARDE","Sexta-feira",0,0,1,0,0,0,0,1
"Pico","VIAS URBANAS","COLISAO","MANHA","Sábado",0,0,2,0,0,0,0,2
"Fora do Pico","ESTRADAS E RODOVIAS","COLISAO","NOITE","Sábado",1,1,2,0,0,0,0,3
"Pico","VIAS URBANAS","COLISAO","TARDE","Sábado",0,0,0,1,0,0,0,1
"Fora do Pico","VIAS URBANAS","COLISAO","TARDE","Sábado",0,1,1,0,0,0,0,2
"Pico","ESTRADAS E RODOVIAS","COLISAO","TARDE","Sábado",0,2,0,0,0,0,0,2
"Fora do Pico","VIAS URBANAS","COLISAO","NOITE","Sábado",0,2,0,0,0,0,0,2
"Pico","VIAS URBANAS","COLISAO","MANHA","Sábado",0,1,1,0,0,0,0,2
"Pico","VIAS URBANAS","COLISAO","MANHA","Sábado",0,2,0,0,0,0,0,2
"Fora do Pico","VIAS URBANAS","OUTROS","NOITE","Sábado",0,0,1,0,0,0,0,1
"Fora do Pico","VIAS URBANAS","COLISAO","MANHA","Sábado",0,1,1,0,0,0,0,2
"Fora do Pico","VIAS URBANAS","COLISAO","NOITE","Sábado",0,1,1,0,0,0,0,2
"Pico","VIAS URBANAS","COLISAO","NOITE","Sábado",0,1,1,0,0,0,0,2
"Pico","VIAS URBANAS","COLISAO","NOITE","Sábado",0,1,0,0,0,0,0,1
"Fora do Pico","VIAS URBANAS","COLISAO","TARDE","Sábado",0,1,1,0,0,0,0,2
"Fora do Pico","VIAS URBANAS","COLISAO","TARDE","Sábado",0,1,1,0,0,0,0,2
"Fora do Pico","VIAS URBANAS","COLISAO","TARDE","Sábado",0,1,0,0,0,0,0,1
"Fora do Pico","VIAS URBANAS","COLISAO","TARDE","Sábado",0,1,1,0,0,0,0,2
"Fora do Pico","VIAS URBANAS","COLISAO","TARDE","Sábado",0,1,0,0,0,0,0,1
"Pico","VIAS URBANAS","COLISAO","TARDE","Sábado",0,1,0,0,0,0,0,1
"Pico","VIAS URBANAS","COLISAO","TARDE","Sábado",0,1,1,0,0,0,0,2
"Fora do Pico","VIAS URBANAS","NAO DISPONIVEL","NOITE","Sábado",0,0,1,0,0,0,0,1
"Fora do Pico","ESTRADAS E RODOVIAS","CHOQUE","NOITE","Sábado",0,0,1,0,0,0,0,1
"Fora do Pico","VIAS URBANAS","COLISAO","NOITE","Sábado",0,1,1,0,0,0,0,2
"Fora do Pico","ESTRADAS E RODOVIAS","OUTROS","MADRUGADA","Sábado",0,0,1,0,0,0,0,1
"Fora do Pico","ESTRADAS E RODOVIAS","COLISAO","MADRUGADA","Sábado",0,0,2,0,0,0,0,2
"Pico","VIAS URBANAS","COLISAO","MANHA","Sábado",0,0,1,0,0,0,0,1
"Pico","VIAS URBANAS","OUTROS","MANHA","Sábado",0,0,1,0,0,0,0,1
"Fora do Pico","VIAS URBANAS","COLISAO","MANHA","Sábado",0,1,1,0,0,0,0,2
"Fora do Pico","VIAS URBANAS","COLISAO","MANHA","Sábado",0,1,1,0,0,0,0,2
"Fora do Pico","VIAS URBANAS","ATROPELAMENTO","MANHA","Sábado",0,1,0,0,0,1,0,1
"Fora do Pico","VIAS URBANAS","COLISAO","MANHA","Sábado",0,1,1,0,0,0,0,2
"Fora do Pico","ESTRADAS E RODOVIAS","COLISAO","NOITE","Domingo",1,0,1,0,1,0,0,2
"Pico","ESTRADAS E RODOVIAS","COLISAO","TARDE","Domingo",1,1,1,0,0,0,0,2
"Fora do Pico","ESTRADAS E RODOVIAS","CHOQUE","MADRUGADA","Domingo",1,1,0,0,0,0,0,1
"Pico","VIAS URBANAS","COLISAO","NOITE","Domingo",0,0,1,0,0,0,0,1
"Fora do Pico","VIAS URBANAS","COLISAO","TARDE","Domingo",0,1,1,0,0,0,0,2
"Fora do Pico","VIAS URBANAS","ATROPELAMENTO","MANHA","Domingo",0,1,0,0,0,1,0,1
"Fora do Pico","ESTRADAS E RODOVIAS","OUTROS","MANHA","Domingo",0,0,1,0,0,0,0,1
"Fora do Pico","VIAS URBANAS","CHOQUE","TARDE","Domingo",0,1,0,0,0,0,0,1
"Pico","VIAS URBANAS","COLISAO","MANHA","Domingo",0,1,1,0,0,0,0,2
"Pico","VIAS URBANAS","COLISAO","TARDE","Domingo",0,1,1,0,0,0,0,2
"Fora do Pico","VIAS URBANAS","COLISAO","TARDE","Domingo",0,1,1,0,0,0,0,2
"Fora do Pico","VIAS URBANAS","COLISAO","TARDE","Domingo",0,1,1,0,0,0,0,2
"Pico","VIAS URBANAS","COLISAO","TARDE","Domingo",0,3,0,0,0,0,0,3
"Fora do Pico","ESTRADAS E RODOVIAS","COLISAO","TARDE","Domingo",0,1,1,0,0,0,0,2
"Pico","VIAS URBANAS","COLISAO","NOITE","Domingo",0,1,1,0,0,0,0,2
"Fora do Pico","VIAS URBANAS","OUTROS","NOITE","Domingo",0,1,0,0,0,0,0,1
"Fora do Pico","VIAS URBANAS","COLISAO","NOITE","Domingo",0,1,1,0,0,0,0,2
"Fora do Pico","ESTRADAS E RODOVIAS","COLISAO","NOITE","Domingo",0,0,1,0,0,0,0,1
"Fora do Pico","ESTRADAS E RODOVIAS","OUTROS","NOITE","Domingo",0,1,0,0,0,0,0,1
"Pico","ESTRADAS E RODOVIAS","COLISAO","TARDE","Domingo",0,2,0,0,0,0,0,3
"Fora do Pico","VIAS URBANAS","COLISAO","MADRUGADA","Domingo",0,2,0,0,0,0,0,2
"Pico","VIAS URBANAS","COLISAO","MANHA","Domingo",0,2,0,0,0,0,0,2
"Fora do Pico","ESTRADAS E RODOVIAS","COLISAO","NOITE","Segunda-feira",0,1,1,0,0,0,0,2
"Fora do Pico","ESTRADAS E RODOVIAS","COLISAO","TARDE","Segunda-feira",1,1,0,0,0,0,1,1
"Fora do Pico","VIAS URBANAS","COLISAO","NOITE","Segunda-feira",0,1,1,0,0,0,0,2
"Fora do Pico","ESTRADAS E RODOVIAS","COLISAO","NOITE","Segunda-feira",0,0,0,0,2,0,0,4
"Fora do Pico","VIAS URBANAS","COLISAO","TARDE","Segunda-feira",0,1,0,0,1,0,0,2
"Pico","ESTRADAS E RODOVIAS","OUTROS","MANHA","Segunda-feira",0,0,1,0,0,0,0,1
"Pico","VIAS URBANAS","COLISAO","TARDE","Segunda-feira",0,0,0,1,0,0,0,1
"Fora do Pico","VIAS URBANAS","ATROPELAMENTO","NOITE","Segunda-feira",0,1,0,0,0,1,0,1
"Fora do Pico","VIAS URBANAS","COLISAO","NOITE","Segunda-feira",0,1,1,0,0,0,0,2
"Pico","ESTRADAS E RODOVIAS","CHOQUE","MANHA","Segunda-feira",0,1,1,0,0,0,0,2
"Fora do Pico","VIAS URBANAS","ATROPELAMENTO","TARDE","Segunda-feira",0,0,0,1,0,1,0,1
"Fora do Pico","ESTRADAS E RODOVIAS","COLISAO","TARDE","Segunda-feira",0,1,1,0,0,0,0,2
"Fora do Pico","VIAS URBANAS","COLISAO","TARDE","Segunda-feira",0,1,0,0,0,0,0,2
"Pico","ESTRADAS E RODOVIAS","COLISAO","TARDE","Segunda-feira",0,2,0,0,0,0,0,2
"Pico","ESTRADAS E RODOVIAS","COLISAO","TARDE","Segunda-feira",0,1,1,0,0,0,0,2
"Fora do Pico","ESTRADAS E RODOVIAS","OUTROS","MADRUGADA","Segunda-feira",0,0,0,0,1,0,0,2
"Pico","VIAS URBANAS","OUTROS","TARDE","Segunda-feira",0,0,1,0,0,0,0,1
"Pico","VIAS URBANAS","OUTROS","NOITE","Segunda-feira",0,0,1,0,0,0,0,1
"Pico","VIAS URBANAS","COLISAO","NOITE","Segunda-feira",0,1,1,0,0,0,0,2
"Pico","VIAS URBANAS","COLISAO","NOITE","Segunda-feira",0,3,0,0,0,0,0,3
"Fora do Pico","VIAS URBANAS","COLISAO","NOITE","Segunda-feira",0,1,1,0,0,0,0,2
"Fora do Pico","VIAS URBANAS","ATROPELAMENTO","NOITE","Segunda-feira",0,0,1,0,0,1,0,1
"Fora do Pico","ESTRADAS E RODOVIAS","CHOQUE","NOITE","Segunda-feira",0,2,0,0,0,0,0,2
"Fora do Pico","VIAS URBANAS","NAO DISPONIVEL","MADRUGADA","Segunda-feira",0,0,1,0,0,0,0,1
"Fora do Pico","VIAS URBANAS","OUTROS","MANHA","Segunda-feira",0,0,1,0,0,0,0,1
"Pico","VIAS URBANAS","COLISAO","MANHA","Segunda-feira",0,1,1,0,0,0,0,2
"Fora do Pico","VIAS URBANAS","COLISAO","MANHA","Segunda-feira",0,2,1,0,0,0,0,3
"Fora do Pico","VIAS URBANAS","COLISAO","MANHA","Segunda-feira",0,1,0,0,0,0,0,1
"Fora do Pico","VIAS URBANAS","COLISAO","MANHA","Segunda-feira",0,2,1,0,0,0,0,3
"Pico","VIAS URBANAS","COLISAO","TARDE","Segunda-feira",0,2,0,0,0,0,0,2
"Pico","VIAS URBANAS","COLISAO","TARDE","Segunda-feira",0,0,1,0,0,0,1,1
"Pico","ESTRADAS E RODOVIAS","COLISAO","TARDE","Segunda-feira",0,0,1,0,0,0,0,1
"Fora do Pico","VIAS URBANAS","NAO DISPONIVEL","TARDE","Segunda-feira",0,0,1,0,1,0,0,2
"Pico","VIAS URBANAS","OUTROS","TARDE","Terça-feira",0,0,1,0,0,0,0,1
"Pico","VIAS URBANAS","COLISAO","MANHA","Terça-feira",0,1,1,0,0,0,0,2
"Fora do Pico","VIAS URBANAS","COLISAO","MADRUGADA","Terça-feira",1,1,0,0,1,0,0,2
"Pico","VIAS URBANAS","COLISAO","MANHA","Terça-feira",0,1,1,0,0,0,0,2
"Pico","VIAS URBANAS","COLISAO","TARDE","Terça-feira",0,1,1,0,0,0,0,2
"Fora do Pico","VIAS URBANAS","OUTROS","MANHA","Terça-feira",0,1,1,0,0,0,0,2
"Fora do Pico","VIAS URBANAS","COLISAO","NOITE","Terça-feira",0,0,0,1,0,0,0,1
"Fora do Pico","VIAS URBANAS","COLISAO","MADRUGADA","Terça-feira",0,0,1,0,0,0,0,1
"Pico","VIAS URBANAS","COLISAO","NOITE","Terça-feira",0,1,1,0,0,0,0,2
"Pico","VIAS URBANAS","COLISAO","NOITE","Terça-feira",0,1,1,0,0,0,0,2
"Pico","VIAS URBANAS","OUTROS","NOITE","Terça-feira",0,0,1,0,0,0,0,1
"Pico","VIAS URBANAS","COLISAO","NOITE","Terça-feira",0,1,1,0,0,0,0,2
"Fora do Pico","VIAS URBANAS","ATROPELAMENTO","NOITE","Terça-feira",0,1,1,0,0,1,0,2
"Fora do Pico","ESTRADAS E RODOVIAS","COLISAO","NOITE","Terça-feira",0,1,1,0,0,0,0,2
"Fora do Pico","VIAS URBANAS","COLISAO","MADRUGADA","Terça-feira",0,0,1,0,1,0,0,2
"Pico","ESTRADAS E RODOVIAS","OUTROS","MANHA","Terça-feira",0,1,0,0,0,0,1,1
"Fora do Pico","VIAS URBANAS","COLISAO","MANHA","Terça-feira",0,1,1,0,0,0,0,2
"Fora do Pico","ESTRADAS E RODOVIAS","OUTROS","MADRUGADA","Terça-feira",0,0,1,0,0,0,0,1
"Pico","VIAS URBANAS","COLISAO","MANHA","Terça-feira",0,1,0,0,0,0,0,1
"Pico","VIAS URBANAS","COLISAO","TARDE","Terça-feira",0,1,1,0,0,0,0,2
"Fora do Pico","VIAS URBANAS","COLISAO","TARDE","Terça-feira",0,2,1,0,0,0,0,3
"Fora do Pico","VIAS URBANAS","COLISAO","TARDE","Terça-feira",0,1,1,0,0,0,0,2
"Pico","VIAS URBANAS","COLISAO","TARDE","Quarta-feira",0,1,1,0,0,0,0,2
"Fora do Pico","ESTRADAS E RODOVIAS","COLISAO","TARDE","Quarta-feira",0,0,2,0,0,0,0,2
"Fora do Pico","VIAS URBANAS","COLISAO","NOITE","Quarta-feira",0,1,1,0,0,0,0,2
"Pico","VIAS URBANAS","ATROPELAMENTO","TARDE","Quarta-feira",1,1,0,0,0,1,0,1
"Pico","ESTRADAS E RODOVIAS","OUTROS","NOITE","Quarta-feira",1,0,1,0,0,0,0,1
"Fora do Pico","VIAS URBANAS","OUTROS","NOITE","Quarta-feira",0,1,0,0,0,0,0,1
"Fora do Pico","VIAS URBANAS","COLISAO","TARDE","Quarta-feira",0,1,1,0,0,0,0,2
"Fora do Pico","ESTRADAS E RODOVIAS","OUTROS","NOITE","Quarta-feira",0,0,1,0,0,0,0,1
"Fora do Pico","VIAS URBANAS","ATROPELAMENTO","TARDE","Quarta-feira",0,1,0,0,0,2,1,1
"Pico","VIAS URBANAS","COLISAO","TARDE","Quarta-feira",0,1,1,0,0,0,0,2
"Fora do Pico","VIAS URBANAS","COLISAO","TARDE","Quarta-feira",0,1,0,0,0,0,0,1
"Fora do Pico","VIAS URBANAS","COLISAO","TARDE","Quarta-feira",0,1,1,0,0,0,0,2
"Fora do Pico","VIAS URBANAS","ATROPELAMENTO","TARDE","Quarta-feira",0,2,1,0,0,1,0,3
"Pico","VIAS URBANAS","COLISAO","NOITE","Quarta-feira",0,1,0,0,0,0,0,1
"Fora do Pico","VIAS URBANAS","NAO DISPONIVEL","NOITE","Quarta-feira",0,0,1,0,0,0,0,1
"Fora do Pico","ESTRADAS E RODOVIAS","COLISAO","NOITE","Quarta-feira",0,1,0,0,1,0,0,2
"Pico","VIAS URBANAS","CHOQUE","MANHA","Quarta-feira",0,1,0,0,0,0,1,1
"Pico","VIAS URBANAS","COLISAO","MANHA","Quarta-feira",0,1,1,0,0,0,0,2
"Pico","ESTRADAS E RODOVIAS","COLISAO","MANHA","Quarta-feira",0,1,1,0,0,0,0,2
"Pico","VIAS URBANAS","COLISAO","MANHA","Quarta-feira",0,1,1,0,0,0,0,2
"Pico","ESTRADAS E RODOVIAS","CHOQUE","MANHA","Quarta-feira",0,0,1,0,1,0,0,2
"Pico","ESTRADAS E RODOVIAS","COLISAO","TARDE","Quarta-feira",0,0,1,0,1,0,0,3
"Fora do Pico","VIAS URBANAS","COLISAO","MANHA","Quarta-feira",0,2,0,0,0,0,0,2
"Pico","VIAS URBANAS","COLISAO","TARDE","Quarta-feira",0,2,1,0,0,0,0,3
"Pico","VIAS URBANAS","COLISAO","TARDE","Quarta-feira",0,0,2,0,0,0,0,2
"Pico","VIAS URBANAS","CHOQUE","NOITE","Quinta-feira",0,0,0,1,0,0,0,1
"Fora do Pico","NAO DISPONIVEL","OUTROS","TARDE","Quinta-feira",1,0,1,0,0,0,0,1
"Fora do Pico","VIAS URBANAS","COLISAO","MANHA","Quinta-feira",1,1,1,0,0,0,0,2
"Pico","VIAS URBANAS","COLISAO","NOITE","Quinta-feira",0,1,1,0,0,0,0,2
"Pico","VIAS URBANAS","OUTROS","MANHA","Quinta-feira",0,0,1,0,0,0,0,1
"Pico","ESTRADAS E RODOVIAS","COLISAO","TARDE","Quinta-feira",0,1,0,0,1,0,0,3
"Pico","VIAS URBANAS","OUTROS","NOITE","Quinta-feira",0,0,1,0,0,0,0,1
"Fora do Pico","ESTRADAS E RODOVIAS","CHOQUE","TARDE","Quinta-feira",0,0,1,0,0,0,0,1
"Pico","ESTRADAS E RODOVIAS","OUTROS","MANHA","Quinta-feira",0,0,1,0,0,0,0,1
"Pico","ESTRADAS E RODOVIAS","CHOQUE","TARDE","Quinta-feira",0,1,1,0,0,0,0,2
"Pico","VIAS URBANAS","COLISAO","NOITE","Quinta-feira",0,1,1,0,0,0,0,2
"Pico","ESTRADAS E RODOVIAS","OUTROS","TARDE","Quinta-feira",0,0,1,0,0,0,0,1
"Pico","VIAS URBANAS","COLISAO","NOITE","Quinta-feira",0,2,0,0,0,0,0,2
"Fora do Pico","VIAS URBANAS","NAO DISPONIVEL","NOITE","Quinta-feira",0,0,1,0,0,0,0,1
"Pico","VIAS URBANAS","COLISAO","MANHA","Quinta-feira",0,0,1,1,0,0,0,2
"Pico","VIAS URBANAS","COLISAO","MANHA","Quinta-feira",0,1,1,0,0,0,0,2
"Pico","VIAS URBANAS","NAO DISPONIVEL","MANHA","Quinta-feira",0,0,1,0,0,0,0,1
"Fora do Pico","VIAS URBANAS","NAO DISPONIVEL","MANHA","Quinta-feira",0,0,1,0,0,0,0,1
"Fora do Pico","VIAS URBANAS","COLISAO","MANHA","Quinta-feira",0,1,0,0,0,0,1,1
"Fora do Pico","VIAS URBANAS","COLISAO","MANHA","Quinta-feira",0,1,1,0,0,0,0,2
"Pico","VIAS URBANAS","COLISAO","TARDE","Quinta-feira",0,1,0,0,0,0,1,1
"Pico","VIAS URBANAS","COLISAO","TARDE","Quinta-feira",0,1,1,0,0,0,0,2
"Pico","ESTRADAS E RODOVIAS","CHOQUE","TARDE","Quinta-feira",0,0,0,0,1,0,0,2
"Pico","VIAS URBANAS","COLISAO","NOITE","Sexta-feira",0,1,0,0,0,0,1,1
"Fora do Pico","VIAS URBANAS","ATROPELAMENTO","TARDE","Sexta-feira",1,0,0,0,0,0,1,0
"Fora do Pico","VIAS URBANAS","COLISAO","MANHA","Sexta-feira",0,1,0,0,0,0,0,1
"Fora do Pico","VIAS URBANAS","COLISAO","NOITE","Sexta-feira",0,1,1,0,0,0,0,2
"Pico","VIAS URBANAS","ATROPELAMENTO","TARDE","Sexta-feira",0,1,0,0,0,1,1,1
"Fora do Pico","ESTRADAS E RODOVIAS","COLISAO","TARDE","Sexta-feira",0,1,1,0,0,0,0,2
"Fora do Pico","VIAS URBANAS","COLISAO","TARDE","Sexta-feira",0,1,1,0,0,0,0,2
"Fora do Pico","ESTRADAS E RODOVIAS","COLISAO","MADRUGADA","Sexta-feira",0,1,1,0,0,0,0,2
"Fora do Pico","VIAS URBANAS","OUTROS","TARDE","Sexta-feira",0,0,1,0,0,0,0,1
"Pico","VIAS URBANAS","COLISAO","TARDE","Sexta-feira",0,1,1,0,0,0,0,2
"Pico","VIAS URBANAS","COLISAO","MANHA","Sexta-feira",0,1,1,0,0,0,0,2
"Fora do Pico","VIAS URBANAS","COLISAO","TARDE","Sexta-feira",0,1,1,0,0,0,0,2
"Fora do Pico","VIAS URBANAS","COLISAO","MANHA","Sexta-feira",0,1,1,0,0,0,0,2
"Fora do Pico","VIAS URBANAS","COLISAO","TARDE","Sexta-feira",0,2,1,0,0,0,0,3
"Pico","VIAS URBANAS","COLISAO","MANHA","Sexta-feira",0,2,0,0,0,0,0,2
"Pico","VIAS URBANAS","CHOQUE","TARDE","Sexta-feira",0,1,0,0,0,0,0,1
"Pico","VIAS URBANAS","NAO DISPONIVEL","NOITE","Sexta-feira",0,0,1,0,0,0,0,1
"Pico","VIAS URBANAS","ATROPELAMENTO","NOITE","Sexta-feira",0,1,0,0,0,2,0,1
"Fora do Pico","ESTRADAS E RODOVIAS","CHOQUE","MADRUGADA","Sexta-feira",0,1,0,0,0,0,0,1
"Fora do Pico","VIAS URBANAS","COLISAO","NOITE","Sexta-feira",0,1,1,0,0,0,0,2
"Fora do Pico","VIAS URBANAS","COLISAO","NOITE","Sexta-feira",0,0,0,0,0,0,0,0
"Fora do Pico","VIAS URBANAS","COLISAO","MANHA","Sexta-feira",0,2,1,0,0,0,0,3
"Pico","VIAS URBANAS","COLISAO","MANHA","Sexta-feira",0,1,1,0,0,0,0,2
"Fora do Pico","VIAS URBANAS","COLISAO","MANHA","Sexta-feira",0,0,1,0,0,0,0,1
"Fora do Pico","VIAS URBANAS","COLISAO","MANHA","Sexta-feira",0,0,1,0,0,0,0,1
"Pico","VIAS URBANAS","COLISAO","TARDE","Sexta-feira",0,1,0,0,1,0,0,2
"Fora do Pico","VIAS URBANAS","COLISAO","TARDE","Sexta-feira",0,1,1,0,0,0,0,2
"Fora do Pico","VIAS URBANAS","COLISAO","TARDE","Sábado",1,1,1,0,0,0,0,2
"Fora do Pico","VIAS URBANAS","COLISAO","TARDE","Sábado",0,0,2,0,0,0,0,2
"Fora do Pico","ESTRADAS E RODOVIAS","CHOQUE","NOITE","Sábado",0,0,1,0,0,0,0,1
"Fora do Pico","ESTRADAS E RODOVIAS","COLISAO","NOITE","Sábado",1,1,0,0,1,0,0,2
"Fora do Pico","VIAS URBANAS","COLISAO","MANHA","Sábado",0,1,1,0,0,0,0,2
"Pico","VIAS URBANAS","CHOQUE","NOITE","Sábado",0,2,0,0,0,0,0,2
"Fora do Pico","VIAS URBANAS","COLISAO","TARDE","Sábado",0,1,1,0,0,0,0,2
"Fora do Pico","VIAS URBANAS","COLISAO","MANHA","Sábado",0,1,1,0,0,0,0,2
"Pico","VIAS URBANAS","COLISAO","MANHA","Sábado",0,1,1,0,0,0,0,2
"Fora do Pico","ESTRADAS E RODOVIAS","CHOQUE","MANHA","Sábado",0,1,0,0,0,0,0,1
"Fora do Pico","ESTRADAS E RODOVIAS","OUTROS","MANHA","Sábado",0,1,0,0,0,0,0,1
"Pico","VIAS URBANAS","COLISAO","TARDE","Sábado",0,1,1,0,0,0,0,2
"Fora do Pico","VIAS URBANAS","CHOQUE","TARDE","Sábado",0,2,1,0,0,0,0,3
"Fora do Pico","VIAS URBANAS","CHOQUE","TARDE","Sábado",0,1,0,0,0,0,0,1
"Fora do Pico","VIAS URBANAS","COLISAO","TARDE","Sábado",0,1,0,0,0,0,0,1
"Fora do Pico","VIAS URBANAS","COLISAO","TARDE","Sábado",0,1,1,0,0,0,0,2
"Fora do Pico","VIAS URBANAS","COLISAO","TARDE","Sábado",0,1,1,0,0,0,0,2
"Pico","VIAS URBANAS","COLISAO","NOITE","Sábado",0,1,1,0,0,0,0,2
"Fora do Pico","VIAS URBANAS","COLISAO","NOITE","Sábado",0,0,2,0,0,0,0,2
"Fora do Pico","VIAS URBANAS","COLISAO","NOITE","Sábado",0,1,1,0,0,0,0,2
"Fora do Pico","VIAS URBANAS","COLISAO","NOITE","Sábado",0,2,0,0,0,0,0,2
"Fora do Pico","VIAS URBANAS","CHOQUE","NOITE","Sábado",0,1,0,0,0,0,0,1
"Fora do Pico","VIAS URBANAS","COLISAO","NOITE","Sábado",0,1,1,0,0,0,0,2
"Fora do Pico","VIAS URBANAS","OUTROS","MADRUGADA","Sábado",0,1,0,0,0,0,0,1
"Fora do Pico","VIAS URBANAS","CHOQUE","MADRUGADA","Sábado",0,1,0,1,0,0,0,2
"Pico","VIAS URBANAS","COLISAO","MANHA","Sábado",0,2,0,0,0,0,0,2
"Pico","VIAS URBANAS","COLISAO","MANHA","Sábado",0,1,1,0,0,0,0,2
"Pico","ESTRADAS E RODOVIAS","CHOQUE","MANHA","Sábado",0,0,1,0,0,0,0,1
"Pico","ESTRADAS E RODOVIAS","OUTROS","TARDE","Domingo",1,1,0,0,0,0,0,1
"Pico","ESTRADAS E RODOVIAS","COLISAO","MANHA","Domingo",1,0,1,0,0,0,0,1
"Fora do Pico","VIAS URBANAS","CHOQUE","NOITE","Domingo",1,2,0,0,0,0,0,2
"Fora do Pico","VIAS URBANAS","COLISAO","MANHA","Domingo",0,1,1,0,0,0,0,2
"Fora do Pico","VIAS URBANAS","CHOQUE","MADRUGADA","Domingo",1,0,1,0,0,0,0,1
"Fora do Pico","ESTRADAS E RODOVIAS","OUTROS","TARDE","Domingo",0,0,1,0,0,0,0,1
"Pico","VIAS URBANAS","ATROPELAMENTO","TARDE","Domingo",0,1,1,0,0,1,0,2
"Fora do Pico","VIAS URBANAS","ATROPELAMENTO","MANHA","Domingo",0,1,0,0,0,1,0,1
"Pico","VIAS URBANAS","ATROPELAMENTO","TARDE","Domingo",0,1,0,0,0,1,0,1
"Fora do Pico","VIAS URBANAS","COLISAO","TARDE","Domingo",0,1,1,0,0,0,0,2
"Fora do Pico","VIAS URBANAS","ATROPELAMENTO","NOITE","Quarta-feira",0,1,0,0,0,2,0,1
"Pico","VIAS URBANAS","COLISAO","NOITE","Quarta-feira",0,1,1,0,0,0,0,2
"Fora do Pico","ESTRADAS E RODOVIAS","COLISAO","TARDE","Quarta-feira",0,0,0,0,2,0,0,4
"Fora do Pico","VIAS URBANAS","COLISAO","NOITE","Quarta-feira",0,0,2,0,0,0,0,2
"Pico","VIAS URBANAS","COLISAO","NOITE","Quarta-feira",0,1,1,0,0,0,0,2
"Fora do Pico","VIAS URBANAS","COLISAO","NOITE","Quarta-feira",0,0,0,1,0,0,0,1
"Fora do Pico","VIAS URBANAS","COLISAO","NOITE","Quarta-feira",0,1,1,0,0,0,0,2
"Fora do Pico","VIAS URBANAS","OUTROS","NOITE","Quarta-feira",0,0,1,0,0,0,0,1
"Pico","VIAS URBANAS","CHOQUE","MANHA","Quarta-feira",0,0,0,1,0,0,0,1
"Pico","VIAS URBANAS","COLISAO","MANHA","Quarta-feira",0,1,1,0,0,0,0,2
"Pico","VIAS URBANAS","COLISAO","MANHA","Quarta-feira",0,1,1,0,0,0,0,2
"Fora do Pico","VIAS URBANAS","COLISAO","MANHA","Quarta-feira",0,1,1,0,0,0,0,2
"Fora do Pico","ESTRADAS E RODOVIAS","OUTROS","MANHA","Quarta-feira",0,0,0,0,1,0,0,2
"Fora do Pico","VIAS URBANAS","COLISAO","MANHA","Quarta-feira",0,1,0,0,0,0,0,1
"Pico","VIAS URBANAS","COLISAO","TARDE","Quarta-feira",0,1,1,0,0,0,0,2
"Fora do Pico","VIAS URBANAS","CHOQUE","TARDE","Quarta-feira",0,1,1,0,0,0,0,2
"Fora do Pico","ESTRADAS E RODOVIAS","OUTROS","TARDE","Quinta-feira",0,4,0,0,1,0,0,6
"Fora do Pico","VIAS URBANAS","CHOQUE","MADRUGADA","Quinta-feira",1,0,1,0,0,0,0,1
"Pico","VIAS URBANAS","COLISAO","MANHA","Quinta-feira",0,1,1,0,0,0,0,2
"Pico","VIAS URBANAS","COLISAO","MANHA","Quinta-feira",0,1,1,0,0,0,0,2
"Fora do Pico","ESTRADAS E RODOVIAS","COLISAO","NOITE","Quinta-feira",1,0,0,0,2,0,0,2
"Pico","VIAS URBANAS","COLISAO","MANHA","Quinta-feira",0,1,1,0,0,0,0,2
"Fora do Pico","VIAS URBANAS","CHOQUE","TARDE","Quinta-feira",0,1,0,0,0,0,0,1
"Fora do Pico","VIAS URBANAS","CHOQUE","TARDE","Quinta-feira",0,1,0,0,0,0,0,1
"Fora do Pico","VIAS URBANAS","NAO DISPONIVEL","TARDE","Quinta-feira",0,1,1,0,0,0,0,2
"Pico","VIAS URBANAS","COLISAO","TARDE","Quinta-feira",0,1,1,0,0,0,0,2
"Pico","ESTRADAS E RODOVIAS","COLISAO","TARDE","Quinta-feira",0,1,0,0,1,0,0,2
"Pico","VIAS URBANAS","COLISAO","TARDE","Quinta-feira",0,3,0,0,0,0,0,3
"Pico","VIAS URBANAS","COLISAO","TARDE","Quinta-feira",0,1,0,0,0,0,0,2
"Fora do Pico","VIAS URBANAS","COLISAO","MANHA","Quinta-feira",0,1,0,0,0,0,0,2
"Pico","ESTRADAS E RODOVIAS","OUTROS","NOITE","Quinta-feira",0,1,0,0,0,0,0,1
"Pico","VIAS URBANAS","COLISAO","NOITE","Quinta-feira",0,0,1,0,0,0,0,1
"Fora do Pico","VIAS URBANAS","COLISAO","NOITE","Quinta-feira",0,1,1,0,0,0,0,2
"Pico","VIAS URBANAS","ATROPELAMENTO","MANHA","Quinta-feira",0,1,0,0,0,1,0,1
"Pico","VIAS URBANAS","COLISAO","MANHA","Quinta-feira",0,0,1,0,0,0,1,1
"Fora do Pico","VIAS URBANAS","COLISAO","MANHA","Quinta-feira",0,0,1,0,0,0,0,1
"Fora do Pico","VIAS URBANAS","COLISAO","MANHA","Quinta-feira",0,1,1,0,0,0,0,2
"Fora do Pico","VIAS URBANAS","COLISAO","MANHA","Quinta-feira",0,1,1,0,0,0,0,2
"Pico","ESTRADAS E RODOVIAS","COLISAO","TARDE","Quinta-feira",0,0,0,1,0,0,1,1
"Pico","VIAS URBANAS","COLISAO","TARDE","Quinta-feira",0,1,0,1,0,0,0,2
"Fora do Pico","VIAS URBANAS","COLISAO","TARDE","Quinta-feira",0,1,1,0,0,0,0,2
"Fora do Pico","ESTRADAS E RODOVIAS","OUTROS","TARDE","Sexta-feira",0,1,0,0,0,0,0,1
"Fora do Pico","ESTRADAS E RODOVIAS","COLISAO","NOITE","Sexta-feira",0,0,1,0,0,0,1,1
"Pico","ESTRADAS E RODOVIAS","OUTROS","MANHA","Sexta-feira",0,0,2,0,0,0,0,2
"Pico","VIAS URBANAS","COLISAO","MANHA","Sexta-feira",0,1,1,0,0,0,0,2
"Pico","ESTRADAS E RODOVIAS","CHOQUE","MANHA","Sexta-feira",1,0,1,0,1,0,0,2
"Pico","VIAS URBANAS","COLISAO","MANHA","Sexta-feira",0,1,1,0,0,0,0,2
"Pico","VIAS URBANAS","COLISAO","MANHA","Sexta-feira",0,1,1,0,0,0,0,2
"Fora do Pico","VIAS URBANAS","COLISAO","NOITE","Sexta-feira",0,0,2,0,0,0,0,2
"Fora do Pico","VIAS URBANAS","ATROPELAMENTO","TARDE","Sexta-feira",0,1,1,0,0,1,0,2
"Fora do Pico","VIAS URBANAS","COLISAO","TARDE","Sexta-feira",0,1,1,0,0,0,0,2
"Pico","ESTRADAS E RODOVIAS","COLISAO","MANHA","Sexta-feira",0,1,1,0,0,0,0,2
"Fora do Pico","VIAS URBANAS","COLISAO","TARDE","Sexta-feira",0,1,1,0,0,0,0,2
"Pico","VIAS URBANAS","COLISAO","MANHA","Sexta-feira",0,1,0,0,0,0,1,1
"Fora do Pico","VIAS URBANAS","COLISAO","NOITE","Sexta-feira",0,0,1,0,0,0,0,1
"Pico","VIAS URBANAS","OUTROS","TARDE","Sexta-feira",0,2,0,0,0,0,0,2
"Fora do Pico","VIAS URBANAS","COLISAO","NOITE","Sexta-feira",0,0,1,0,0,0,0,1
"Fora do Pico","VIAS URBANAS","ATROPELAMENTO","NOITE","Sexta-feira",0,0,1,0,0,2,0,1
"Fora do Pico","ESTRADAS E RODOVIAS","COLISAO","NOITE","Sexta-feira",0,1,1,0,0,0,0,2
"Fora do Pico","VIAS URBANAS","NAO DISPONIVEL","MADRUGADA","Sexta-feira",0,0,1,0,0,0,0,1
"Pico","VIAS URBANAS","OUTROS","MANHA","Sexta-feira",0,1,0,0,0,0,1,1
"Fora do Pico","VIAS URBANAS","ATROPELAMENTO","MANHA","Sexta-feira",0,0,0,0,1,3,0,1
"Fora do Pico","ESTRADAS E RODOVIAS","OUTROS","MANHA","Sexta-feira",0,1,0,0,0,0,0,1
"Pico","VIAS URBANAS","COLISAO","MANHA","Sexta-feira",0,1,0,0,0,0,0,1
"Pico","VIAS URBANAS","COLISAO","TARDE","Sexta-feira",0,2,0,0,0,0,0,2
"Fora do Pico","ESTRADAS E RODOVIAS","COLISAO","TARDE","Sexta-feira",0,1,1,0,0,0,0,2
"Pico","ESTRADAS E RODOVIAS","COLISAO","MANHA","Sábado",0,1,0,0,1,0,0,2
"Pico","VIAS URBANAS","OUTROS","TARDE","Sábado",0,0,1,0,0,0,0,1
"Pico","VIAS URBANAS","COLISAO","TARDE","Sábado",0,1,0,0,0,0,0,1
"Pico","VIAS URBANAS","COLISAO","NOITE","Sábado",0,2,0,0,0,0,0,2
"Fora do Pico","VIAS URBANAS","COLISAO","NOITE","Sábado",0,0,1,0,0,0,0,1
"Fora do Pico","VIAS URBANAS","COLISAO","MANHA","Sábado",0,1,1,0,0,0,0,2
"Pico","ESTRADAS E RODOVIAS","COLISAO","MANHA","Sábado",0,1,1,0,0,0,0,2
"Fora do Pico","ESTRADAS E RODOVIAS","OUTROS","MANHA","Sábado",0,0,0,0,1,0,0,2
"Pico","VIAS URBANAS","CHOQUE","TARDE","Sábado",0,0,2,0,0,0,0,2
"Fora do Pico","VIAS URBANAS","CHOQUE","NOITE","Sábado",0,1,1,0,0,0,0,2
"Pico","VIAS URBANAS","COLISAO","TARDE","Sábado",0,1,1,0,0,0,0,2
"Fora do Pico","VIAS URBANAS","COLISAO","NOITE","Sábado",0,1,0,0,0,0,1,1
"Fora do Pico","VIAS URBANAS","COLISAO","TARDE","Sábado",0,1,0,0,0,0,0,1
"Pico","VIAS URBANAS","COLISAO","TARDE","Sábado",0,1,1,0,0,0,0,2
"Pico","VIAS URBANAS","NAO DISPONIVEL","TARDE","Sábado",0,1,0,0,0,0,0,1
"Fora do Pico","VIAS URBANAS","COLISAO","NOITE","Sábado",0,0,2,0,0,0,0,2
"Fora do Pico","VIAS URBANAS","COLISAO","NOITE","Sábado",0,1,2,0,0,0,0,3
"Fora do Pico","VIAS URBANAS","COLISAO","NOITE","Sábado",0,0,1,0,0,0,0,1
"Fora do Pico","VIAS URBANAS","OUTROS","NOITE","Sábado",0,1,0,0,0,0,0,1
"Fora do Pico","ESTRADAS E RODOVIAS","CHOQUE","NOITE","Sábado",0,1,0,0,0,0,0,1
"Fora do Pico","VIAS URBANAS","COLISAO","MADRUGADA","Sábado",0,1,1,0,0,0,0,2
"Fora do Pico","VIAS URBANAS","COLISAO","MADRUGADA","Sábado",0,0,1,1,0,0,0,2
"Pico","VIAS URBANAS","CHOQUE","MANHA","Sábado",0,1,0,0,1,0,0,2
"Fora do Pico","VIAS URBANAS","OUTROS","MANHA","Sábado",0,0,1,0,0,0,0,1
"Fora do Pico","ESTRADAS E RODOVIAS","COLISAO","MANHA","Sábado",0,1,1,0,0,0,0,2
"Fora do Pico","VIAS URBANAS","COLISAO","MANHA","Sábado",0,2,0,0,0,0,0,2
"Fora do Pico","ESTRADAS E RODOVIAS","ATROPELAMENTO","MADRUGADA","Domingo",1,1,0,0,1,0,0,2
"Pico","VIAS URBANAS","COLISAO","MANHA","Domingo",1,0,1,0,0,0,0,1
"Pico","VIAS URBANAS","COLISAO","MANHA","Domingo",0,3,0,0,0,0,0,3
"Fora do Pico","VIAS URBANAS","COLISAO","NOITE","Domingo",0,1,1,0,0,0,0,2
"Pico","VIAS URBANAS","COLISAO","MANHA","Domingo",0,1,1,0,0,0,0,2
"Fora do Pico","VIAS URBANAS","COLISAO","MANHA","Domingo",0,1,1,0,0,0,0,2
"Fora do Pico","VIAS URBANAS","CHOQUE","MADRUGADA","Domingo",0,1,1,0,0,0,0,2
"Fora do Pico","VIAS URBANAS","COLISAO","MANHA","Domingo",0,1,1,0,0,0,0,2
"Fora do Pico","ESTRADAS E RODOVIAS","COLISAO","MANHA","Domingo",0,0,1,0,0,0,0,1
"Pico","ESTRADAS E RODOVIAS","COLISAO","TARDE","Domingo",0,0,2,0,0,0,0,2
"Fora do Pico","VIAS URBANAS","COLISAO","TARDE","Domingo",0,0,1,0,0,0,0,1
"Fora do Pico","VIAS URBANAS","CHOQUE","TARDE","Domingo",0,0,1,0,0,0,0,1
"Pico","VIAS URBANAS","COLISAO","NOITE","Domingo",0,1,0,0,0,0,0,1
"Fora do Pico","VIAS URBANAS","CHOQUE","NOITE","Domingo",0,1,0,0,0,0,0,1
"Fora do Pico","VIAS URBANAS","OUTROS","NOITE","Domingo",0,1,0,0,0,0,0,1
"Fora do Pico","VIAS URBANAS","COLISAO","MADRUGADA","Domingo",0,1,0,0,0,0,0,1
"Fora do Pico","VIAS URBANAS","COLISAO","NOITE","Domingo",0,1,0,0,0,0,0,1
"Fora do Pico","VIAS URBANAS","COLISAO","MADRUGADA","Domingo",0,2,0,0,0,0,0,2
"Fora do Pico","VIAS URBANAS","OUTROS","MADRUGADA","Domingo",0,2,0,0,0,0,0,2
"Pico","VIAS URBANAS","OUTROS","MANHA","Domingo",0,0,1,0,0,0,0,1
"Pico","VIAS URBANAS","COLISAO","MANHA","Domingo",0,0,0,1,0,0,0,1
"Fora do Pico","VIAS URBANAS","CHOQUE","TARDE","Segunda-feira",0,1,1,0,0,0,0,2
"Fora do Pico","VIAS URBANAS","COLISAO","TARDE","Segunda-feira",0,1,1,0,0,0,0,2
"Fora do Pico","VIAS URBANAS","OUTROS","NOITE","Segunda-feira",0,0,1,0,0,0,0,1
"Pico","VIAS URBANAS","COLISAO","MANHA","Segunda-feira",0,1,1,0,0,0,0,2
"Fora do Pico","VIAS URBANAS","COLISAO","TARDE","Segunda-feira",0,1,1,0,0,0,0,2
"Fora do Pico","VIAS URBANAS","COLISAO","MANHA","Segunda-feira",0,1,1,0,0,0,0,2
"Pico","VIAS URBANAS","COLISAO","TARDE","Segunda-feira",0,0,1,1,0,0,0,2
"Fora do Pico","VIAS URBANAS","COLISAO","TARDE","Segunda-feira",0,1,1,0,0,0,0,2
"Pico","VIAS URBANAS","COLISAO","NOITE","Segunda-feira",0,1,1,0,0,0,0,2
"Pico","VIAS URBANAS","COLISAO","TARDE","Segunda-feira",0,1,1,0,0,0,0,2
"Fora do Pico","VIAS URBANAS","COLISAO","TARDE","Segunda-feira",0,0,1,0,0,0,0,1
"Fora do Pico","ESTRADAS E RODOVIAS","COLISAO","NOITE","Segunda-feira",0,0,1,1,0,0,0,3
"Pico","VIAS URBANAS","COLISAO","MANHA","Segunda-feira",0,1,1,0,0,0,0,2
"Pico","VIAS URBANAS","COLISAO","NOITE","Segunda-feira",0,1,1,0,0,0,0,2
"Pico","VIAS URBANAS","OUTROS","NOITE","Segunda-feira",0,1,0,0,0,0,0,1
"Fora do Pico","ESTRADAS E RODOVIAS","OUTROS","NOITE","Segunda-feira",0,0,1,0,0,0,0,1
"Fora do Pico","VIAS URBANAS","COLISAO","NOITE","Segunda-feira",0,1,1,0,0,0,0,2
"Fora do Pico","VIAS URBANAS","COLISAO","NOITE","Segunda-feira",0,2,0,0,0,0,0,2
"Fora do Pico","ESTRADAS E RODOVIAS","COLISAO","NOITE","Segunda-feira",0,1,1,0,0,0,0,2
"Fora do Pico","VIAS URBANAS","COLISAO","MANHA","Segunda-feira",0,2,0,0,0,0,0,2
"Pico","VIAS URBANAS","COLISAO","MANHA","Segunda-feira",0,1,1,0,0,0,0,2
"Fora do Pico","VIAS URBANAS","COLISAO","MANHA","Segunda-feira",0,1,1,0,0,0,0,2
"Fora do Pico","VIAS URBANAS","COLISAO","MANHA","Segunda-feira",0,1,0,0,0,0,0,1
"Fora do Pico","VIAS URBANAS","OUTROS","MANHA","Segunda-feira",0,0,1,0,0,0,0,1
"Pico","VIAS URBANAS","OUTROS","TARDE","Segunda-feira",0,0,1,0,0,0,0,1
"Pico","VIAS URBANAS","COLISAO","TARDE","Segunda-feira",0,1,1,0,0,0,0,2
"Fora do Pico","VIAS URBANAS","COLISAO","TARDE","Segunda-feira",0,1,1,0,0,0,0,2
"Fora do Pico","VIAS URBANAS","NAO DISPONIVEL","NOITE","Terça-feira",0,0,1,0,0,0,0,1
"Fora do Pico","VIAS URBANAS","COLISAO","MANHA","Terça-feira",0,0,1,0,0,0,0,2
"Fora do Pico","VIAS URBANAS","CHOQUE","MANHA","Terça-feira",1,1,0,0,0,0,0,1
"Fora do Pico","VIAS URBANAS","COLISAO","TARDE","Terça-feira",0,2,0,0,0,0,0,2
"Fora do Pico","ESTRADAS E RODOVIAS","COLISAO","MANHA","Terça-feira",0,1,1,0,0,0,0,2
"Fora do Pico","VIAS URBANAS","COLISAO","TARDE","Terça-feira",0,1,1,0,0,0,0,2
"Fora do Pico","VIAS URBANAS","COLISAO","MANHA","Terça-feira",0,1,1,0,0,0,0,2
"Pico","VIAS URBANAS","COLISAO","TARDE","Terça-feira",0,1,0,0,0,0,0,1
"Fora do Pico","VIAS URBANAS","COLISAO","TARDE","Terça-feira",0,2,0,0,0,0,0,2
"Fora do Pico","ESTRADAS E RODOVIAS","COLISAO","TARDE","Terça-feira",0,0,2,0,0,0,0,2
"Fora do Pico","VIAS URBANAS","COLISAO","NOITE","Terça-feira",0,0,2,0,0,0,0,2
"Fora do Pico","VIAS URBANAS","OUTROS","NOITE","Terça-feira",0,0,1,0,0,0,0,1
"Fora do Pico","VIAS URBANAS","OUTROS","NOITE","Terça-feira",0,1,0,0,0,0,0,1
"Pico","VIAS URBANAS","CHOQUE","MANHA","Terça-feira",0,1,0,0,0,0,1,1
"Fora do Pico","ESTRADAS E RODOVIAS","OUTROS","MADRUGADA","Terça-feira",0,0,1,0,0,0,0,1
"Pico","VIAS URBANAS","COLISAO","MANHA","Terça-feira",0,1,4,0,0,0,0,5
"Fora do Pico","ESTRADAS E RODOVIAS","OUTROS","MADRUGADA","Terça-feira",0,0,1,0,0,0,0,1
"Fora do Pico","VIAS URBANAS","COLISAO","MANHA","Terça-feira",0,1,1,0,0,0,0,2
"Pico","ESTRADAS E RODOVIAS","OUTROS","TARDE","Terça-feira",0,0,1,0,0,0,0,1
"Pico","VIAS URBANAS","OUTROS","TARDE","Terça-feira",0,0,1,0,0,0,0,1
"Fora do Pico","VIAS URBANAS","COLISAO","TARDE","Terça-feira",0,1,1,0,0,0,0,2
"Fora do Pico","VIAS URBANAS","COLISAO","TARDE","Terça-feira",0,1,1,0,0,0,0,2
"Fora do Pico","VIAS URBANAS","COLISAO","TARDE","Terça-feira",0,1,1,0,0,0,0,2
"Pico","ESTRADAS E RODOVIAS","OUTROS","MANHA","Quarta-feira",0,1,0,0,0,0,0,1
"Fora do Pico","ESTRADAS E RODOVIAS","CHOQUE","MADRUGADA","Quarta-feira",0,0,0,0,1,0,0,1
"Fora do Pico","VIAS URBANAS","COLISAO","TARDE","Quarta-feira",0,1,1,0,0,0,0,2
"Fora do Pico","VIAS URBANAS","CHOQUE","NOITE","Quarta-feira",0,1,0,0,0,0,0,1
"Fora do Pico","ESTRADAS E RODOVIAS","CHOQUE","NOITE","Quarta-feira",0,1,0,0,0,0,0,1
"Fora do Pico","VIAS URBANAS","COLISAO","TARDE","Quarta-feira",0,0,1,1,0,0,0,2
"Fora do Pico","VIAS URBANAS","COLISAO","TARDE","Quarta-feira",0,0,1,0,1,0,0,2
"Pico","ESTRADAS E RODOVIAS","COLISAO","TARDE","Quarta-feira",0,1,1,0,0,0,0,2
"Fora do Pico","ESTRADAS E RODOVIAS","CHOQUE","MANHA","Quarta-feira",0,1,0,0,0,0,0,1
"Fora do Pico","VIAS URBANAS","COLISAO","TARDE","Quarta-feira",0,0,1,1,0,0,0,2
"Pico","VIAS URBANAS","CHOQUE","TARDE","Quarta-feira",0,0,1,0,0,0,0,1
"Pico","ESTRADAS E RODOVIAS","OUTROS","NOITE","Quarta-feira",0,3,0,0,0,0,0,3
"Fora do Pico","VIAS URBANAS","OUTROS","NOITE","Quarta-feira",0,0,1,0,0,0,0,1
"Pico","VIAS URBANAS","COLISAO","MANHA","Quarta-feira",0,1,0,1,0,0,0,2
"Pico","VIAS URBANAS","COLISAO","MANHA","Quarta-feira",0,1,1,0,0,0,0,2
"Fora do Pico","VIAS URBANAS","COLISAO","MANHA","Quarta-feira",0,1,1,0,0,0,0,2
"Fora do Pico","VIAS URBANAS","COLISAO","MANHA","Quarta-feira",0,1,1,0,0,0,0,2
"Fora do Pico","ESTRADAS E RODOVIAS","OUTROS","TARDE","Quarta-feira",0,0,1,0,0,0,0,1
"Fora do Pico","ESTRADAS E RODOVIAS","COLISAO","MANHA","Quarta-feira",0,1,1,0,0,0,0,2
"Pico","VIAS URBANAS","COLISAO","MANHA","Quarta-feira",0,1,1,0,0,0,0,2
"Pico","VIAS URBANAS","COLISAO","TARDE","Quarta-feira",0,1,1,0,0,0,0,2
"Pico","VIAS URBANAS","COLISAO","TARDE","Quarta-feira",0,1,0,0,0,0,0,1
"Fora do Pico","VIAS URBANAS","COLISAO","TARDE","Quarta-feira",0,1,1,0,0,0,0,2
"Fora do Pico","VIAS URBANAS","COLISAO","TARDE","Quinta-feira",0,1,1,0,0,0,0,2
"Fora do Pico","ESTRADAS E RODOVIAS","OUTROS","MADRUGADA","Quinta-feira",0,4,1,0,0,0,0,5
"Fora do Pico","ESTRADAS E RODOVIAS","CHOQUE","TARDE","Quinta-feira",1,0,0,0,1,0,0,1
"Pico","ESTRADAS E RODOVIAS","CHOQUE","NOITE","Quinta-feira",0,1,0,0,0,0,0,1
"Pico","ESTRADAS E RODOVIAS","CHOQUE","TARDE","Quinta-feira",0,1,0,0,1,0,0,3
"Fora do Pico","VIAS URBANAS","COLISAO","TARDE","Quinta-feira",0,0,1,0,1,0,0,2
"Fora do Pico","VIAS URBANAS","CHOQUE","TARDE","Quinta-feira",0,1,0,0,0,0,0,1
"Fora do Pico","VIAS URBANAS","COLISAO","TARDE","Quinta-feira",0,1,1,0,0,0,0,2
"Fora do Pico","ESTRADAS E RODOVIAS","OUTROS","MADRUGADA","Quinta-feira",0,0,1,0,0,0,0,1
"Pico","ESTRADAS E RODOVIAS","COLISAO","NOITE","Quinta-feira",0,2,0,0,0,0,0,2
"Fora do Pico","VIAS URBANAS","COLISAO","TARDE","Quinta-feira",0,0,1,0,0,0,0,1
"Fora do Pico","VIAS URBANAS","COLISAO","MADRUGADA","Quinta-feira",0,1,0,0,0,0,0,1
"Pico","VIAS URBANAS","COLISAO","MANHA","Quinta-feira",0,1,1,0,0,0,0,2
"Pico","VIAS URBANAS","COLISAO","TARDE","Quinta-feira",0,1,1,0,0,0,0,2
"Pico","VIAS URBANAS","COLISAO","TARDE","Quinta-feira",0,1,1,0,0,0,0,2
"Pico","VIAS URBANAS","OUTROS","NOITE","Quinta-feira",0,0,1,0,0,0,0,1
"Pico","VIAS URBANAS","COLISAO","NOITE","Quinta-feira",0,1,0,0,0,0,0,1
"Fora do Pico","VIAS URBANAS","COLISAO","NOITE","Quinta-feira",0,1,1,0,0,0,0,2
"Fora do Pico","ESTRADAS E RODOVIAS","COLISAO","NOITE","Quinta-feira",0,1,1,0,0,0,0,2
"Pico","VIAS URBANAS","COLISAO","MANHA","Quinta-feira",0,1,1,0,0,0,0,2
"Pico","ESTRADAS E RODOVIAS","COLISAO","MANHA","Quinta-feira",0,0,1,1,0,0,0,2
"Fora do Pico","VIAS URBANAS","OUTROS","MANHA","Quinta-feira",0,0,1,0,0,0,0,1
"Fora do Pico","VIAS URBANAS","OUTROS","MANHA","Quinta-feira",0,0,1,0,0,0,0,1
"Fora do Pico","VIAS URBANAS","COLISAO","MANHA","Quinta-feira",0,1,1,0,0,0,0,2
"Pico","VIAS URBANAS","COLISAO","MANHA","Quinta-feira",0,1,1,0,0,0,0,2
"Fora do Pico","VIAS URBANAS","COLISAO","TARDE","Quinta-feira",0,0,1,0,0,0,0,1
"Fora do Pico","ESTRADAS E RODOVIAS","OUTROS","TARDE","Sexta-feira",0,0,1,0,0,0,0,1
"Pico","VIAS URBANAS","COLISAO","NOITE","Sexta-feira",0,1,1,0,0,0,0,2
"Fora do Pico","VIAS URBANAS","COLISAO","MADRUGADA","Sexta-feira",0,0,1,0,0,0,0,1
"Fora do Pico","ESTRADAS E RODOVIAS","COLISAO","TARDE","Sexta-feira",1,1,0,0,1,0,0,2
"Pico","VIAS URBANAS","OUTROS","TARDE","Sexta-feira",0,1,0,0,0,0,0,1
"Fora do Pico","VIAS URBANAS","OUTROS","NOITE","Sexta-feira",0,0,1,0,0,0,0,1
"Fora do Pico","VIAS URBANAS","COLISAO","TARDE","Sexta-feira",0,2,0,0,0,0,0,2
"Fora do Pico","VIAS URBANAS","COLISAO","TARDE","Sexta-feira",0,1,1,0,0,0,0,2
"Fora do Pico","VIAS URBANAS","NAO DISPONIVEL","MADRUGADA","Sexta-feira",0,0,1,0,0,0,0,1
"Pico","VIAS URBANAS","COLISAO","MANHA","Sexta-feira",0,1,0,0,1,0,0,2
"Fora do Pico","ESTRADAS E RODOVIAS","CHOQUE","TARDE","Sexta-feira",0,1,1,0,0,0,0,2
"Fora do Pico","VIAS URBANAS","COLISAO","MANHA","Sexta-feira",0,1,1,0,0,0,0,2
"Fora do Pico","VIAS URBANAS","ATROPELAMENTO","TARDE","Sexta-feira",0,1,0,0,0,1,0,1
"Fora do Pico","VIAS URBANAS","COLISAO","MADRUGADA","Sexta-feira",0,1,0,0,0,0,0,1
"Pico","VIAS URBANAS","COLISAO","NOITE","Sexta-feira",0,1,0,0,0,0,0,1
"Pico","ESTRADAS E RODOVIAS","COLISAO","NOITE","Sexta-feira",0,1,0,0,1,0,0,2
"Fora do Pico","VIAS URBANAS","COLISAO","NOITE","Sexta-feira",0,1,0,0,0,0,0,1
"Fora do Pico","VIAS URBANAS","CHOQUE","NOITE","Sexta-feira",0,1,1,0,0,0,0,2
"Fora do Pico","VIAS URBANAS","COLISAO","NOITE","Sexta-feira",0,2,0,0,0,0,0,2
"Fora do Pico","VIAS URBANAS","OUTROS","NOITE","Sexta-feira",0,0,1,0,0,0,0,1
"Fora do Pico","VIAS URBANAS","COLISAO","MADRUGADA","Sexta-feira",0,0,1,1,0,0,0,2
"Pico","VIAS URBANAS","COLISAO","MANHA","Sexta-feira",0,1,1,0,0,0,0,2
"Fora do Pico","VIAS URBANAS","COLISAO","MANHA","Sexta-feira",0,2,0,0,0,0,0,2
"Fora do Pico","VIAS URBANAS","COLISAO","MANHA","Sexta-feira",0,1,1,0,0,0,0,2
"Fora do Pico","VIAS URBANAS","COLISAO","MANHA","Sexta-feira",0,1,1,0,0,0,0,2
"Fora do Pico","VIAS URBANAS","COLISAO","MANHA","Sexta-feira",0,1,1,0,0,0,0,2
"Fora do Pico","VIAS URBANAS","COLISAO","MANHA","Sexta-feira",0,0,1,0,0,0,0,1
"Pico","VIAS URBANAS","COLISAO","TARDE","Sexta-feira",0,2,0,0,0,0,0,2
"Fora do Pico","VIAS URBANAS","COLISAO","TARDE","Sexta-feira",0,1,1,0,0,0,0,2
"Fora do Pico","ESTRADAS E RODOVIAS","CHOQUE","TARDE","Sexta-feira",0,0,1,0,1,0,0,2
"Pico","VIAS URBANAS","COLISAO","TARDE","Sábado",1,1,1,0,0,0,0,2
"Fora do Pico","VIAS URBANAS","COLISAO","TARDE","Sábado",0,1,1,0,0,0,0,2
"Fora do Pico","VIAS URBANAS","ATROPELAMENTO","MADRUGADA","Sábado",1,1,0,0,0,1,0,1
"Fora do Pico","ESTRADAS E RODOVIAS","COLISAO","MADRUGADA","Sábado",0,3,0,0,0,0,0,3
"Fora do Pico","ESTRADAS E RODOVIAS","CHOQUE","MADRUGADA","Sábado",1,1,0,0,0,0,0,1
"Pico","VIAS URBANAS","COLISAO","TARDE","Sábado",0,2,0,0,0,0,0,2
"Fora do Pico","VIAS URBANAS","COLISAO","MANHA","Sábado",0,1,1,0,0,0,0,2
"Fora do Pico","VIAS URBANAS","ATROPELAMENTO","TARDE","Sábado",0,1,0,0,0,1,0,1
"Fora do Pico","VIAS URBANAS","COLISAO","TARDE","Sábado",0,0,0,0,0,0,0,1
"Fora do Pico","ESTRADAS E RODOVIAS","COLISAO","MANHA","Sábado",0,1,1,0,0,0,0,2
"Fora do Pico","ESTRADAS E RODOVIAS","OUTROS","NOITE","Sábado",0,1,0,0,0,0,0,1
"Pico","VIAS URBANAS","COLISAO","MANHA","Sábado",0,0,0,1,0,0,0,1
"Pico","VIAS URBANAS","COLISAO","TARDE","Sábado",0,1,1,0,0,0,0,2
"Pico","ESTRADAS E RODOVIAS","COLISAO","TARDE","Sábado",0,1,1,0,0,0,0,2
"Fora do Pico","VIAS URBANAS","COLISAO","TARDE","Sábado",0,1,1,0,0,0,0,2
"Fora do Pico","VIAS URBANAS","COLISAO","TARDE","Sábado",0,0,1,0,0,0,0,1
"Fora do Pico","VIAS URBANAS","COLISAO","TARDE","Sábado",0,1,1,0,0,0,0,2
"Pico","ESTRADAS E RODOVIAS","COLISAO","TARDE","Sábado",0,1,0,0,0,0,1,1
"Pico","VIAS URBANAS","COLISAO","NOITE","Sábado",0,0,1,0,0,0,0,1
"Fora do Pico","VIAS URBANAS","COLISAO","NOITE","Sábado",0,3,0,0,0,0,0,3
"Fora do Pico","VIAS URBANAS","COLISAO","NOITE","Sábado",0,2,0,0,0,0,0,2
"Fora do Pico","VIAS URBANAS","COLISAO","NOITE","Sábado",0,1,1,0,0,0,0,2
"Fora do Pico","VIAS URBANAS","NAO DISPONIVEL","NOITE","Sábado",0,1,0,0,0,0,0,1
"Fora do Pico","VIAS URBANAS","OUTROS","MADRUGADA","Sábado",0,0,1,0,0,0,1,1
"Fora do Pico","VIAS URBANAS","COLISAO","MADRUGADA","Sábado",0,1,1,0,0,0,0,2
"Fora do Pico","VIAS URBANAS","ATROPELAMENTO","MANHA","Sábado",0,1,1,0,0,3,0,2
"Pico","VIAS URBANAS","COLISAO","MANHA","Sábado",0,1,1,0,0,0,0,2
"Fora do Pico","VIAS URBANAS","OUTROS","MANHA","Sábado",0,0,1,0,0,0,0,1
"Fora do Pico","VIAS URBANAS","COLISAO","MANHA","Sábado",0,1,1,0,0,0,0,2
"Fora do Pico","VIAS URBANAS","CHOQUE","TARDE","Domingo",1,1,0,0,0,0,0,1
"Fora do Pico","VIAS URBANAS","ATROPELAMENTO","MADRUGADA","Domingo",1,1,0,0,0,1,0,1
"Fora do Pico","ESTRADAS E RODOVIAS","CHOQUE","MANHA","Domingo",1,0,1,0,0,0,0,1
"Fora do Pico","VIAS URBANAS","COLISAO","TARDE","Domingo",0,1,1,0,0,0,0,2
"Fora do Pico","VIAS URBANAS","COLISAO","NOITE","Domingo",0,1,1,0,0,0,0,2
"Fora do Pico","VIAS URBANAS","COLISAO","MANHA","Domingo",0,1,0,0,0,0,0,1
"Pico","VIAS URBANAS","CHOQUE","NOITE","Quarta-feira",0,1,1,0,0,0,0,2
"Pico","VIAS URBANAS","CHOQUE","NOITE","Quarta-feira",0,1,0,0,0,0,0,1
"Pico","VIAS URBANAS","COLISAO","NOITE","Quarta-feira",0,1,1,0,0,0,0,2
"Fora do Pico","VIAS URBANAS","COLISAO","NOITE","Quarta-feira",0,0,2,0,0,0,0,2
"Fora do Pico","VIAS URBANAS","COLISAO","NOITE","Quarta-feira",0,2,1,0,0,0,0,3
"Pico","VIAS URBANAS","COLISAO","MANHA","Quarta-feira",0,1,1,0,0,0,0,2
"Pico","VIAS URBANAS","COLISAO","MANHA","Quarta-feira",0,1,1,0,0,0,0,2
"Pico","VIAS URBANAS","CHOQUE","MANHA","Quarta-feira",0,0,0,0,1,0,0,1
"Fora do Pico","VIAS URBANAS","COLISAO","MANHA","Quarta-feira",0,0,1,0,0,0,0,1
"Fora do Pico","VIAS URBANAS","OUTROS","MANHA","Quarta-feira",0,0,0,0,1,0,0,1
"Fora do Pico","ESTRADAS E RODOVIAS","COLISAO","TARDE","Quarta-feira",0,1,1,0,0,0,0,2
"Pico","VIAS URBANAS","COLISAO","TARDE","Quarta-feira",0,1,0,0,0,0,0,1
"Fora do Pico","VIAS URBANAS","COLISAO","TARDE","Quinta-feira",0,0,1,0,0,0,1,1
"Fora do Pico","ESTRADAS E RODOVIAS","OUTROS","MANHA","Quinta-feira",0,1,0,0,0,0,0,1
"Fora do Pico","VIAS URBANAS","COLISAO","TARDE","Quinta-feira",0,0,1,0,0,0,1,1
"Fora do Pico","VIAS URBANAS","COLISAO","MANHA","Quinta-feira",0,1,1,0,0,0,0,2
"Pico","VIAS URBANAS","COLISAO","TARDE","Quinta-feira",0,1,1,0,0,0,0,2
"Fora do Pico","VIAS URBANAS","COLISAO","TARDE","Quinta-feira",0,1,1,0,0,0,0,2
"Fora do Pico","VIAS URBANAS","ATROPELAMENTO","TARDE","Quinta-feira",0,0,1,0,0,1,0,1
"Pico","ESTRADAS E RODOVIAS","CHOQUE","TARDE","Quinta-feira",0,1,0,0,0,0,0,1
"Fora do Pico","VIAS URBANAS","COLISAO","MANHA","Quinta-feira",0,1,1,0,0,0,0,2
"Pico","VIAS URBANAS","COLISAO","NOITE","Quinta-feira",0,1,1,0,0,0,0,2
"Pico","VIAS URBANAS","COLISAO","NOITE","Quinta-feira",0,1,0,0,0,0,0,1
"Fora do Pico","VIAS URBANAS","COLISAO","NOITE","Quinta-feira",0,1,1,0,0,0,0,2
"Fora do Pico","VIAS URBANAS","COLISAO","NOITE","Quinta-feira",0,0,2,0,0,0,0,2
"Pico","VIAS URBANAS","COLISAO","MANHA","Quinta-feira",0,0,2,0,0,0,0,2
"Fora do Pico","ESTRADAS E RODOVIAS","OUTROS","MADRUGADA","Quinta-feira",0,0,1,0,0,0,0,1
"Fora do Pico","VIAS URBANAS","COLISAO","MANHA","Quinta-feira",0,1,1,0,0,0,0,2
"Fora do Pico","VIAS URBANAS","COLISAO","MANHA","Quinta-feira",0,0,0,1,0,0,0,1
"Fora do Pico","VIAS URBANAS","OUTROS","MANHA","Quinta-feira",0,0,1,0,0,0,0,1
"Pico","VIAS URBANAS","COLISAO","MANHA","Quinta-feira",0,0,1,0,0,0,0,1
"Fora do Pico","VIAS URBANAS","COLISAO","TARDE","Quinta-feira",0,1,0,0,0,0,0,1
"Fora do Pico","VIAS URBANAS","COLISAO","TARDE","Quinta-feira",0,1,1,0,0,0,0,2
"Fora do Pico","VIAS URBANAS","COLISAO","TARDE","Sexta-feira",0,0,1,0,0,0,0,1
"Fora do Pico","VIAS URBANAS","COLISAO","TARDE","Sexta-feira",0,1,1,0,0,0,0,2
"Fora do Pico","VIAS URBANAS","CHOQUE","NOITE","Sexta-feira",0,0,1,0,0,0,0,1
"Fora do Pico","ESTRADAS E RODOVIAS","OUTROS","MANHA","Sexta-feira",0,0,1,0,0,0,0,1
"Fora do Pico","VIAS URBANAS","ATROPELAMENTO","MANHA","Sexta-feira",0,1,0,0,0,3,0,1
"Fora do Pico","NAO DISPONIVEL","OUTROS","MADRUGADA","Sexta-feira",1,0,0,0,0,0,0,1
"Fora do Pico","VIAS URBANAS","COLISAO","TARDE","Sexta-feira",0,1,1,0,0,0,0,2
"Pico","VIAS URBANAS","COLISAO","MANHA","Sexta-feira",0,1,1,0,0,0,0,2
"Fora do Pico","VIAS URBANAS","COLISAO","TARDE","Sexta-feira",0,1,1,0,0,0,0,2
"Pico","VIAS URBANAS","COLISAO","TARDE","Sexta-feira",0,1,1,0,0,0,0,2
"Fora do Pico","VIAS URBANAS","COLISAO","MADRUGADA","Sexta-feira",0,1,0,0,0,0,0,1
"Fora do Pico","VIAS URBANAS","COLISAO","TARDE","Sexta-feira",0,1,1,0,0,0,0,2
"Fora do Pico","VIAS URBANAS","COLISAO","TARDE","Sexta-feira",0,1,0,0,0,0,0,1
"Fora do Pico","VIAS URBANAS","COLISAO","MANHA","Sexta-feira",0,0,1,0,1,0,0,2
"Pico","VIAS URBANAS","COLISAO","MANHA","Sexta-feira",0,1,1,0,0,0,0,2
"Fora do Pico","VIAS URBANAS","COLISAO","NOITE","Sexta-feira",0,1,1,0,0,0,0,2
"Pico","VIAS URBANAS","CHOQUE","TARDE","Sexta-feira",0,2,0,0,0,0,0,2
"Pico","VIAS URBANAS","ATROPELAMENTO","NOITE","Sexta-feira",0,0,1,0,0,0,1,1
"Pico","VIAS URBANAS","COLISAO","NOITE","Sexta-feira",0,2,0,0,1,0,0,4
"Fora do Pico","VIAS URBANAS","COLISAO","NOITE","Sexta-feira",0,2,0,0,0,0,0,2
"Fora do Pico","VIAS URBANAS","COLISAO","NOITE","Sexta-feira",0,1,1,0,0,0,0,2
"Fora do Pico","VIAS URBANAS","OUTROS","NOITE","Sexta-feira",0,0,1,0,0,0,0,1
"Fora do Pico","VIAS URBANAS","COLISAO","MANHA","Sexta-feira",0,1,1,0,0,0,0,2
"Pico","ESTRADAS E RODOVIAS","OUTROS","TARDE","Sexta-feira",0,3,0,0,0,0,0,3
"Pico","VIAS URBANAS","COLISAO","TARDE","Sexta-feira",0,1,1,0,0,0,0,2
"Fora do Pico","VIAS URBANAS","COLISAO","TARDE","Sexta-feira",0,1,1,0,0,0,0,2
"Pico","ESTRADAS E RODOVIAS","COLISAO","MANHA","Sábado",1,1,1,0,0,0,0,2
"Pico","VIAS URBANAS","CHOQUE","MANHA","Sábado",1,0,1,0,0,0,0,1
"Pico","ESTRADAS E RODOVIAS","OUTROS","MANHA","Sábado",0,0,1,0,0,0,0,1
"Fora do Pico","VIAS URBANAS","COLISAO","NOITE","Sábado",0,0,1,0,0,0,0,1
"Fora do Pico","VIAS URBANAS","COLISAO","NOITE","Sábado",0,1,1,0,0,0,0,2
"Fora do Pico","VIAS URBANAS","COLISAO","NOITE","Sábado",0,1,1,0,0,0,0,2
"Pico","VIAS URBANAS","COLISAO","MANHA","Sábado",0,1,0,0,0,0,0,1
"Pico","VIAS URBANAS","COLISAO","MANHA","Sábado",0,1,0,0,1,0,0,2
"Pico","VIAS URBANAS","COLISAO","MANHA","Sábado",0,1,1,0,0,0,0,2
"Pico","VIAS URBANAS","COLISAO","TARDE","Sábado",0,1,1,0,0,0,0,2
"Pico","VIAS URBANAS","COLISAO","TARDE","Sábado",0,1,1,0,0,0,0,2
"Pico","VIAS URBANAS","COLISAO","TARDE","Sábado",0,0,1,0,1,0,0,2
"Pico","VIAS URBANAS","COLISAO","TARDE","Sábado",0,3,0,0,0,0,0,3
"Pico","VIAS URBANAS","COLISAO","MANHA","Sábado",0,2,0,0,0,0,0,2
"Fora do Pico","VIAS URBANAS","COLISAO","MANHA","Sábado",0,1,1,0,0,0,0,2
"Fora do Pico","ESTRADAS E RODOVIAS","OUTROS","TARDE","Sábado",0,0,1,0,0,0,0,1
"Fora do Pico","VIAS URBANAS","ATROPELAMENTO","TARDE","Sábado",0,1,0,0,0,2,0,1
"Pico","VIAS URBANAS","COLISAO","TARDE","Sábado",0,2,0,0,0,0,0,4
"Pico","VIAS URBANAS","COLISAO","NOITE","Sábado",0,1,0,0,0,0,1,1
"Pico","VIAS URBANAS","CHOQUE","NOITE","Sábado",0,1,0,0,0,0,0,1
"Fora do Pico","VIAS URBANAS","COLISAO","NOITE","Sábado",0,0,1,0,0,0,0,1
"Fora do Pico","ESTRADAS E RODOVIAS","COLISAO","NOITE","Sábado",0,1,1,0,0,0,0,2
"Fora do Pico","VIAS URBANAS","OUTROS","NOITE","Sábado",0,0,1,0,0,0,0,1
"Fora do Pico","VIAS URBANAS","ATROPELAMENTO","NOITE","Sábado",0,0,1,0,0,2,0,1
"Fora do Pico","VIAS URBANAS","COLISAO","MADRUGADA","Sábado",0,0,1,0,1,0,0,2
"Fora do Pico","VIAS URBANAS","OUTROS","MADRUGADA","Sábado",0,0,1,0,0,0,0,1
"Pico","VIAS URBANAS","COLISAO","MANHA","Sábado",0,0,1,1,0,0,0,2
"Fora do Pico","VIAS URBANAS","COLISAO","MANHA","Sábado",0,1,1,0,0,0,0,2
"Fora do Pico","VIAS URBANAS","COLISAO","MANHA","Sábado",0,1,0,0,0,0,0,1
"Fora do Pico","VIAS URBANAS","COLISAO","MANHA","Sábado",0,1,1,0,0,0,0,2
"Fora do Pico","ESTRADAS E RODOVIAS","CHOQUE","TARDE","Domingo",1,1,0,0,0,0,0,1
"Pico","NAO DISPONIVEL","OUTROS","TARDE","Domingo",1,0,0,0,0,0,0,1
"Fora do Pico","VIAS URBANAS","COLISAO","MANHA","Domingo",0,1,1,0,0,0,0,2
"Fora do Pico","VIAS URBANAS","CHOQUE","MADRUGADA","Domingo",1,1,1,0,1,0,0,3
"Fora do Pico","VIAS URBANAS","COLISAO","MANHA","Domingo",0,2,0,0,0,0,0,2
"Pico","VIAS URBANAS","NAO DISPONIVEL","MANHA","Domingo",0,0,1,0,0,0,0,1
"Fora do Pico","VIAS URBANAS","COLISAO","MANHA","Domingo",0,1,1,0,0,0,0,2
"Fora do Pico","VIAS URBANAS","COLISAO","TARDE","Domingo",0,2,0,0,0,0,0,2
"Fora do Pico","VIAS URBANAS","COLISAO","MANHA","Domingo",0,1,1,0,0,0,0,2
"Fora do Pico","VIAS URBANAS","COLISAO","NOITE","Domingo",0,0,1,0,0,0,0,1
"Fora do Pico","VIAS URBANAS","COLISAO","MADRUGADA","Domingo",0,0,1,0,0,0,0,1
"Pico","VIAS URBANAS","COLISAO","TARDE","Domingo",0,1,1,0,0,0,0,2
"Fora do Pico","ESTRADAS E RODOVIAS","COLISAO","TARDE","Domingo",0,2,0,0,0,0,0,2
"Fora do Pico","VIAS URBANAS","COLISAO","TARDE","Domingo",0,1,0,0,0,0,0,1
"Pico","VIAS URBANAS","COLISAO","TARDE","Domingo",0,1,0,1,0,0,0,2
"Pico","VIAS URBANAS","COLISAO","NOITE","Domingo",0,1,1,0,0,0,0,2
"Fora do Pico","VIAS URBANAS","COLISAO","NOITE","Domingo",0,1,1,0,0,0,0,2
"Pico","ESTRADAS E RODOVIAS","OUTROS","NOITE","Domingo",0,0,1,0,0,0,0,1
"Fora do Pico","VIAS URBANAS","COLISAO","NOITE","Domingo",0,1,0,1,0,0,0,2
"Fora do Pico","VIAS URBANAS","ATROPELAMENTO","NOITE","Domingo",0,0,1,0,0,0,0,1
"Fora do Pico","VIAS URBANAS","CHOQUE","MADRUGADA","Domingo",0,0,0,0,1,0,0,1
"Fora do Pico","VIAS URBANAS","COLISAO","MADRUGADA","Domingo",0,2,2,0,0,0,0,4
"Fora do Pico","VIAS URBANAS","COLISAO","MADRUGADA","Domingo",0,1,1,0,0,0,0,2
"Fora do Pico","VIAS URBANAS","COLISAO","MADRUGADA","Domingo",0,1,0,0,0,0,0,1
"Fora do Pico","VIAS URBANAS","COLISAO","TARDE","Segunda-feira",0,1,1,0,0,0,0,2
"Fora do Pico","VIAS URBANAS","COLISAO","MADRUGADA","Segunda-feira",0,0,1,1,0,0,0,2
"Pico","VIAS URBANAS","OUTROS","NOITE","Segunda-feira",1,2,1,0,0,0,0,3
"Fora do Pico","VIAS URBANAS","COLISAO","TARDE","Segunda-feira",0,2,0,0,0,0,0,2
"Pico","ESTRADAS E RODOVIAS","COLISAO","MANHA","Segunda-feira",0,1,1,0,0,0,0,2
"Fora do Pico","VIAS URBANAS","OUTROS","TARDE","Segunda-feira",0,0,2,0,0,0,0,2
"Pico","VIAS URBANAS","ATROPELAMENTO","NOITE","Segunda-feira",0,0,0,0,1,2,0,1
"Pico","VIAS URBANAS","ATROPELAMENTO","TARDE","Segunda-feira",0,0,1,0,0,1,0,1
"Fora do Pico","VIAS URBANAS","COLISAO","TARDE","Segunda-feira",0,1,2,0,0,0,0,3
"Fora do Pico","ESTRADAS E RODOVIAS","OUTROS","TARDE","Segunda-feira",0,0,1,0,0,0,0,1
"Fora do Pico","ESTRADAS E RODOVIAS","COLISAO","TARDE","Segunda-feira",0,1,1,0,0,0,0,2
"Pico","ESTRADAS E RODOVIAS","COLISAO","TARDE","Segunda-feira",0,2,0,0,0,0,0,2
"Pico","ESTRADAS E RODOVIAS","COLISAO","NOITE","Segunda-feira",0,1,1,0,0,0,0,2
"Pico","VIAS URBANAS","COLISAO","NOITE","Segunda-feira",0,1,0,0,0,0,1,1
"Fora do Pico","ESTRADAS E RODOVIAS","COLISAO","NOITE","Segunda-feira",0,0,1,0,0,0,0,1
"Fora do Pico","VIAS URBANAS","ATROPELAMENTO","NOITE","Segunda-feira",0,0,1,0,0,0,0,1
"Fora do Pico","VIAS URBANAS","ATROPELAMENTO","NOITE","Segunda-feira",0,0,1,0,0,1,0,1
"Fora do Pico","VIAS URBANAS","COLISAO","NOITE","Segunda-feira",0,1,1,0,0,0,0,2
"Fora do Pico","VIAS URBANAS","COLISAO","MADRUGADA","Segunda-feira",0,1,0,0,0,0,0,1
"Fora do Pico","VIAS URBANAS","COLISAO","MANHA","Segunda-feira",0,1,1,0,0,0,0,2
"Fora do Pico","VIAS URBANAS","COLISAO","MADRUGADA","Segunda-feira",0,0,1,0,0,0,0,1
"Fora do Pico","ESTRADAS E RODOVIAS","OUTROS","MADRUGADA","Segunda-feira",0,0,1,0,0,0,0,1
"Fora do Pico","VIAS URBANAS","COLISAO","MANHA","Segunda-feira",0,1,0,0,1,0,0,2
"Pico","VIAS URBANAS","COLISAO","TARDE","Segunda-feira",0,0,2,0,0,0,0,2
"Pico","VIAS URBANAS","COLISAO","TARDE","Segunda-feira",0,1,1,0,0,0,0,2
"Fora do Pico","VIAS URBANAS","COLISAO","TARDE","Segunda-feira",0,0,1,0,0,0,1,1
"Fora do Pico","VIAS URBANAS","CHOQUE","TARDE","Segunda-feira",0,0,1,0,1,0,0,2
"Fora do Pico","VIAS URBANAS","OUTROS","TARDE","Terça-feira",0,1,0,0,0,0,0,1
"Fora do Pico","VIAS URBANAS","COLISAO","NOITE","Terça-feira",0,1,1,0,0,0,0,2
"Pico","VIAS URBANAS","NAO DISPONIVEL","TARDE","Terça-feira",0,0,1,0,1,0,0,3
"Fora do Pico","VIAS URBANAS","COLISAO","TARDE","Terça-feira",0,1,1,0,0,0,0,2
"Fora do Pico","VIAS URBANAS","OUTROS","TARDE","Terça-feira",0,0,0,0,1,0,0,2
"Fora do Pico","VIAS URBANAS","COLISAO","MANHA","Terça-feira",0,2,0,0,0,0,0,2
"Pico","VIAS URBANAS","COLISAO","TARDE","Terça-feira",0,1,0,0,0,0,0,1
"Pico","VIAS URBANAS","COLISAO","TARDE","Terça-feira",0,0,1,0,0,0,0,2
"Fora do Pico","VIAS URBANAS","COLISAO","TARDE","Terça-feira",0,1,1,0,0,0,0,2
"Fora do Pico","VIAS URBANAS","COLISAO","TARDE","Terça-feira",0,2,0,0,0,0,0,2
"Pico","ESTRADAS E RODOVIAS","COLISAO","NOITE","Terça-feira",0,1,1,0,0,0,0,2
"Pico","VIAS URBANAS","COLISAO","NOITE","Terça-feira",0,1,1,0,0,0,0,2
"Fora do Pico","VIAS URBANAS","COLISAO","NOITE","Terça-feira",0,1,1,0,0,0,0,2
"Fora do Pico","VIAS URBANAS","COLISAO","NOITE","Terça-feira",0,1,1,0,0,0,0,2
"Fora do Pico","VIAS URBANAS","COLISAO","NOITE","Terça-feira",0,1,1,0,0,0,0,2
"Fora do Pico","VIAS URBANAS","COLISAO","MADRUGADA","Terça-feira",0,1,0,0,0,0,0,1
"Pico","VIAS URBANAS","OUTROS","MANHA","Terça-feira",0,0,1,0,0,0,0,1
"Pico","VIAS URBANAS","COLISAO","MANHA","Terça-feira",0,0,1,0,0,0,0,2
"Fora do Pico","VIAS URBANAS","COLISAO","MANHA","Terça-feira",0,1,1,0,0,0,0,2
"Fora do Pico","VIAS URBANAS","COLISAO","MANHA","Terça-feira",0,0,1,0,0,0,0,1
"Pico","VIAS URBANAS","COLISAO","TARDE","Terça-feira",0,1,1,0,0,0,0,2
"Pico","VIAS URBANAS","COLISAO","TARDE","Terça-feira",0,1,1,0,0,0,0,2
"Fora do Pico","VIAS URBANAS","COLISAO","TARDE","Terça-feira",0,1,1,0,0,0,0,2
"Fora do Pico","VIAS URBANAS","OUTROS","TARDE","Terça-feira",0,0,1,0,0,0,0,1
"Fora do Pico","VIAS URBANAS","NAO DISPONIVEL","TARDE","Quarta-feira",0,0,0,0,1,0,0,1
"Fora do Pico","VIAS URBANAS","COLISAO","NOITE","Quarta-feira",0,1,1,0,0,0,0,2
"Fora do Pico","VIAS URBANAS","ATROPELAMENTO","NOITE","Quarta-feira",0,0,0,0,0,1,0,0
"Fora do Pico","ESTRADAS E RODOVIAS","COLISAO","MADRUGADA","Quarta-feira",0,1,1,0,0,0,0,2
"Fora do Pico","VIAS URBANAS","COLISAO","TARDE","Quarta-feira",0,1,1,0,0,0,0,2
"Fora do Pico","ESTRADAS E RODOVIAS","COLISAO","TARDE","Quarta-feira",0,1,1,0,0,0,0,2
"Fora do Pico","VIAS URBANAS","COLISAO","TARDE","Quarta-feira",0,0,1,0,0,0,0,1
"Pico","VIAS URBANAS","ATROPELAMENTO","TARDE","Quarta-feira",0,0,0,1,0,1,0,1
"Pico","VIAS URBANAS","COLISAO","TARDE","Quarta-feira",0,1,0,0,0,0,0,1
"Fora do Pico","VIAS URBANAS","ATROPELAMENTO","NOITE","Quarta-feira",0,1,0,0,0,1,1,1
"Fora do Pico","VIAS URBANAS","NAO DISPONIVEL","NOITE","Quarta-feira",0,0,1,0,0,0,0,1
"Pico","VIAS URBANAS","OUTROS","MANHA","Quarta-feira",0,5,0,0,0,0,0,5
"Fora do Pico","VIAS URBANAS","CHOQUE","MANHA","Quarta-feira",0,1,0,0,0,0,0,1
"Fora do Pico","VIAS URBANAS","COLISAO","MANHA","Quarta-feira",0,0,1,0,0,0,0,2
"Fora do Pico","ESTRADAS E RODOVIAS","CHOQUE","NOITE","Quarta-feira",0,1,1,0,0,0,0,2
"Fora do Pico","ESTRADAS E RODOVIAS","COLISAO","MANHA","Quarta-feira",0,2,0,0,0,0,0,2
"Pico","VIAS URBANAS","COLISAO","MANHA","Quarta-feira",0,1,1,0,0,0,0,2
"Fora do Pico","VIAS URBANAS","COLISAO","TARDE","Quarta-feira",0,0,2,0,0,0,0,2
"Fora do Pico","VIAS URBANAS","COLISAO","TARDE","Quarta-feira",0,1,2,0,0,0,0,3
"Fora do Pico","ESTRADAS E RODOVIAS","OUTROS","TARDE","Quarta-feira",0,0,1,0,0,0,0,1
"Fora do Pico","ESTRADAS E RODOVIAS","COLISAO","TARDE","Quinta-feira",0,0,1,0,1,0,0,2
"Fora do Pico","ESTRADAS E RODOVIAS","COLISAO","MADRUGADA","Quinta-feira",1,1,0,0,1,0,0,2
"Pico","VIAS URBANAS","COLISAO","TARDE","Quinta-feira",0,1,1,0,0,0,0,2
"Fora do Pico","VIAS URBANAS","OUTROS","MADRUGADA","Quinta-feira",0,1,0,0,0,0,0,1
"Pico","ESTRADAS E RODOVIAS","CHOQUE","NOITE","Quinta-feira",1,0,0,0,1,0,0,1
"Fora do Pico","ESTRADAS E RODOVIAS","OUTROS","TARDE","Quinta-feira",0,0,1,0,0,0,0,1
"Pico","VIAS URBANAS","NAO DISPONIVEL","NOITE","Quinta-feira",0,0,1,0,0,0,0,1
"Pico","VIAS URBANAS","ATROPELAMENTO","NOITE","Quinta-feira",0,0,1,0,0,1,0,1
"Fora do Pico","VIAS URBANAS","OUTROS","TARDE","Quinta-feira",0,1,0,0,0,0,0,1
"Fora do Pico","VIAS URBANAS","COLISAO","TARDE","Quinta-feira",0,1,1,0,0,0,0,2
"Fora do Pico","VIAS URBANAS","COLISAO","NOITE","Quinta-feira",0,1,0,0,1,0,0,2
"Fora do Pico","VIAS URBANAS","COLISAO","TARDE","Quinta-feira",0,1,1,0,0,0,0,2
"Fora do Pico","ESTRADAS E RODOVIAS","COLISAO","TARDE","Quinta-feira",0,1,1,0,0,0,0,2
"Pico","VIAS URBANAS","OUTROS","NOITE","Quinta-feira",0,0,1,0,0,0,0,1
"Fora do Pico","VIAS URBANAS","OUTROS","TARDE","Quinta-feira",0,0,1,0,0,0,0,1
"Fora do Pico","VIAS URBANAS","COLISAO","TARDE","Quinta-feira",0,2,0,0,0,0,0,2
"Pico","VIAS URBANAS","COLISAO","TARDE","Quinta-feira",0,1,1,0,0,0,0,2
"Pico","VIAS URBANAS","COLISAO","NOITE","Quinta-feira",0,2,0,0,0,0,0,2
"Pico","VIAS URBANAS","OUTROS","NOITE","Quinta-feira",0,0,1,0,0,0,0,1
"Fora do Pico","VIAS URBANAS","ATROPELAMENTO","NOITE","Quinta-feira",0,1,0,0,0,1,0,1
"Fora do Pico","VIAS URBANAS","OUTROS","NOITE","Quinta-feira",0,1,0,0,0,0,0,1
"Fora do Pico","VIAS URBANAS","COLISAO","NOITE","Quinta-feira",0,1,1,0,0,0,0,2
"Pico","VIAS URBANAS","CHOQUE","MANHA","Quinta-feira",0,1,0,1,0,0,0,2
"Pico","VIAS URBANAS","COLISAO","MANHA","Quinta-feira",0,1,1,0,0,0,0,2
"Pico","VIAS URBANAS","COLISAO","MANHA","Quinta-feira",0,0,0,1,0,0,0,1
"Pico","ESTRADAS E RODOVIAS","OUTROS","MANHA","Quinta-feira",0,0,1,0,0,0,0,1
"Fora do Pico","VIAS URBANAS","ATROPELAMENTO","MANHA","Quinta-feira",0,1,0,0,0,1,1,1
"Pico","VIAS URBANAS","ATROPELAMENTO","TARDE","Quinta-feira",0,1,0,0,0,1,0,1
"Pico","VIAS URBANAS","NAO DISPONIVEL","TARDE","Quinta-feira",0,0,1,0,0,0,0,1
"Pico","VIAS URBANAS","COLISAO","TARDE","Quinta-feira",0,1,1,0,0,0,0,2
"Fora do Pico","VIAS URBANAS","CHOQUE","TARDE","Quinta-feira",0,1,1,0,0,0,0,2
"Fora do Pico","VIAS URBANAS","OUTROS","MANHA","Sexta-feira",1,0,1,0,0,0,0,1
"Pico","VIAS URBANAS","CHOQUE","MANHA","Sexta-feira",1,1,0,0,0,0,0,1
"Pico","VIAS URBANAS","COLISAO","NOITE","Sexta-feira",0,1,0,0,0,0,1,1
"Fora do Pico","ESTRADAS E RODOVIAS","COLISAO","NOITE","Sexta-feira",0,1,0,0,0,0,1,1
"Fora do Pico","VIAS URBANAS","COLISAO","MADRUGADA","Sexta-feira",0,0,1,0,0,0,0,1
"Pico","VIAS URBANAS","CHOQUE","MANHA","Sexta-feira",0,1,1,0,0,0,0,2
"Fora do Pico","ESTRADAS E RODOVIAS","COLISAO","NOITE","Sexta-feira",0,1,1,0,0,0,0,2
"Pico","ESTRADAS E RODOVIAS","COLISAO","NOITE","Sexta-feira",0,1,1,0,0,0,0,2
"Fora do Pico","VIAS URBANAS","COLISAO","TARDE","Sexta-feira",0,1,1,0,0,0,0,2
"Fora do Pico","VIAS URBANAS","COLISAO","TARDE","Sexta-feira",0,2,0,0,0,0,0,2
"Fora do Pico","VIAS URBANAS","ATROPELAMENTO","TARDE","Sexta-feira",0,1,0,0,0,1,0,1
"Fora do Pico","VIAS URBANAS","COLISAO","TARDE","Sexta-feira",0,1,1,0,0,0,0,2
"Pico","VIAS URBANAS","NAO DISPONIVEL","MANHA","Sexta-feira",0,0,1,0,0,0,0,1
"Fora do Pico","VIAS URBANAS","NAO DISPONIVEL","TARDE","Sexta-feira",0,0,1,0,0,0,0,2
"Pico","VIAS URBANAS","CHOQUE","TARDE","Sexta-feira",0,1,1,0,0,0,0,2
"Pico","VIAS URBANAS","COLISAO","TARDE","Sexta-feira",0,1,1,0,0,0,0,2
"Pico","ESTRADAS E RODOVIAS","COLISAO","NOITE","Sexta-feira",0,1,1,0,0,0,0,2
"Pico","VIAS URBANAS","COLISAO","NOITE","Sexta-feira",0,1,1,0,0,0,0,2
"Fora do Pico","VIAS URBANAS","ATROPELAMENTO","NOITE","Sexta-feira",0,1,0,0,0,1,0,1
"Fora do Pico","VIAS URBANAS","COLISAO","NOITE","Sexta-feira",0,1,1,0,0,0,0,2
"Fora do Pico","VIAS URBANAS","COLISAO","NOITE","Sexta-feira",0,1,1,0,0,0,0,2
"Pico","VIAS URBANAS","OUTROS","MANHA","Sexta-feira",0,0,1,0,0,0,0,1
"Pico","VIAS URBANAS","COLISAO","MANHA","Sexta-feira",0,1,1,0,0,0,0,2
"Pico","VIAS URBANAS","OUTROS","MANHA","Sexta-feira",0,0,1,0,0,0,0,1
"Fora do Pico","ESTRADAS E RODOVIAS","COLISAO","MANHA","Sexta-feira",0,1,1,0,0,0,0,2
"Fora do Pico","VIAS URBANAS","COLISAO","MANHA","Sexta-feira",0,0,1,0,1,0,0,2
"Fora do Pico","VIAS URBANAS","COLISAO","MANHA","Sexta-feira",0,1,1,0,0,0,0,2
"Pico","VIAS URBANAS","ATROPELAMENTO","TARDE","Sexta-feira",0,0,0,0,1,1,0,1
"Fora do Pico","VIAS URBANAS","COLISAO","TARDE","Sexta-feira",0,1,1,0,0,0,0,2
"Fora do Pico","VIAS URBANAS","COLISAO","TARDE","Sexta-feira",0,0,2,0,0,0,0,2
"Fora do Pico","ESTRADAS E RODOVIAS","COLISAO","MANHA","Sábado",1,2,1,0,0,0,0,3
"Pico","VIAS URBANAS","COLISAO","MANHA","Sábado",0,1,1,0,0,0,0,2
"Fora do Pico","VIAS URBANAS","COLISAO","NOITE","Sábado",0,0,2,0,0,0,0,2
"Fora do Pico","VIAS URBANAS","ATROPELAMENTO","MADRUGADA","Sábado",1,0,1,0,0,1,0,1
"Fora do Pico","VIAS URBANAS","OUTROS","MANHA","Sábado",1,0,1,0,0,0,0,1
"Fora do Pico","VIAS URBANAS","COLISAO","NOITE","Sábado",0,1,1,0,0,0,0,2
"Fora do Pico","VIAS URBANAS","OUTROS","TARDE","Sábado",0,1,1,0,0,0,0,2
"Fora do Pico","VIAS URBANAS","ATROPELAMENTO","TARDE","Sábado",1,0,0,0,1,0,0,1
"Fora do Pico","ESTRADAS E RODOVIAS","OUTROS","MADRUGADA","Sábado",0,0,1,0,0,0,0,1
"Fora do Pico","VIAS URBANAS","COLISAO","TARDE","Sábado",0,1,1,0,0,0,0,2
"Pico","ESTRADAS E RODOVIAS","CHOQUE","MANHA","Sábado",0,0,0,0,1,0,0,2
"Pico","VIAS URBANAS","COLISAO","MANHA","Sábado",0,0,1,0,0,0,0,1
"Fora do Pico","VIAS URBANAS","ATROPELAMENTO","NOITE","Sábado",0,0,1,0,0,2,0,1
"Pico","VIAS URBANAS","COLISAO","TARDE","Sábado",0,1,1,0,0,0,0,2
"Fora do Pico","ESTRADAS E RODOVIAS","ATROPELAMENTO","TARDE","Sábado",0,0,1,0,0,1,0,1
"Fora do Pico","VIAS URBANAS","COLISAO","TARDE","Sábado",0,0,1,0,0,0,0,1
"Pico","VIAS URBANAS","COLISAO","TARDE","Sábado",0,0,0,0,0,0,1,1
"Pico","VIAS URBANAS","COLISAO","NOITE","Sábado",0,0,2,0,0,0,0,2
"Fora do Pico","VIAS URBANAS","COLISAO","NOITE","Sábado",0,1,1,0,0,0,0,2
"Fora do Pico","VIAS URBANAS","COLISAO","NOITE","Sábado",0,0,1,0,0,0,0,2
"Fora do Pico","VIAS URBANAS","COLISAO","NOITE","Sábado",0,2,0,0,0,0,0,2
"Fora do Pico","VIAS URBANAS","ATROPELAMENTO","NOITE","Sábado",0,1,0,0,0,3,0,1
"Fora do Pico","VIAS URBANAS","COLISAO","NOITE","Sábado",0,1,1,0,0,0,0,2
"Fora do Pico","ESTRADAS E RODOVIAS","COLISAO","MANHA","Sábado",0,2,0,0,0,0,0,2
"Fora do Pico","ESTRADAS E RODOVIAS","COLISAO","MANHA","Sábado",0,1,1,0,0,0,0,2
"Pico","VIAS URBANAS","COLISAO","MANHA","Sábado",0,0,2,0,0,0,0,2
"Fora do Pico","ESTRADAS E RODOVIAS","CHOQUE","MANHA","Domingo",0,0,1,0,0,0,0,1
"Fora do Pico","ESTRADAS E RODOVIAS","COLISAO","MADRUGADA","Domingo",1,2,0,0,0,0,0,2
"Fora do Pico","VIAS URBANAS","COLISAO","TARDE","Domingo",1,1,1,0,0,0,0,2
"Fora do Pico","ESTRADAS E RODOVIAS","COLISAO","NOITE","Domingo",0,2,0,0,0,0,0,2
"Pico","VIAS URBANAS","COLISAO","TARDE","Quarta-feira",0,3,0,0,0,0,0,3
"Pico","VIAS URBANAS","CHOQUE","NOITE","Quarta-feira",0,0,1,0,0,0,0,1
"Pico","VIAS URBANAS","NAO DISPONIVEL","NOITE","Quarta-feira",0,0,1,0,0,0,0,1
"Fora do Pico","VIAS URBANAS","COLISAO","NOITE","Quarta-feira",0,1,1,0,0,0,0,2
"Fora do Pico","VIAS URBANAS","COLISAO","NOITE","Quarta-feira",0,1,1,0,0,0,0,2
"Fora do Pico","VIAS URBANAS","COLISAO","NOITE","Quarta-feira",0,1,1,0,0,0,0,2
"Fora do Pico","VIAS URBANAS","COLISAO","NOITE","Quarta-feira",0,1,1,0,0,0,0,2
"Fora do Pico","VIAS URBANAS","ATROPELAMENTO","NOITE","Quarta-feira",0,0,1,0,0,1,0,1
"Fora do Pico","VIAS URBANAS","COLISAO","MADRUGADA","Quarta-feira",0,1,1,0,0,0,0,2
"Pico","VIAS URBANAS","COLISAO","MANHA","Quarta-feira",0,2,0,0,0,0,0,2
"Fora do Pico","VIAS URBANAS","COLISAO","MANHA","Quarta-feira",0,2,0,0,0,0,0,2
"Fora do Pico","VIAS URBANAS","COLISAO","MANHA","Quarta-feira",0,1,1,0,0,0,0,2
"Fora do Pico","ESTRADAS E RODOVIAS","OUTROS","TARDE","Quarta-feira",0,0,1,0,0,0,0,1
"Pico","VIAS URBANAS","NAO DISPONIVEL","MANHA","Quarta-feira",0,0,1,0,0,0,0,1
"Fora do Pico","VIAS URBANAS","COLISAO","TARDE","Quarta-feira",0,1,1,0,0,0,0,2
"Fora do Pico","VIAS URBANAS","COLISAO","TARDE","Quinta-feira",0,1,1,0,0,0,0,2
"Pico","VIAS URBANAS","COLISAO","MANHA","Quinta-feira",0,0,2,0,0,0,0,2
"Pico","ESTRADAS E RODOVIAS","OUTROS","MANHA","Quinta-feira",0,0,0,0,1,0,0,2
"Fora do Pico","VIAS URBANAS","OUTROS","TARDE","Quinta-feira",0,0,1,0,0,0,0,1
"Pico","VIAS URBANAS","OUTROS","MANHA","Quinta-feira",0,0,1,0,0,0,0,1
"Pico","ESTRADAS E RODOVIAS","COLISAO","TARDE","Quinta-feira",0,2,0,0,0,0,0,2
"Fora do Pico","VIAS URBANAS","COLISAO","TARDE","Quinta-feira",0,1,1,0,0,0,0,2
"Fora do Pico","VIAS URBANAS","COLISAO","TARDE","Quinta-feira",0,1,1,0,0,0,0,2
"Pico","VIAS URBANAS","COLISAO","MANHA","Quinta-feira",0,0,1,0,0,0,0,1
"Fora do Pico","VIAS URBANAS","COLISAO","TARDE","Quinta-feira",0,0,1,0,0,0,0,1
"Fora do Pico","ESTRADAS E RODOVIAS","CHOQUE","TARDE","Quinta-feira",0,2,0,0,0,0,0,2
"Pico","VIAS URBANAS","ATROPELAMENTO","TARDE","Quinta-feira",0,1,0,0,0,2,0,1
"Fora do Pico","VIAS URBANAS","COLISAO","TARDE","Quinta-feira",0,1,1,0,0,0,0,2
"Pico","VIAS URBANAS","COLISAO","TARDE","Quinta-feira",0,1,1,0,0,0,0,2
"Fora do Pico","VIAS URBANAS","COLISAO","NOITE","Quinta-feira",0,1,1,0,0,0,0,2
"Fora do Pico","VIAS URBANAS","COLISAO","NOITE","Quinta-feira",0,1,1,0,0,0,0,2
"Fora do Pico","VIAS URBANAS","CHOQUE","NOITE","Quinta-feira",0,1,0,0,0,0,0,1
"Fora do Pico","VIAS URBANAS","ATROPELAMENTO","NOITE","Quinta-feira",0,0,1,0,0,1,0,1
"Pico","VIAS URBANAS","COLISAO","MANHA","Quinta-feira",0,1,1,0,0,0,0,2
"Fora do Pico","VIAS URBANAS","COLISAO","MANHA","Quinta-feira",0,1,1,0,0,0,0,2
"Fora do Pico","VIAS URBANAS","COLISAO","MANHA","Quinta-feira",0,1,1,0,0,0,0,2
"Fora do Pico","VIAS URBANAS","COLISAO","MANHA","Quinta-feira",0,1,1,0,0,0,0,2
"Pico","VIAS URBANAS","COLISAO","MANHA","Quinta-feira",0,1,0,0,0,0,0,2
"Pico","VIAS URBANAS","COLISAO","TARDE","Quinta-feira",0,1,1,0,0,0,0,2
"Fora do Pico","ESTRADAS E RODOVIAS","COLISAO","TARDE","Quinta-feira",0,0,0,0,2,0,0,3
"Fora do Pico","VIAS URBANAS","COLISAO","TARDE","Quinta-feira",0,1,1,0,0,0,0,2
"Fora do Pico","VIAS URBANAS","COLISAO","TARDE","Quinta-feira",0,1,0,0,0,0,0,1
"Pico","VIAS URBANAS","COLISAO","TARDE","Sexta-feira",0,1,1,0,0,0,0,2
"Pico","ESTRADAS E RODOVIAS","COLISAO","MANHA","Sexta-feira",0,1,1,0,0,0,0,2
"Pico","ESTRADAS E RODOVIAS","ATROPELAMENTO","TARDE","Sexta-feira",0,0,0,0,0,0,0,1
"Fora do Pico","ESTRADAS E RODOVIAS","CHOQUE","MADRUGADA","Sexta-feira",1,0,1,0,0,0,0,1
"Fora do Pico","NAO DISPONIVEL","ATROPELAMENTO","TARDE","Sexta-feira",1,0,1,0,0,1,0,1
"Fora do Pico","ESTRADAS E RODOVIAS","CHOQUE","MANHA","Sexta-feira",0,1,0,0,0,0,0,1
"Fora do Pico","VIAS URBANAS","COLISAO","NOITE","Sexta-feira",0,0,1,0,0,0,0,2
"Fora do Pico","VIAS URBANAS","COLISAO","TARDE","Sexta-feira",0,1,1,0,0,0,0,2
"Fora do Pico","ESTRADAS E RODOVIAS","COLISAO","MANHA","Sexta-feira",0,1,1,0,0,0,0,2
"Fora do Pico","ESTRADAS E RODOVIAS","COLISAO","MADRUGADA","Sexta-feira",0,1,1,0,0,0,0,2
"Pico","VIAS URBANAS","COLISAO","MANHA","Sexta-feira",0,1,0,0,0,0,0,2
"Fora do Pico","ESTRADAS E RODOVIAS","COLISAO","MANHA","Sexta-feira",0,2,1,0,0,0,0,3
"Fora do Pico","VIAS URBANAS","CHOQUE","MANHA","Sexta-feira",0,1,0,0,0,0,0,1
"Pico","VIAS URBANAS","COLISAO","TARDE","Sexta-feira",0,1,1,0,0,0,0,2
"Pico","ESTRADAS E RODOVIAS","COLISAO","NOITE","Sexta-feira",0,1,1,0,0,0,0,2
"Pico","VIAS URBANAS","COLISAO","NOITE","Sexta-feira",0,2,0,0,0,0,0,2
"Fora do Pico","VIAS URBANAS","COLISAO","MADRUGADA","Sexta-feira",0,1,0,0,0,0,0,1
"Fora do Pico","VIAS URBANAS","COLISAO","NOITE","Sexta-feira",0,1,1,0,0,0,0,2
"Fora do Pico","VIAS URBANAS","COLISAO","MADRUGADA","Sexta-feira",0,0,1,1,0,0,0,2
"Fora do Pico","ESTRADAS E RODOVIAS","CHOQUE","MADRUGADA","Sexta-feira",0,1,0,0,0,0,0,1
"Pico","ESTRADAS E RODOVIAS","COLISAO","MANHA","Sexta-feira",0,1,1,0,0,0,0,2
"Pico","VIAS URBANAS","NAO DISPONIVEL","MANHA","Sexta-feira",0,0,1,0,0,0,0,1
"Pico","VIAS URBANAS","CHOQUE","MANHA","Sexta-feira",0,1,0,0,0,0,0,1
"Fora do Pico","VIAS URBANAS","COLISAO","MANHA","Sexta-feira",0,1,1,0,0,0,0,2
"Fora do Pico","VIAS URBANAS","ATROPELAMENTO","MANHA","Sexta-feira",0,1,0,0,0,2,0,1
"Pico","VIAS URBANAS","NAO DISPONIVEL","TARDE","Sexta-feira",0,0,1,0,0,0,0,1
"Pico","VIAS URBANAS","COLISAO","TARDE","Sexta-feira",0,1,0,0,0,0,1,1
"Pico","VIAS URBANAS","COLISAO","TARDE","Sexta-feira",0,1,1,0,0,0,0,2
"Fora do Pico","VIAS URBANAS","COLISAO","TARDE","Sexta-feira",0,0,2,0,0,0,0,2
"Fora do Pico","VIAS URBANAS","COLISAO","TARDE","Sexta-feira",0,0,2,0,0,0,0,2
"Fora do Pico","VIAS URBANAS","COLISAO","MANHA","Sábado",0,1,1,0,0,0,0,2
"Fora do Pico","VIAS URBANAS","CHOQUE","MADRUGADA","Sábado",1,0,0,0,1,0,0,1
"Pico","VIAS URBANAS","COLISAO","TARDE","Sábado",0,1,1,0,0,0,0,2
"Fora do Pico","VIAS URBANAS","COLISAO","NOITE","Sábado",0,1,1,0,0,0,0,2
"Pico","VIAS URBANAS","CHOQUE","TARDE","Sábado",1,1,0,0,0,0,0,1
"Fora do Pico","ESTRADAS E RODOVIAS","CHOQUE","MANHA","Sábado",1,1,0,0,0,0,0,1
"Fora do Pico","VIAS URBANAS","COLISAO","MADRUGADA","Sábado",0,0,1,0,0,0,0,1
"Fora do Pico","VIAS URBANAS","COLISAO","NOITE","Sábado",0,1,1,0,0,0,0,2
"Fora do Pico","VIAS URBANAS","COLISAO","MADRUGADA","Sábado",0,1,0,0,0,0,0,1
"Pico","VIAS URBANAS","COLISAO","TARDE","Sábado",0,1,1,0,0,0,0,2
"Pico","VIAS URBANAS","COLISAO","MANHA","Sábado",0,3,0,0,0,0,0,3
"Fora do Pico","ESTRADAS E RODOVIAS","COLISAO","MANHA","Sábado",0,2,1,0,0,0,0,3
"Fora do Pico","ESTRADAS E RODOVIAS","OUTROS","MANHA","Sábado",0,4,0,0,0,0,0,4
"Pico","VIAS URBANAS","ATROPELAMENTO","TARDE","Sábado",0,0,1,0,0,1,0,1
"Fora do Pico","VIAS URBANAS","COLISAO","NOITE","Sábado",0,1,0,0,0,0,0,1
"Pico","ESTRADAS E RODOVIAS","COLISAO","TARDE","Sábado",0,1,1,0,0,0,0,2
"Fora do Pico","ESTRADAS E RODOVIAS","COLISAO","TARDE","Sábado",0,1,1,0,0,0,0,2
"Fora do Pico","ESTRADAS E RODOVIAS","CHOQUE","NOITE","Sábado",0,0,1,0,0,0,0,1
"Fora do Pico","VIAS URBANAS","COLISAO","MANHA","Sábado",0,0,1,0,0,0,0,1
"Fora do Pico","VIAS URBANAS","OUTROS","TARDE","Sábado",0,0,1,0,0,0,0,1
"Fora do Pico","VIAS URBANAS","COLISAO","TARDE","Sábado",0,1,0,0,0,0,0,1
"Pico","VIAS URBANAS","ATROPELAMENTO","NOITE","Sábado",0,0,1,0,0,1,0,1
"Fora do Pico","VIAS URBANAS","COLISAO","NOITE","Sábado",0,1,1,0,0,0,0,2
"Fora do Pico","VIAS URBANAS","ATROPELAMENTO","NOITE","Sábado",0,0,1,0,0,2,0,1
"Fora do Pico","VIAS URBANAS","NAO DISPONIVEL","NOITE","Sábado",0,0,1,0,0,0,0,1
"Fora do Pico","VIAS URBANAS","COLISAO","NOITE","Sábado",0,1,1,0,0,0,0,2
"Fora do Pico","VIAS URBANAS","OUTROS","MADRUGADA","Sábado",0,0,1,0,0,0,0,1
"Fora do Pico","VIAS URBANAS","COLISAO","MADRUGADA","Sábado",0,1,1,0,0,0,0,2
"Fora do Pico","ESTRADAS E RODOVIAS","COLISAO","MANHA","Sábado",0,1,0,0,1,0,0,2
"Fora do Pico","VIAS URBANAS","COLISAO","MANHA","Sábado",0,1,1,0,0,0,0,2
"Fora do Pico","VIAS URBANAS","COLISAO","MANHA","Sábado",0,1,0,0,0,0,1,1
"Fora do Pico","ESTRADAS E RODOVIAS","OUTROS","MADRUGADA","Domingo",1,0,1,0,0,0,0,1
"Pico","VIAS URBANAS","CHOQUE","MANHA","Domingo",1,0,1,0,0,0,0,1
"Fora do Pico","VIAS URBANAS","OUTROS","MANHA","Domingo",1,0,1,0,0,0,0,1
"Pico","VIAS URBANAS","COLISAO","TARDE","Domingo",0,1,0,0,0,0,0,1
"Fora do Pico","ESTRADAS E RODOVIAS","OUTROS","TARDE","Domingo",1,0,1,0,0,0,0,1
"Fora do Pico","ESTRADAS E RODOVIAS","ATROPELAMENTO","NOITE","Domingo",1,0,1,0,0,1,0,1
"Pico","VIAS URBANAS","COLISAO","TARDE","Domingo",0,1,1,0,0,0,0,2
"Fora do Pico","VIAS URBANAS","COLISAO","MADRUGADA","Domingo",0,1,0,0,0,0,0,1
"Pico","VIAS URBANAS","COLISAO","TARDE","Domingo",0,1,1,0,0,0,0,2
"Fora do Pico","VIAS URBANAS","COLISAO","TARDE","Domingo",0,2,0,0,0,0,0,2
"Fora do Pico","VIAS URBANAS","CHOQUE","TARDE","Domingo",0,1,0,0,0,0,0,1
"Fora do Pico","VIAS URBANAS","COLISAO","TARDE","Domingo",0,1,0,0,0,0,1,1
"Pico","ESTRADAS E RODOVIAS","COLISAO","TARDE","Domingo",0,1,0,0,0,0,1,1
"Pico","VIAS URBANAS","ATROPELAMENTO","NOITE","Domingo",0,0,1,0,0,1,0,1
"Fora do Pico","VIAS URBANAS","OUTROS","NOITE","Domingo",0,0,1,0,0,0,0,1
"Fora do Pico","VIAS URBANAS","OUTROS","NOITE","Domingo",0,0,1,0,0,0,0,1
"Fora do Pico","VIAS URBANAS","COLISAO","NOITE","Domingo",0,1,1,0,0,0,0,2
"Fora do Pico","VIAS URBANAS","COLISAO","NOITE","Domingo",0,1,0,0,0,0,0,1
"Fora do Pico","VIAS URBANAS","COLISAO","MADRUGADA","Domingo",0,2,0,0,0,0,0,3
"Fora do Pico","VIAS URBANAS","COLISAO","MADRUGADA","Domingo",0,1,1,0,0,0,0,2
"Fora do Pico","VIAS URBANAS","COLISAO","MADRUGADA","Domingo",0,1,0,0,1,0,0,3
"Fora do Pico","VIAS URBANAS","CHOQUE","MADRUGADA","Domingo",0,0,1,0,0,0,0,1
"Pico","VIAS URBANAS","CHOQUE","MANHA","Domingo",0,1,0,0,0,0,0,1
"Fora do Pico","VIAS URBANAS","CHOQUE","MADRUGADA","Domingo",0,0,1,0,0,0,0,1
"Fora do Pico","VIAS URBANAS","COLISAO","TARDE","Segunda-feira",0,0,1,0,1,0,0,2
"Fora do Pico","VIAS URBANAS","COLISAO","MANHA","Segunda-feira",0,1,1,0,0,0,0,2
"Pico","VIAS URBANAS","COLISAO","MANHA","Segunda-feira",0,1,1,0,0,0,0,2
"Fora do Pico","VIAS URBANAS","COLISAO","MANHA","Segunda-feira",0,1,1,0,0,0,0,2
"Pico","VIAS URBANAS","ATROPELAMENTO","NOITE","Segunda-feira",0,0,1,0,0,2,0,1
"Fora do Pico","ESTRADAS E RODOVIAS","COLISAO","TARDE","Segunda-feira",0,1,1,0,1,0,0,4
"Fora do Pico","VIAS URBANAS","CHOQUE","TARDE","Segunda-feira",0,1,0,0,0,0,0,1
"Pico","VIAS URBANAS","COLISAO","MANHA","Segunda-feira",0,1,1,0,0,0,0,2
"Fora do Pico","VIAS URBANAS","COLISAO","TARDE","Segunda-feira",0,1,1,0,0,0,0,2
"Pico","VIAS URBANAS","ATROPELAMENTO","TARDE","Segunda-feira",0,0,1,0,0,1,0,1
"Fora do Pico","ESTRADAS E RODOVIAS","CHOQUE","MANHA","Segunda-feira",0,0,0,0,1,0,0,1
"Pico","VIAS URBANAS","COLISAO","TARDE","Segunda-feira",0,1,1,0,0,0,0,2
"Fora do Pico","VIAS URBANAS","COLISAO","MANHA","Segunda-feira",0,1,1,0,0,0,0,2
"Pico","VIAS URBANAS","COLISAO","NOITE","Segunda-feira",0,1,1,0,0,0,0,2
"Pico","VIAS URBANAS","COLISAO","NOITE","Segunda-feira",0,1,1,0,0,0,0,2
"Pico","ESTRADAS E RODOVIAS","COLISAO","NOITE","Segunda-feira",0,0,1,0,0,0,0,1
"Pico","VIAS URBANAS","CHOQUE","NOITE","Segunda-feira",0,1,0,0,0,0,0,1
"Fora do Pico","VIAS URBANAS","COLISAO","NOITE","Segunda-feira",0,1,1,0,0,0,0,2
"Fora do Pico","VIAS URBANAS","COLISAO","NOITE","Segunda-feira",0,1,1,0,0,0,0,2
"Fora do Pico","VIAS URBANAS","ATROPELAMENTO","NOITE","Segunda-feira",0,1,0,0,0,2,0,1
"Fora do Pico","VIAS URBANAS","COLISAO","MADRUGADA","Segunda-feira",0,1,0,0,0,0,0,1
"Pico","ESTRADAS E RODOVIAS","COLISAO","MANHA","Segunda-feira",0,1,1,0,0,0,0,2
"Pico","VIAS URBANAS","OUTROS","MANHA","Segunda-feira",0,0,1,0,0,0,0,1
"Fora do Pico","VIAS URBANAS","COLISAO","MANHA","Segunda-feira",0,0,1,0,1,0,0,2
"Fora do Pico","VIAS URBANAS","COLISAO","MADRUGADA","Segunda-feira",0,1,1,0,0,0,0,2
"Fora do Pico","VIAS URBANAS","COLISAO","MANHA","Segunda-feira",0,1,1,0,0,0,0,2
"Pico","VIAS URBANAS","COLISAO","TARDE","Segunda-feira",0,1,0,0,0,0,0,1
"Fora do Pico","VIAS URBANAS","COLISAO","MANHA","Segunda-feira",0,2,0,0,0,0,0,2
"Fora do Pico","VIAS URBANAS","COLISAO","NOITE","Terça-feira",0,0,1,0,0,0,0,1
"Fora do Pico","VIAS URBANAS","COLISAO","TARDE","Terça-feira",0,1,0,0,0,0,1,1
"Fora do Pico","VIAS URBANAS","COLISAO","NOITE","Terça-feira",0,2,0,0,0,0,0,2
"Fora do Pico","VIAS URBANAS","OUTROS","TARDE","Terça-feira",0,0,0,0,1,0,0,2
"Pico","ESTRADAS E RODOVIAS","OUTROS","TARDE","Terça-feira",0,0,1,0,0,0,0,1
"Pico","ESTRADAS E RODOVIAS","COLISAO","MANHA","Terça-feira",0,1,2,0,0,0,0,3
"Fora do Pico","VIAS URBANAS","ATROPELAMENTO","TARDE","Terça-feira",0,0,1,0,0,1,0,1
"Pico","VIAS URBANAS","COLISAO","TARDE","Terça-feira",0,1,1,0,0,0,0,2
"Pico","ESTRADAS E RODOVIAS","CHOQUE","NOITE","Terça-feira",0,0,1,0,0,0,0,1
"Pico","VIAS URBANAS","CHOQUE","MANHA","Terça-feira",0,1,1,0,0,0,0,2
"Pico","VIAS URBANAS","COLISAO","NOITE","Terça-feira",0,1,1,0,0,0,0,2
"Fora do Pico","VIAS URBANAS","NAO DISPONIVEL","NOITE","Terça-feira",0,0,1,0,0,0,0,1
"Fora do Pico","VIAS URBANAS","COLISAO","NOITE","Terça-feira",0,1,1,0,0,0,0,2
"Fora do Pico","VIAS URBANAS","CHOQUE","NOITE","Terça-feira",0,0,1,0,0,0,0,1
"Pico","VIAS URBANAS","COLISAO","MANHA","Terça-feira",0,1,0,0,0,0,0,1
"Pico","VIAS URBANAS","COLISAO","MANHA","Terça-feira",0,1,1,0,0,0,0,2
"Pico","VIAS URBANAS","COLISAO","MANHA","Terça-feira",0,1,1,0,0,0,0,2
"Pico","VIAS URBANAS","COLISAO","MANHA","Terça-feira",0,0,1,0,0,0,0,2
"Fora do Pico","VIAS URBANAS","ATROPELAMENTO","MANHA","Terça-feira",0,0,1,0,0,1,1,1
"Pico","ESTRADAS E RODOVIAS","OUTROS","TARDE","Terça-feira",0,0,1,0,0,0,0,1
"Fora do Pico","VIAS URBANAS","CHOQUE","TARDE","Terça-feira",0,1,1,0,0,0,0,2
"Fora do Pico","ESTRADAS E RODOVIAS","COLISAO","TARDE","Terça-feira",0,0,1,0,0,0,0,1
"Fora do Pico","VIAS URBANAS","OUTROS","TARDE","Terça-feira",0,0,1,0,0,0,0,1
"Fora do Pico","VIAS URBANAS","COLISAO","TARDE","Terça-feira",0,1,1,0,0,0,0,2
"Fora do Pico","VIAS URBANAS","COLISAO","TARDE","Quarta-feira",0,1,1,0,0,0,0,2
"Pico","VIAS URBANAS","COLISAO","MANHA","Quarta-feira",0,1,1,0,0,0,0,2
"Fora do Pico","VIAS URBANAS","ATROPELAMENTO","NOITE","Quarta-feira",1,0,0,0,0,1,0,1
"Fora do Pico","VIAS URBANAS","ATROPELAMENTO","NOITE","Quarta-feira",0,1,0,0,0,0,0,1
"Pico","VIAS URBANAS","NAO DISPONIVEL","MANHA","Quarta-feira",0,0,0,1,0,0,0,1
"Fora do Pico","VIAS URBANAS","COLISAO","TARDE","Quarta-feira",0,1,1,0,0,0,0,2
"Fora do Pico","VIAS URBANAS","COLISAO","TARDE","Quarta-feira",0,1,1,0,0,0,0,2
"Fora do Pico","VIAS URBANAS","COLISAO","TARDE","Quarta-feira",0,0,1,0,0,0,1,1
"Fora do Pico","VIAS URBANAS","COLISAO","TARDE","Quarta-feira",0,1,1,0,0,0,0,2
"Fora do Pico","VIAS URBANAS","COLISAO","TARDE","Quarta-feira",0,0,0,0,1,0,1,1
"Pico","VIAS URBANAS","COLISAO","MANHA","Quarta-feira",0,0,2,0,0,0,0,2
"Fora do Pico","VIAS URBANAS","COLISAO","MANHA","Quarta-feira",0,1,1,0,0,0,0,2
"Fora do Pico","VIAS URBANAS","COLISAO","TARDE","Quarta-feira",0,1,1,0,0,0,0,2
"Pico","VIAS URBANAS","COLISAO","TARDE","Quarta-feira",0,1,1,0,0,0,0,2
"Pico","VIAS URBANAS","COLISAO","TARDE","Quarta-feira",0,1,1,0,0,0,0,2
"Fora do Pico","ESTRADAS E RODOVIAS","CHOQUE","MADRUGADA","Quarta-feira",0,0,0,0,1,0,0,2
"Fora do Pico","VIAS URBANAS","COLISAO","MADRUGADA","Quarta-feira",0,0,1,0,0,0,0,1
"Pico","VIAS URBANAS","COLISAO","MANHA","Quarta-feira",0,1,1,0,0,0,0,2
"Fora do Pico","VIAS URBANAS","COLISAO","MANHA","Quarta-feira",0,1,1,0,0,0,0,2
"Fora do Pico","VIAS URBANAS","ATROPELAMENTO","MANHA","Quarta-feira",0,1,0,0,0,1,0,1
"Pico","ESTRADAS E RODOVIAS","COLISAO","MANHA","Quarta-feira",0,1,1,0,0,0,0,2
"Pico","VIAS URBANAS","CHOQUE","MANHA","Quarta-feira",0,0,1,0,0,0,0,1
"Pico","VIAS URBANAS","COLISAO","MANHA","Quarta-feira",0,0,0,0,1,0,0,1
"Fora do Pico","VIAS URBANAS","ATROPELAMENTO","TARDE","Quarta-feira",0,0,1,0,0,1,0,1
"Fora do Pico","ESTRADAS E RODOVIAS","CHOQUE","TARDE","Quinta-feira",1,1,1,0,0,0,0,2
"Fora do Pico","VIAS URBANAS","CHOQUE","NOITE","Quinta-feira",0,2,1,0,0,0,0,3
"Pico","VIAS URBANAS","COLISAO","MANHA","Quinta-feira",0,1,1,0,0,0,0,2
"Fora do Pico","ESTRADAS E RODOVIAS","OUTROS","MADRUGADA","Quinta-feira",0,1,0,0,0,0,0,1
"Pico","VIAS URBANAS","COLISAO","TARDE","Quinta-feira",0,1,0,0,0,0,1,1
"Fora do Pico","VIAS URBANAS","COLISAO","TARDE","Quinta-feira",0,0,2,0,0,0,0,2
"Fora do Pico","VIAS URBANAS","COLISAO","TARDE","Quinta-feira",0,0,2,0,0,0,0,2
"Pico","VIAS URBANAS","CHOQUE","TARDE","Quinta-feira",0,0,1,0,0,0,0,1
"Fora do Pico","VIAS URBANAS","COLISAO","TARDE","Quinta-feira",0,0,1,0,0,0,1,1
"Fora do Pico","VIAS URBANAS","COLISAO","TARDE","Quinta-feira",0,1,1,0,0,0,0,2
"Fora do Pico","ESTRADAS E RODOVIAS","CHOQUE","NOITE","Quinta-feira",0,1,0,0,0,0,0,1
"Fora do Pico","VIAS URBANAS","COLISAO","TARDE","Quinta-feira",0,1,1,0,0,0,0,2
"Fora do Pico","VIAS URBANAS","COLISAO","MANHA","Quinta-feira",0,0,1,0,0,0,0,1
"Pico","VIAS URBANAS","COLISAO","NOITE","Quinta-feira",0,2,0,0,0,0,0,2
"Pico","VIAS URBANAS","COLISAO","TARDE","Quinta-feira",0,1,0,0,0,0,0,1
"Fora do Pico","VIAS URBANAS","COLISAO","NOITE","Quinta-feira",0,1,1,0,0,0,0,2
"Pico","ESTRADAS E RODOVIAS","COLISAO","MANHA","Quinta-feira",0,1,1,0,0,0,0,2
"Pico","VIAS URBANAS","NAO DISPONIVEL","MANHA","Quinta-feira",0,0,1,0,0,0,0,1
"Fora do Pico","VIAS URBANAS","COLISAO","MANHA","Quinta-feira",0,1,1,0,0,0,0,2
"Fora do Pico","ESTRADAS E RODOVIAS","COLISAO","TARDE","Quinta-feira",0,0,2,0,1,0,0,3
"Pico","ESTRADAS E RODOVIAS","OUTROS","MANHA","Quinta-feira",0,0,1,0,0,0,0,1
"Pico","VIAS URBANAS","COLISAO","TARDE","Quinta-feira",0,2,0,0,0,0,0,2
"Pico","VIAS URBANAS","COLISAO","TARDE","Quinta-feira",0,1,1,0,0,0,0,2
"Fora do Pico","VIAS URBANAS","COLISAO","TARDE","Quinta-feira",0,1,1,0,0,0,0,2
"Fora do Pico","VIAS URBANAS","ATROPELAMENTO","TARDE","Quinta-feira",0,1,0,0,0,1,0,1
"Fora do Pico","ESTRADAS E RODOVIAS","COLISAO","MANHA","Sexta-feira",1,2,0,0,1,0,0,3
"Fora do Pico","VIAS URBANAS","OUTROS","TARDE","Sexta-feira",0,0,1,0,0,0,0,1
"Fora do Pico","ESTRADAS E RODOVIAS","COLISAO","NOITE","Sexta-feira",0,1,0,0,0,0,0,1
"Pico","VIAS URBANAS","COLISAO","TARDE","Sexta-feira",0,2,0,0,0,0,0,2
"Fora do Pico","ESTRADAS E RODOVIAS","CHOQUE","TARDE","Sexta-feira",0,0,0,0,1,0,0,1
"Fora do Pico","VIAS URBANAS","ATROPELAMENTO","NOITE","Sexta-feira",0,1,0,0,0,2,0,1
"Fora do Pico","VIAS URBANAS","COLISAO","TARDE","Sexta-feira",0,0,2,0,0,0,0,2
"Fora do Pico","ESTRADAS E RODOVIAS","CHOQUE","MADRUGADA","Sexta-feira",0,1,0,0,0,0,0,1
"Fora do Pico","VIAS URBANAS","COLISAO","TARDE","Sexta-feira",0,1,0,0,0,0,0,1
"Fora do Pico","VIAS URBANAS","COLISAO","NOITE","Sexta-feira",0,0,2,0,0,0,0,2
"Fora do Pico","VIAS URBANAS","COLISAO","TARDE","Sexta-feira",0,1,1,0,0,0,0,2
"Fora do Pico","VIAS URBANAS","COLISAO","TARDE","Sexta-feira",0,1,1,0,0,0,0,2
"Fora do Pico","VIAS URBANAS","COLISAO","TARDE","Sexta-feira",0,2,0,0,0,0,0,2
"Fora do Pico","VIAS URBANAS","COLISAO","TARDE","Sexta-feira",0,2,0,0,0,0,0,2
"Fora do Pico","VIAS URBANAS","COLISAO","NOITE","Sexta-feira",0,1,1,0,0,0,0,2
"Fora do Pico","VIAS URBANAS","COLISAO","NOITE","Sexta-feira",0,0,2,0,0,0,0,2
"Fora do Pico","VIAS URBANAS","NAO DISPONIVEL","NOITE","Sexta-feira",0,0,1,0,0,0,0,1
"Fora do Pico","VIAS URBANAS","COLISAO","NOITE","Sexta-feira",0,3,0,0,0,0,0,3
"Fora do Pico","VIAS URBANAS","COLISAO","NOITE","Sexta-feira",0,0,1,0,0,0,0,2
"Pico","VIAS URBANAS","COLISAO","MANHA","Sexta-feira",0,1,1,0,0,0,0,2
"Pico","VIAS URBANAS","COLISAO","MANHA","Sexta-feira",0,1,1,0,0,0,0,2
"Fora do Pico","VIAS URBANAS","COLISAO","MANHA","Sexta-feira",0,1,1,0,0,0,0,2
"Fora do Pico","VIAS URBANAS","COLISAO","MANHA","Sexta-feira",0,0,1,0,1,0,0,2
"Fora do Pico","ESTRADAS E RODOVIAS","COLISAO","MADRUGADA","Sexta-feira",0,0,0,1,1,0,0,3
"Pico","VIAS URBANAS","COLISAO","MANHA","Sexta-feira",0,1,1,0,0,0,0,2
"Pico","VIAS URBANAS","COLISAO","TARDE","Sexta-feira",0,1,1,0,0,0,0,2
"Fora do Pico","VIAS URBANAS","ATROPELAMENTO","TARDE","Sábado",0,1,0,0,0,0,0,1
"Fora do Pico","VIAS URBANAS","COLISAO","MADRUGADA","Sábado",1,0,1,1,0,0,0,2
"Fora do Pico","VIAS URBANAS","OUTROS","TARDE","Sábado",0,0,1,0,0,0,0,1
"Fora do Pico","VIAS URBANAS","ATROPELAMENTO","NOITE","Sábado",1,0,1,0,0,1,0,1
"Fora do Pico","ESTRADAS E RODOVIAS","COLISAO","NOITE","Sábado",0,2,0,0,0,0,0,2
"Pico","VIAS URBANAS","COLISAO","NOITE","Sábado",0,2,0,0,0,0,0,2
"Fora do Pico","ESTRADAS E RODOVIAS","ATROPELAMENTO","TARDE","Sábado",1,2,0,0,0,1,0,2
"Fora do Pico","VIAS URBANAS","COLISAO","NOITE","Sábado",0,1,1,0,0,0,0,2
"Fora do Pico","VIAS URBANAS","OUTROS","TARDE","Sábado",0,0,1,0,0,0,0,1
"Fora do Pico","VIAS URBANAS","CHOQUE","NOITE","Sábado",0,1,0,0,0,0,0,1
"Fora do Pico","VIAS URBANAS","ATROPELAMENTO","NOITE","Sábado",0,1,0,0,0,1,0,1
"Fora do Pico","VIAS URBANAS","ATROPELAMENTO","MANHA","Sábado",0,0,1,0,0,1,0,1
"Fora do Pico","ESTRADAS E RODOVIAS","OUTROS","MADRUGADA","Sábado",0,0,0,0,1,0,0,2
"Fora do Pico","VIAS URBANAS","COLISAO","TARDE","Sábado",0,0,2,0,0,0,0,2
"Pico","VIAS URBANAS","COLISAO","TARDE","Sábado",0,1,1,0,0,0,0,2
"Pico","ESTRADAS E RODOVIAS","COLISAO","TARDE","Sábado",0,1,1,0,0,0,0,2
"Fora do Pico","VIAS URBANAS","ATROPELAMENTO","TARDE","Sábado",0,0,2,0,0,1,0,2
"Fora do Pico","VIAS URBANAS","COLISAO","TARDE","Sábado",0,1,1,0,0,0,0,2
"Fora do Pico","ESTRADAS E RODOVIAS","OUTROS","NOITE","Sábado",0,1,0,0,0,0,1,1
"Fora do Pico","VIAS URBANAS","COLISAO","NOITE","Sábado",0,1,1,0,0,0,0,2
"Fora do Pico","VIAS URBANAS","COLISAO","NOITE","Sábado",0,1,1,0,0,0,0,2
"Fora do Pico","ESTRADAS E RODOVIAS","OUTROS","MADRUGADA","Sábado",0,1,0,0,0,0,0,1
"Fora do Pico","VIAS URBANAS","COLISAO","NOITE","Sábado",0,1,1,0,0,0,0,2
"Fora do Pico","VIAS URBANAS","COLISAO","MADRUGADA","Sábado",0,1,0,0,0,0,0,1
"Pico","ESTRADAS E RODOVIAS","OUTROS","TARDE","Sábado",0,0,0,0,1,0,0,3
"Fora do Pico","VIAS URBANAS","COLISAO","MADRUGADA","Sábado",0,1,0,0,0,0,0,1
"Pico","VIAS URBANAS","OUTROS","MANHA","Sábado",0,0,1,0,0,0,0,1
"Fora do Pico","VIAS URBANAS","COLISAO","MANHA","Sábado",0,1,0,0,0,0,1,1
"Fora do Pico","VIAS URBANAS","COLISAO","MANHA","Sábado",0,1,0,0,0,0,0,1
"Pico","VIAS URBANAS","COLISAO","TARDE","Domingo",0,1,1,0,0,0,0,2
"Fora do Pico","ESTRADAS E RODOVIAS","COLISAO","MADRUGADA","Domingo",0,1,0,0,1,0,0,3
"Fora do Pico","ESTRADAS E RODOVIAS","OUTROS","TARDE","Domingo",0,0,1,0,0,0,0,1
"Pico","NAO DISPONIVEL","ATROPELAMENTO","MANHA","Domingo",1,0,0,0,0,1,0,1
"Fora do Pico","VIAS URBANAS","OUTROS","NOITE","Domingo",0,0,0,1,0,0,0,1
"Fora do Pico","VIAS URBANAS","COLISAO","MADRUGADA","Domingo",0,2,0,0,0,0,0,2
"Fora do Pico","VIAS URBANAS","CHOQUE","NOITE","Domingo",0,1,0,0,0,0,0,1
"Fora do Pico","VIAS URBANAS","COLISAO","NOITE","Domingo",0,1,0,0,0,0,0,1
"Pico","VIAS URBANAS","ATROPELAMENTO","TARDE","Quarta-feira",0,0,1,0,0,1,0,1
"Pico","ESTRADAS E RODOVIAS","COLISAO","NOITE","Quarta-feira",0,1,1,0,0,0,0,2
"Pico","VIAS URBANAS","COLISAO","NOITE","Quarta-feira",0,1,0,0,0,0,0,1
"Pico","VIAS URBANAS","COLISAO","NOITE","Quarta-feira",0,0,1,0,0,0,0,1
"Fora do Pico","VIAS URBANAS","COLISAO","NOITE","Quarta-feira",0,0,2,0,0,0,0,2
"Fora do Pico","VIAS URBANAS","COLISAO","MADRUGADA","Quarta-feira",0,1,1,0,0,0,0,2
"Pico","VIAS URBANAS","COLISAO","MANHA","Quarta-feira",0,0,0,1,0,0,1,1
"Pico","VIAS URBANAS","OUTROS","MANHA","Quarta-feira",0,0,1,0,0,0,0,1
"Pico","ESTRADAS E RODOVIAS","OUTROS","MANHA","Quarta-feira",0,0,1,0,0,0,0,1
"Fora do Pico","VIAS URBANAS","COLISAO","MANHA","Quarta-feira",0,1,1,0,0,0,0,2
"Fora do Pico","VIAS URBANAS","COLISAO","MANHA","Quarta-feira",0,1,1,0,0,0,0,2
"Pico","VIAS URBANAS","COLISAO","TARDE","Quarta-feira",0,1,2,0,0,0,0,3
"Pico","VIAS URBANAS","COLISAO","TARDE","Quarta-feira",0,0,1,1,0,0,0,2
"Fora do Pico","VIAS URBANAS","COLISAO","MADRUGADA","Quinta-feira",0,1,0,0,0,0,0,1
"Pico","ESTRADAS E RODOVIAS","COLISAO","TARDE","Quinta-feira",1,1,1,0,0,0,0,2
"Fora do Pico","ESTRADAS E RODOVIAS","OUTROS","MANHA","Quinta-feira",0,0,0,0,1,0,0,3
"Fora do Pico","VIAS URBANAS","CHOQUE","TARDE","Quinta-feira",0,0,1,0,0,0,0,1
"Fora do Pico","VIAS URBANAS","COLISAO","TARDE","Quinta-feira",0,1,1,0,0,0,0,2
"Pico","VIAS URBANAS","OUTROS","NOITE","Quinta-feira",0,0,1,0,0,0,0,1
"Fora do Pico","VIAS URBANAS","COLISAO","TARDE","Quinta-feira",0,0,1,0,1,0,0,2
"Fora do Pico","VIAS URBANAS","COLISAO","NOITE","Quinta-feira",0,1,1,0,0,0,0,2
"Pico","ESTRADAS E RODOVIAS","COLISAO","TARDE","Quinta-feira",0,1,1,0,0,0,0,2
"Pico","VIAS URBANAS","COLISAO","NOITE","Quinta-feira",0,1,1,0,0,0,0,2
"Pico","VIAS URBANAS","COLISAO","TARDE","Quinta-feira",0,0,1,0,1,0,0,4
"Fora do Pico","VIAS URBANAS","COLISAO","TARDE","Quinta-feira",0,2,0,0,0,0,0,2
"Fora do Pico","VIAS URBANAS","COLISAO","NOITE","Quinta-feira",0,1,1,0,0,0,0,2
"Fora do Pico","VIAS URBANAS","CHOQUE","NOITE","Quinta-feira",0,1,1,0,0,0,0,2
"Fora do Pico","VIAS URBANAS","COLISAO","NOITE","Quinta-feira",0,1,1,0,0,0,0,2
"Pico","VIAS URBANAS","COLISAO","MANHA","Quinta-feira",0,2,0,0,0,0,0,2
"Pico","VIAS URBANAS","COLISAO","MANHA","Quinta-feira",0,1,1,0,0,0,0,2
"Fora do Pico","VIAS URBANAS","OUTROS","MANHA","Quinta-feira",0,1,1,0,0,0,0,2
"Fora do Pico","ESTRADAS E RODOVIAS","OUTROS","MANHA","Quinta-feira",0,0,1,0,0,0,0,1
"Pico","ESTRADAS E RODOVIAS","OUTROS","MANHA","Quinta-feira",0,0,1,0,0,0,0,1
"Fora do Pico","VIAS URBANAS","ATROPELAMENTO","TARDE","Quinta-feira",0,0,1,0,0,1,0,1
"Fora do Pico","VIAS URBANAS","COLISAO","TARDE","Quinta-feira",0,0,1,0,1,0,0,3
"Fora do Pico","VIAS URBANAS","COLISAO","TARDE","Quinta-feira",0,1,1,0,0,0,0,2
"Pico","ESTRADAS E RODOVIAS","COLISAO","TARDE","Sexta-feira",0,1,1,0,0,0,0,2
"Fora do Pico","VIAS URBANAS","COLISAO","MANHA","Sexta-feira",0,1,1,0,0,0,0,2
"Fora do Pico","VIAS URBANAS","COLISAO","MANHA","Sexta-feira",1,1,1,0,0,0,0,2
"Fora do Pico","VIAS URBANAS","COLISAO","TARDE","Sexta-feira",0,1,0,0,0,0,0,1
"Pico","VIAS URBANAS","OUTROS","MANHA","Sexta-feira",0,0,1,0,0,0,0,1
"Pico","VIAS URBANAS","COLISAO","NOITE","Sexta-feira",0,1,1,0,0,0,0,2
"Pico","VIAS URBANAS","CHOQUE","TARDE","Sexta-feira",0,1,0,0,0,0,1,1
"Fora do Pico","VIAS URBANAS","COLISAO","TARDE","Sexta-feira",0,2,0,0,0,0,0,2
"Fora do Pico","VIAS URBANAS","COLISAO","TARDE","Sexta-feira",0,1,1,0,0,0,0,2
"Fora do Pico","VIAS URBANAS","OUTROS","TARDE","Sexta-feira",0,1,0,0,1,0,0,2
"Fora do Pico","VIAS URBANAS","CHOQUE","MANHA","Sexta-feira",0,1,1,0,0,0,0,2
"Fora do Pico","ESTRADAS E RODOVIAS","COLISAO","MANHA","Sexta-feira",0,1,1,0,0,0,0,2
"Fora do Pico","VIAS URBANAS","COLISAO","TARDE","Sexta-feira",0,1,0,0,0,0,1,1
"Pico","ESTRADAS E RODOVIAS","COLISAO","MANHA","Sexta-feira",0,1,1,0,0,0,0,2
"Pico","VIAS URBANAS","ATROPELAMENTO","NOITE","Sexta-feira",0,1,0,0,0,1,0,1
"Pico","VIAS URBANAS","COLISAO","NOITE","Sexta-feira",0,1,1,0,0,0,0,2
"Fora do Pico","VIAS URBANAS","COLISAO","NOITE","Sexta-feira",0,1,0,0,0,0,0,1
"Fora do Pico","VIAS URBANAS","COLISAO","NOITE","Sexta-feira",0,1,1,0,0,0,0,2
"Fora do Pico","VIAS URBANAS","COLISAO","NOITE","Sexta-feira",0,2,0,0,0,0,0,2
"Pico","ESTRADAS E RODOVIAS","OUTROS","MANHA","Sexta-feira",0,0,1,0,0,0,0,1
"Pico","ESTRADAS E RODOVIAS","OUTROS","MANHA","Sexta-feira",0,0,1,0,0,0,0,1
"Fora do Pico","VIAS URBANAS","OUTROS","MANHA","Sexta-feira",0,0,1,0,0,0,0,1
"Fora do Pico","ESTRADAS E RODOVIAS","CHOQUE","MANHA","Sexta-feira",0,1,0,0,0,0,0,1
"Fora do Pico","ESTRADAS E RODOVIAS","COLISAO","MANHA","Sexta-feira",0,1,1,0,0,0,0,2
"Pico","VIAS URBANAS","COLISAO","TARDE","Sexta-feira",0,0,1,1,0,0,0,2
"Fora do Pico","VIAS URBANAS","COLISAO","TARDE","Sexta-feira",0,0,1,0,0,0,0,2
"Fora do Pico","VIAS URBANAS","COLISAO","TARDE","Sexta-feira",0,1,1,0,0,0,0,2
"Fora do Pico","ESTRADAS E RODOVIAS","OUTROS","MADRUGADA","Sábado",1,0,1,0,0,0,0,1
"Pico","VIAS URBANAS","COLISAO","TARDE","Sábado",0,2,0,0,0,0,0,2
"Fora do Pico","VIAS URBANAS","ATROPELAMENTO","MADRUGADA","Sábado",1,1,0,0,0,1,0,1
"Fora do Pico","VIAS URBANAS","OUTROS","NOITE","Sábado",1,0,1,0,0,0,0,1
"Fora do Pico","VIAS URBANAS","NAO DISPONIVEL","MADRUGADA","Sábado",0,0,1,0,0,0,0,1
"Pico","VIAS URBANAS","COLISAO","TARDE","Sábado",0,1,1,0,0,0,0,2
"Fora do Pico","VIAS URBANAS","COLISAO","TARDE","Sábado",0,1,0,0,0,0,1,1
"Fora do Pico","ESTRADAS E RODOVIAS","CHOQUE","MANHA","Sábado",0,1,0,0,0,0,0,1
"Pico","VIAS URBANAS","OUTROS","MANHA","Sábado",0,1,0,0,0,0,0,1
"Pico","VIAS URBANAS","COLISAO","TARDE","Sábado",0,1,1,0,0,0,0,2
"Fora do Pico","VIAS URBANAS","COLISAO","MADRUGADA","Sábado",0,0,2,0,0,0,0,2
"Fora do Pico","VIAS URBANAS","COLISAO","TARDE","Sábado",0,0,2,0,0,0,0,2
"Fora do Pico","VIAS URBANAS","COLISAO","TARDE","Sábado",0,1,0,0,0,0,1,1
"Fora do Pico","VIAS URBANAS","COLISAO","TARDE","Sábado",0,2,0,0,0,0,0,2
"Fora do Pico","VIAS URBANAS","ATROPELAMENTO","TARDE","Sábado",0,0,1,0,0,1,1,1
"Pico","VIAS URBANAS","ATROPELAMENTO","NOITE","Sábado",0,1,0,0,0,2,0,1
"Fora do Pico","ESTRADAS E RODOVIAS","OUTROS","NOITE","Sábado",0,0,1,0,0,0,0,1
"Fora do Pico","VIAS URBANAS","NAO DISPONIVEL","NOITE","Sábado",0,0,1,0,0,0,0,1
"Fora do Pico","ESTRADAS E RODOVIAS","COLISAO","NOITE","Sábado",0,2,0,0,0,0,0,2
"Fora do Pico","ESTRADAS E RODOVIAS","COLISAO","NOITE","Sábado",0,1,0,0,1,0,0,3
"Fora do Pico","VIAS URBANAS","COLISAO","NOITE","Sábado",0,1,1,0,0,0,0,2
"Fora do Pico","VIAS URBANAS","CHOQUE","MADRUGADA","Sábado",0,0,1,0,0,0,0,1
"Pico","VIAS URBANAS","OUTROS","MANHA","Sábado",0,1,0,0,0,0,0,1
"Fora do Pico","ESTRADAS E RODOVIAS","OUTROS","MANHA","Sábado",0,0,2,0,0,0,0,2
"Fora do Pico","VIAS URBANAS","ATROPELAMENTO","MANHA","Sábado",0,1,0,0,0,1,0,1
"Fora do Pico","VIAS URBANAS","COLISAO","MANHA","Sábado",0,1,0,0,1,0,0,2
"Fora do Pico","VIAS URBANAS","ATROPELAMENTO","MANHA","Sábado",0,1,0,0,0,1,0,1
"Fora do Pico","VIAS URBANAS","COLISAO","MANHA","Sábado",0,1,0,0,0,0,1,1
"Pico","VIAS URBANAS","CHOQUE","MANHA","Sábado",0,1,0,0,0,0,1,1
"Pico","VIAS URBANAS","ATROPELAMENTO","NOITE","Domingo",1,1,0,0,0,1,0,1
"Fora do Pico","VIAS URBANAS","COLISAO","MANHA","Domingo",0,0,1,1,0,0,0,2
"Fora do Pico","ESTRADAS E RODOVIAS","CHOQUE","TARDE","Domingo",0,1,0,0,0,0,0,1
"Pico","VIAS URBANAS","COLISAO","TARDE","Domingo",0,2,0,0,0,0,0,2
"Fora do Pico","ESTRADAS E RODOVIAS","COLISAO","TARDE","Domingo",0,1,1,0,0,0,0,2
"Pico","VIAS URBANAS","OUTROS","MANHA","Domingo",0,0,1,0,0,0,0,1
"Pico","VIAS URBANAS","CHOQUE","MANHA","Domingo",0,1,0,0,0,0,0,1
"Pico","VIAS URBANAS","OUTROS","MANHA","Domingo",0,0,1,0,0,0,0,1
"Pico","VIAS URBANAS","OUTROS","TARDE","Domingo",0,0,1,0,0,0,0,1
"Fora do Pico","VIAS URBANAS","COLISAO","TARDE","Domingo",0,2,0,0,0,0,0,2
"Pico","VIAS URBANAS","CHOQUE","TARDE","Domingo",0,3,0,0,0,0,0,3
"Pico","VIAS URBANAS","COLISAO","NOITE","Domingo",0,1,0,0,0,0,1,1
"Fora do Pico","VIAS URBANAS","COLISAO","NOITE","Domingo",0,2,0,0,0,0,0,2
"Fora do Pico","VIAS URBANAS","COLISAO","NOITE","Domingo",0,1,1,0,0,0,0,2
"Fora do Pico","VIAS URBANAS","COLISAO","NOITE","Domingo",0,1,1,0,0,0,0,2
"Fora do Pico","VIAS URBANAS","COLISAO","NOITE","Domingo",0,1,0,0,0,0,0,1
"Fora do Pico","VIAS URBANAS","COLISAO","MADRUGADA","Domingo",0,2,0,0,0,0,0,2
"Fora do Pico","VIAS URBANAS","NAO DISPONIVEL","MADRUGADA","Domingo",0,0,1,0,0,0,0,1
"Pico","ESTRADAS E RODOVIAS","COLISAO","NOITE","Segunda-feira",0,1,1,0,0,0,0,2
"Fora do Pico","VIAS URBANAS","COLISAO","TARDE","Segunda-feira",0,1,1,0,0,0,0,2
"Pico","ESTRADAS E RODOVIAS","COLISAO","NOITE","Segunda-feira",0,1,2,0,0,0,0,3
"Pico","VIAS URBANAS","ATROPELAMENTO","MANHA","Segunda-feira",0,0,1,0,0,1,0,1
"Fora do Pico","VIAS URBANAS","OUTROS","NOITE","Segunda-feira",0,0,0,0,1,0,0,2
"Pico","ESTRADAS E RODOVIAS","COLISAO","NOITE","Segunda-feira",0,2,1,0,0,0,0,3
"Fora do Pico","VIAS URBANAS","OUTROS","MADRUGADA","Segunda-feira",0,0,1,0,0,0,0,1
"Fora do Pico","VIAS URBANAS","ATROPELAMENTO","TARDE","Segunda-feira",0,0,0,1,0,1,0,1
"Fora do Pico","VIAS URBANAS","OUTROS","MADRUGADA","Segunda-feira",0,1,0,0,0,0,0,1
"Pico","VIAS URBANAS","CHOQUE","MANHA","Segunda-feira",0,1,2,0,0,0,0,3
"Fora do Pico","ESTRADAS E RODOVIAS","OUTROS","TARDE","Segunda-feira",0,0,0,0,1,0,0,1
"Fora do Pico","VIAS URBANAS","COLISAO","TARDE","Segunda-feira",0,1,1,0,0,0,0,2
"Pico","VIAS URBANAS","COLISAO","TARDE","Segunda-feira",0,1,1,0,0,0,0,2
"Pico","VIAS URBANAS","COLISAO","TARDE","Segunda-feira",0,1,0,0,0,0,1,1
"Pico","VIAS URBANAS","COLISAO","NOITE","Segunda-feira",0,1,1,0,0,0,0,2
"Fora do Pico","VIAS URBANAS","COLISAO","NOITE","Segunda-feira",0,1,1,0,0,0,0,2
"Fora do Pico","VIAS URBANAS","COLISAO","NOITE","Segunda-feira",0,0,1,0,0,0,0,2
"Fora do Pico","ESTRADAS E RODOVIAS","ATROPELAMENTO","NOITE","Segunda-feira",0,0,1,0,0,2,1,1
"Fora do Pico","VIAS URBANAS","COLISAO","NOITE","Segunda-feira",0,1,0,0,1,0,0,2
"Fora do Pico","VIAS URBANAS","OUTROS","MADRUGADA","Segunda-feira",0,0,1,0,0,0,0,1
"Fora do Pico","VIAS URBANAS","COLISAO","MADRUGADA","Segunda-feira",0,2,1,0,0,0,0,3
"Pico","VIAS URBANAS","COLISAO","MANHA","Segunda-feira",0,0,1,0,1,0,0,3
"Fora do Pico","VIAS URBANAS","COLISAO","MANHA","Segunda-feira",0,1,1,0,0,0,0,2
"Fora do Pico","VIAS URBANAS","COLISAO","MANHA","Segunda-feira",0,1,1,0,0,0,0,2
"Fora do Pico","ESTRADAS E RODOVIAS","COLISAO","TARDE","Segunda-feira",0,1,1,0,0,0,0,2
"Fora do Pico","VIAS URBANAS","COLISAO","MANHA","Segunda-feira",0,0,1,0,0,0,0,1
"Pico","VIAS URBANAS","COLISAO","TARDE","Segunda-feira",0,0,1,0,0,0,0,1
"Pico","VIAS URBANAS","COLISAO","TARDE","Segunda-feira",0,1,1,0,0,0,0,2
"Fora do Pico","VIAS URBANAS","COLISAO","TARDE","Segunda-feira",0,1,1,0,0,0,0,2
"Fora do Pico","VIAS URBANAS","COLISAO","MADRUGADA","Segunda-feira",0,1,1,0,0,0,0,2
"Fora do Pico","VIAS URBANAS","ATROPELAMENTO","TARDE","Terça-feira",1,1,0,0,0,1,0,1
"Fora do Pico","ESTRADAS E RODOVIAS","OUTROS","NOITE","Terça-feira",0,0,1,0,0,0,0,1
"Fora do Pico","VIAS URBANAS","COLISAO","NOITE","Terça-feira",0,0,1,0,0,0,0,1
"Pico","VIAS URBANAS","COLISAO","NOITE","Terça-feira",0,1,1,0,0,0,0,2
"Fora do Pico","ESTRADAS E RODOVIAS","COLISAO","NOITE","Terça-feira",1,1,1,0,1,0,0,3
"Pico","ESTRADAS E RODOVIAS","COLISAO","MANHA","Terça-feira",0,1,1,0,0,0,0,2
"Pico","VIAS URBANAS","COLISAO","NOITE","Terça-feira",0,1,1,0,0,0,0,2
"Fora do Pico","VIAS URBANAS","COLISAO","TARDE","Terça-feira",0,1,1,0,0,0,0,2
"Fora do Pico","ESTRADAS E RODOVIAS","COLISAO","MADRUGADA","Terça-feira",0,0,0,0,2,0,0,2
"Pico","VIAS URBANAS","CHOQUE","TARDE","Terça-feira",0,2,0,0,0,0,0,2
"Fora do Pico","VIAS URBANAS","COLISAO","TARDE","Terça-feira",0,1,0,0,0,0,0,1
"Fora do Pico","VIAS URBANAS","COLISAO","TARDE","Terça-feira",0,2,0,0,0,0,0,2
"Pico","VIAS URBANAS","COLISAO","NOITE","Terça-feira",0,1,0,0,0,0,0,1
"Pico","VIAS URBANAS","COLISAO","NOITE","Terça-feira",0,1,1,0,0,0,0,2
"Pico","ESTRADAS E RODOVIAS","COLISAO","NOITE","Terça-feira",0,1,1,0,0,0,0,2
"Pico","VIAS URBANAS","COLISAO","NOITE","Terça-feira",0,1,1,0,0,0,0,2
"Pico","VIAS URBANAS","COLISAO","NOITE","Terça-feira",0,1,1,0,0,0,0,2
"Pico","ESTRADAS E RODOVIAS","ATROPELAMENTO","NOITE","Terça-feira",0,0,1,0,0,0,0,1
"Fora do Pico","VIAS URBANAS","COLISAO","NOITE","Terça-feira",0,1,0,0,0,0,1,1
"Fora do Pico","VIAS URBANAS","COLISAO","NOITE","Terça-feira",0,1,1,0,0,0,0,2
"Fora do Pico","ESTRADAS E RODOVIAS","OUTROS","NOITE","Terça-feira",0,1,0,0,0,0,0,1
"Pico","VIAS URBANAS","COLISAO","MANHA","Terça-feira",0,2,0,0,0,0,0,2
"Pico","VIAS URBANAS","COLISAO","MANHA","Terça-feira",0,1,1,0,0,0,0,2
"Pico","VIAS URBANAS","COLISAO","MANHA","Terça-feira",0,0,1,0,0,0,0,1
"Fora do Pico","VIAS URBANAS","COLISAO","MANHA","Terça-feira",0,1,1,0,0,0,0,2
"Fora do Pico","VIAS URBANAS","CHOQUE","MANHA","Terça-feira",0,0,1,0,0,0,0,1
"Pico","VIAS URBANAS","COLISAO","MANHA","Terça-feira",0,1,1,0,0,0,0,2
"Pico","ESTRADAS E RODOVIAS","COLISAO","TARDE","Terça-feira",0,1,1,0,0,0,0,2
"Fora do Pico","VIAS URBANAS","COLISAO","TARDE","Terça-feira",0,2,0,0,0,0,0,2
"Pico","VIAS URBANAS","COLISAO","TARDE","Terça-feira",0,1,1,0,0,0,0,2
"Fora do Pico","VIAS URBANAS","COLISAO","TARDE","Terça-feira",0,2,0,0,0,0,0,2
"Fora do Pico","VIAS URBANAS","COLISAO","TARDE","Terça-feira",0,1,0,0,0,0,0,1
"Pico","VIAS URBANAS","COLISAO","TARDE","Quarta-feira",0,1,0,0,0,0,1,1
"Fora do Pico","VIAS URBANAS","COLISAO","MANHA","Quarta-feira",0,0,1,0,0,0,0,1
"Fora do Pico","VIAS URBANAS","COLISAO","MANHA","Quarta-feira",0,1,1,0,0,0,0,2
"Fora do Pico","VIAS URBANAS","COLISAO","MADRUGADA","Quarta-feira",0,1,1,0,0,0,0,2
"Pico","ESTRADAS E RODOVIAS","COLISAO","TARDE","Quarta-feira",0,1,1,0,0,0,0,2
"Pico","VIAS URBANAS","COLISAO","NOITE","Quarta-feira",0,1,1,0,0,0,0,2
"Fora do Pico","VIAS URBANAS","NAO DISPONIVEL","TARDE","Quarta-feira",0,1,1,0,0,0,0,2
"Fora do Pico","VIAS URBANAS","COLISAO","TARDE","Quarta-feira",0,0,0,1,0,0,0,1
"Pico","VIAS URBANAS","COLISAO","TARDE","Quarta-feira",0,0,2,0,0,0,0,2
"Pico","VIAS URBANAS","OUTROS","MANHA","Quarta-feira",0,2,0,0,0,0,0,4
"Fora do Pico","VIAS URBANAS","COLISAO","NOITE","Quarta-feira",0,1,1,0,0,0,0,2
"Fora do Pico","VIAS URBANAS","COLISAO","TARDE","Quarta-feira",0,1,1,0,0,0,0,2
"Fora do Pico","VIAS URBANAS","OUTROS","TARDE","Quarta-feira",0,0,0,0,0,0,0,1
"Pico","VIAS URBANAS","ATROPELAMENTO","NOITE","Quarta-feira",0,0,0,1,0,1,0,1
"Fora do Pico","VIAS URBANAS","COLISAO","NOITE","Quarta-feira",0,1,1,0,0,0,0,2
"Fora do Pico","VIAS URBANAS","COLISAO","NOITE","Quarta-feira",0,1,1,0,0,0,0,2
"Pico","VIAS URBANAS","COLISAO","MANHA","Quarta-feira",0,2,0,0,0,0,0,2
"Pico","VIAS URBANAS","ATROPELAMENTO","MANHA","Quarta-feira",0,1,0,0,0,1,0,1
"Pico","VIAS URBANAS","COLISAO","MANHA","Quarta-feira",0,1,1,0,0,0,0,2
"Fora do Pico","ESTRADAS E RODOVIAS","COLISAO","MANHA","Quarta-feira",0,1,1,0,0,0,0,2
"Fora do Pico","ESTRADAS E RODOVIAS","COLISAO","MANHA","Quarta-feira",0,1,1,0,0,0,0,2
"Pico","ESTRADAS E RODOVIAS","ATROPELAMENTO","TARDE","Quarta-feira",0,1,0,0,1,1,0,2
"Fora do Pico","ESTRADAS E RODOVIAS","COLISAO","MANHA","Quarta-feira",0,1,1,0,0,0,0,2
"Pico","VIAS URBANAS","COLISAO","TARDE","Quarta-feira",0,0,1,0,0,0,0,1
"Pico","VIAS URBANAS","COLISAO","TARDE","Quarta-feira",0,0,1,1,0,0,0,2
"Pico","VIAS URBANAS","COLISAO","TARDE","Quinta-feira",0,1,1,0,0,0,0,2
"Fora do Pico","ESTRADAS E RODOVIAS","COLISAO","TARDE","Quinta-feira",1,1,1,1,0,0,0,3
"Fora do Pico","ESTRADAS E RODOVIAS","OUTROS","NOITE","Quinta-feira",0,1,0,0,0,0,0,1
"Fora do Pico","VIAS URBANAS","OUTROS","MADRUGADA","Quinta-feira",0,0,1,0,0,0,0,1
"Fora do Pico","VIAS URBANAS","COLISAO","TARDE","Quinta-feira",0,1,0,0,0,0,0,2
"Fora do Pico","VIAS URBANAS","COLISAO","NOITE","Quinta-feira",0,1,1,0,0,0,0,2
"Pico","ESTRADAS E RODOVIAS","OUTROS","MANHA","Quinta-feira",0,0,1,0,0,0,0,1
"Pico","VIAS URBANAS","COLISAO","NOITE","Quinta-feira",0,1,1,0,0,0,0,2
"Pico","VIAS URBANAS","COLISAO","TARDE","Quinta-feira",0,1,1,0,0,0,0,2
"Pico","VIAS URBANAS","COLISAO","MANHA","Quinta-feira",0,1,2,0,0,0,0,3
"Fora do Pico","ESTRADAS E RODOVIAS","OUTROS","TARDE","Quinta-feira",0,1,0,0,0,0,0,1
"Fora do Pico","VIAS URBANAS","COLISAO","TARDE","Quinta-feira",0,3,3,0,0,0,0,6
"Pico","VIAS URBANAS","COLISAO","TARDE","Quinta-feira",0,1,1,0,0,0,0,2
"Pico","VIAS URBANAS","COLISAO","TARDE","Quinta-feira",0,2,0,0,0,0,0,2
"Fora do Pico","VIAS URBANAS","COLISAO","NOITE","Quinta-feira",0,1,1,0,0,0,0,2
"Fora do Pico","VIAS URBANAS","COLISAO","NOITE","Quinta-feira",0,1,1,0,0,0,0,2
"Pico","VIAS URBANAS","COLISAO","MANHA","Quinta-feira",0,1,1,0,0,0,0,2
"Pico","VIAS URBANAS","COLISAO","MANHA","Quinta-feira",0,0,2,0,0,0,0,2
"Fora do Pico","VIAS URBANAS","COLISAO","MANHA","Quinta-feira",0,1,0,0,0,0,1,1
"Fora do Pico","ESTRADAS E RODOVIAS","COLISAO","MANHA","Quinta-feira",0,0,1,0,1,0,0,3
"Fora do Pico","ESTRADAS E RODOVIAS","COLISAO","MANHA","Quinta-feira",0,1,0,0,1,0,0,4
"Pico","VIAS URBANAS","COLISAO","TARDE","Quinta-feira",0,1,1,0,0,0,1,2
"Fora do Pico","VIAS URBANAS","COLISAO","TARDE","Quinta-feira",0,1,1,0,0,0,0,2
"Fora do Pico","ESTRADAS E RODOVIAS","ATROPELAMENTO","TARDE","Quinta-feira",0,1,0,0,1,0,0,5
"Fora do Pico","VIAS URBANAS","COLISAO","TARDE","Sexta-feira",0,1,1,0,0,0,0,2
"Pico","VIAS URBANAS","COLISAO","MANHA","Sexta-feira",0,1,1,0,0,0,0,2
"Fora do Pico","ESTRADAS E RODOVIAS","COLISAO","MADRUGADA","Sexta-feira",1,0,1,0,1,0,0,2
"Fora do Pico","VIAS URBANAS","COLISAO","MANHA","Sexta-feira",0,1,1,0,0,0,0,2
"Fora do Pico","VIAS URBANAS","COLISAO","NOITE","Sexta-feira",0,0,1,0,0,0,0,1
"Fora do Pico","VIAS URBANAS","COLISAO","TARDE","Sexta-feira",0,1,1,0,0,0,0,2
"Fora do Pico","VIAS URBANAS","COLISAO","TARDE","Sexta-feira",0,1,1,0,0,0,0,2
"Fora do Pico","VIAS URBANAS","CHOQUE","MADRUGADA","Sexta-feira",0,1,0,0,0,0,0,1
"Pico","VIAS URBANAS","COLISAO","TARDE","Sexta-feira",0,1,1,0,0,0,0,2
"Fora do Pico","VIAS URBANAS","COLISAO","TARDE","Sexta-feira",0,1,1,0,0,0,0,2
"Fora do Pico","VIAS URBANAS","COLISAO","TARDE","Sexta-feira",0,0,2,0,0,0,0,2
"Fora do Pico","VIAS URBANAS","ATROPELAMENTO","NOITE","Sexta-feira",0,0,1,0,0,1,0,1
"Pico","VIAS URBANAS","COLISAO","TARDE","Sexta-feira",0,1,2,0,0,0,0,3
"Fora do Pico","VIAS URBANAS","COLISAO","TARDE","Sexta-feira",0,2,0,0,0,0,0,2
"Pico","VIAS URBANAS","COLISAO","TARDE","Sexta-feira",0,1,1,0,0,0,0,2
"Pico","VIAS URBANAS","CHOQUE","TARDE","Sexta-feira",0,1,1,0,0,0,0,2
"Fora do Pico","VIAS URBANAS","NAO DISPONIVEL","MADRUGADA","Sexta-feira",0,0,1,0,0,0,0,1
"Pico","VIAS URBANAS","COLISAO","NOITE","Sexta-feira",0,1,1,0,0,0,0,2
"Fora do Pico","VIAS URBANAS","COLISAO","NOITE","Sexta-feira",0,1,1,0,0,0,0,2
"Fora do Pico","VIAS URBANAS","COLISAO","NOITE","Sexta-feira",0,1,1,0,0,0,0,2
"Fora do Pico","ESTRADAS E RODOVIAS","COLISAO","NOITE","Sexta-feira",0,1,1,0,0,0,0,2
"Fora do Pico","VIAS URBANAS","COLISAO","NOITE","Sexta-feira",0,0,0,0,0,0,0,1
"Fora do Pico","VIAS URBANAS","COLISAO","NOITE","Sexta-feira",0,1,1,0,0,0,0,2
"Fora do Pico","VIAS URBANAS","OUTROS","MANHA","Sexta-feira",0,0,1,0,0,0,0,1
"Pico","VIAS URBANAS","COLISAO","MANHA","Sexta-feira",0,1,1,0,0,0,0,2
"Fora do Pico","VIAS URBANAS","COLISAO","MANHA","Sexta-feira",0,1,1,0,0,0,0,2
"Fora do Pico","ESTRADAS E RODOVIAS","OUTROS","MANHA","Sexta-feira",0,1,0,0,0,0,0,1
"Pico","ESTRADAS E RODOVIAS","OUTROS","MANHA","Sexta-feira",0,1,0,0,0,0,0,1
"Fora do Pico","VIAS URBANAS","COLISAO","MADRUGADA","Sexta-feira",0,0,1,1,0,0,0,2
"Fora do Pico","VIAS URBANAS","COLISAO","TARDE","Sexta-feira",0,1,1,0,0,0,0,2
"Fora do Pico","VIAS URBANAS","COLISAO","TARDE","Sexta-feira",0,0,1,0,0,0,0,1
"Fora do Pico","VIAS URBANAS","COLISAO","MADRUGADA","Sábado",1,0,1,0,1,0,0,2
"Pico","VIAS URBANAS","COLISAO","TARDE","Sábado",0,1,1,0,0,0,0,2
"Pico","VIAS URBANAS","COLISAO","MANHA","Sábado",0,1,1,0,0,0,0,2
"Fora do Pico","VIAS URBANAS","COLISAO","NOITE","Sábado",0,0,2,0,0,0,0,2
"Fora do Pico","VIAS URBANAS","COLISAO","TARDE","Sábado",0,1,1,0,0,0,0,2
"Fora do Pico","VIAS URBANAS","COLISAO","NOITE","Sábado",0,1,0,0,0,0,0,1
"Fora do Pico","VIAS URBANAS","COLISAO","TARDE","Sábado",0,1,1,0,0,0,0,2
"Fora do Pico","ESTRADAS E RODOVIAS","COLISAO","NOITE","Sábado",0,0,1,0,0,0,0,1
"Fora do Pico","ESTRADAS E RODOVIAS","COLISAO","MANHA","Sábado",0,1,0,0,1,0,0,4
"Fora do Pico","VIAS URBANAS","COLISAO","NOITE","Sábado",0,1,1,0,0,0,0,2
"Fora do Pico","VIAS URBANAS","COLISAO","TARDE","Sábado",0,1,1,0,0,0,0,2
"Fora do Pico","ESTRADAS E RODOVIAS","OUTROS","MANHA","Sábado",0,0,1,0,0,0,0,1
"Fora do Pico","VIAS URBANAS","ATROPELAMENTO","NOITE","Sábado",0,0,1,0,0,3,0,1
"Pico","VIAS URBANAS","COLISAO","TARDE","Sábado",0,1,1,0,0,0,0,2
"Fora do Pico","VIAS URBANAS","COLISAO","TARDE","Sábado",0,1,1,0,0,0,0,2
"Fora do Pico","VIAS URBANAS","COLISAO","TARDE","Sábado",0,0,1,0,0,0,0,2
"Fora do Pico","VIAS URBANAS","COLISAO","TARDE","Sábado",0,1,1,0,0,0,0,2
"Pico","VIAS URBANAS","COLISAO","TARDE","Sábado",0,1,1,0,0,0,0,2
"Pico","VIAS URBANAS","COLISAO","NOITE","Sábado",0,1,1,0,0,0,0,2
"Pico","VIAS URBANAS","CHOQUE","NOITE","Sábado",0,0,1,0,0,0,0,1
"Fora do Pico","VIAS URBANAS","COLISAO","NOITE","Sábado",0,1,1,0,0,0,0,2
"Fora do Pico","VIAS URBANAS","COLISAO","NOITE","Sábado",0,0,1,0,0,0,0,1
"Fora do Pico","VIAS URBANAS","CHOQUE","NOITE","Sábado",0,1,1,0,0,0,0,2
"Fora do Pico","VIAS URBANAS","OUTROS","NOITE","Sábado",0,0,1,0,0,0,0,1
"Fora do Pico","VIAS URBANAS","CHOQUE","NOITE","Sábado",0,0,1,0,0,0,0,1
"Fora do Pico","VIAS URBANAS","COLISAO","MADRUGADA","Sábado",0,1,0,0,0,0,0,1
"Pico","VIAS URBANAS","COLISAO","MANHA","Sábado",0,1,0,0,0,0,0,1
"Fora do Pico","VIAS URBANAS","ATROPELAMENTO","MANHA","Sábado",0,0,0,1,0,1,1,1
"Pico","VIAS URBANAS","CHOQUE","NOITE","Domingo",1,0,1,0,0,0,0,1
"Fora do Pico","VIAS URBANAS","COLISAO","NOITE","Domingo",0,0,1,0,0,0,0,1
"Fora do Pico","VIAS URBANAS","COLISAO","MANHA","Domingo",0,1,1,0,0,0,0,2
"Fora do Pico","VIAS URBANAS","OUTROS","MANHA","Domingo",0,1,0,0,0,0,0,1
"Fora do Pico","ESTRADAS E RODOVIAS","ATROPELAMENTO","NOITE","Domingo",0,0,0,0,0,1,0,1
"Pico","ESTRADAS E RODOVIAS","CHOQUE","NOITE","Domingo",1,0,1,0,0,0,0,1
"Fora do Pico","VIAS URBANAS","COLISAO","NOITE","Domingo",0,1,1,0,0,0,0,2
"Pico","VIAS URBANAS","COLISAO","TARDE","Quarta-feira",0,1,1,0,0,0,0,2
"Pico","VIAS URBANAS","NAO DISPONIVEL","NOITE","Quarta-feira",0,1,1,0,0,0,0,2
"Fora do Pico","VIAS URBANAS","COLISAO","NOITE","Quarta-feira",0,2,0,1,0,0,0,3
"Fora do Pico","VIAS URBANAS","COLISAO","NOITE","Quarta-feira",0,1,1,0,0,0,0,2
"Fora do Pico","ESTRADAS E RODOVIAS","COLISAO","MADRUGADA","Quarta-feira",0,0,1,0,0,0,1,1
"Pico","ESTRADAS E RODOVIAS","COLISAO","MANHA","Quarta-feira",0,1,1,0,0,0,0,2
"Pico","VIAS URBANAS","OUTROS","MANHA","Quarta-feira",0,2,1,0,0,0,0,3
"Fora do Pico","VIAS URBANAS","COLISAO","MANHA","Quarta-feira",0,1,1,0,0,0,0,2
"Fora do Pico","VIAS URBANAS","COLISAO","MANHA","Quarta-feira",0,1,1,0,0,0,0,2
"Pico","VIAS URBANAS","COLISAO","MANHA","Quarta-feira",0,0,1,0,0,0,0,1
"Pico","VIAS URBANAS","COLISAO","TARDE","Quarta-feira",0,1,1,0,0,0,0,2
"Fora do Pico","VIAS URBANAS","COLISAO","TARDE","Quarta-feira",0,1,0,0,0,0,1,1
"Fora do Pico","VIAS URBANAS","COLISAO","NOITE","Quinta-feira",0,1,1,0,0,0,0,2
"Pico","VIAS URBANAS","COLISAO","MANHA","Quinta-feira",0,0,2,0,0,0,0,2
"Pico","VIAS URBANAS","COLISAO","TARDE","Quinta-feira",0,1,1,0,0,0,0,2
"Fora do Pico","VIAS URBANAS","COLISAO","TARDE","Quinta-feira",0,1,0,0,0,0,1,1
"Fora do Pico","VIAS URBANAS","COLISAO","TARDE","Quinta-feira",0,1,1,0,0,0,0,2
"Fora do Pico","VIAS URBANAS","COLISAO","TARDE","Quinta-feira",0,1,1,0,0,0,0,2
"Pico","VIAS URBANAS","COLISAO","NOITE","Quinta-feira",0,1,1,0,0,0,0,2
"Pico","VIAS URBANAS","COLISAO","NOITE","Quinta-feira",0,1,1,0,0,0,0,2
"Fora do Pico","VIAS URBANAS","COLISAO","NOITE","Quinta-feira",0,1,1,0,0,0,0,2
"Fora do Pico","VIAS URBANAS","OUTROS","MADRUGADA","Quinta-feira",0,0,1,0,0,0,0,1
"Fora do Pico","ESTRADAS E RODOVIAS","COLISAO","NOITE","Quinta-feira",0,1,1,0,0,0,0,2
"Fora do Pico","VIAS URBANAS","COLISAO","NOITE","Quinta-feira",0,2,0,0,0,0,0,2
"Fora do Pico","VIAS URBANAS","OUTROS","NOITE","Quinta-feira",0,0,1,0,0,0,0,1
"Pico","VIAS URBANAS","COLISAO","MANHA","Quinta-feira",0,1,1,0,0,0,0,2
"Pico","VIAS URBANAS","COLISAO","MANHA","Quinta-feira",0,1,1,0,0,0,0,2
"Fora do Pico","VIAS URBANAS","ATROPELAMENTO","MANHA","Quinta-feira",0,0,1,0,0,1,0,1
"Fora do Pico","VIAS URBANAS","COLISAO","MANHA","Quinta-feira",0,1,1,0,0,0,0,2
"Fora do Pico","ESTRADAS E RODOVIAS","COLISAO","MADRUGADA","Quinta-feira",0,0,1,0,1,0,0,2
"Pico","ESTRADAS E RODOVIAS","CHOQUE","TARDE","Quinta-feira",0,1,0,0,0,0,0,1
"Pico","VIAS URBANAS","ATROPELAMENTO","TARDE","Quinta-feira",0,0,1,0,0,1,0,1
"Fora do Pico","VIAS URBANAS","COLISAO","TARDE","Quinta-feira",0,2,0,0,0,0,0,2
"Fora do Pico","VIAS URBANAS","OUTROS","MADRUGADA","Quinta-feira",0,0,1,0,0,0,0,1
"Pico","ESTRADAS E RODOVIAS","COLISAO","NOITE","Sexta-feira",0,1,1,0,0,0,0,2
"Pico","ESTRADAS E RODOVIAS","CHOQUE","TARDE","Sexta-feira",1,0,1,0,0,0,0,1
"Pico","VIAS URBANAS","ATROPELAMENTO","TARDE","Sexta-feira",0,0,1,0,0,1,0,1
"Fora do Pico","VIAS URBANAS","CHOQUE","TARDE","Sexta-feira",0,1,0,0,0,0,0,1
"Pico","VIAS URBANAS","CHOQUE","NOITE","Sexta-feira",0,1,0,0,0,0,0,1
"Fora do Pico","VIAS URBANAS","COLISAO","MANHA","Sexta-feira",0,1,1,0,0,0,0,2
"Fora do Pico","VIAS URBANAS","COLISAO","NOITE","Sexta-feira",0,1,1,0,0,0,0,2
"Pico","ESTRADAS E RODOVIAS","COLISAO","MANHA","Sexta-feira",0,2,0,0,0,0,0,2
"Fora do Pico","VIAS URBANAS","CHOQUE","TARDE","Sexta-feira",0,1,0,0,0,0,0,1
"Fora do Pico","ESTRADAS E RODOVIAS","COLISAO","TARDE","Sexta-feira",0,0,1,0,0,0,1,1
"Fora do Pico","VIAS URBANAS","COLISAO","NOITE","Sexta-feira",0,1,1,0,0,0,0,2
"Fora do Pico","VIAS URBANAS","COLISAO","MANHA","Sexta-feira",0,1,1,0,0,0,0,2
"Pico","VIAS URBANAS","COLISAO","TARDE","Sexta-feira",0,0,2,0,0,0,0,2
"Fora do Pico","VIAS URBANAS","COLISAO","MANHA","Sexta-feira",0,1,1,0,0,0,0,2
"Pico","ESTRADAS E RODOVIAS","COLISAO","TARDE","Sexta-feira",0,1,1,0,0,0,0,2
"Pico","VIAS URBANAS","COLISAO","TARDE","Sexta-feira",0,0,1,1,0,0,0,2
"Pico","VIAS URBANAS","OUTROS","TARDE","Sexta-feira",0,1,1,0,0,0,0,2
"Fora do Pico","VIAS URBANAS","COLISAO","NOITE","Sexta-feira",0,0,1,0,0,0,0,1
"Fora do Pico","VIAS URBANAS","COLISAO","NOITE","Sexta-feira",0,1,0,0,0,0,0,1
"Fora do Pico","VIAS URBANAS","CHOQUE","NOITE","Sexta-feira",0,1,0,0,0,0,0,1
"Fora do Pico","VIAS URBANAS","COLISAO","MADRUGADA","Sexta-feira",0,1,1,0,0,0,0,2
"Pico","VIAS URBANAS","COLISAO","MANHA","Sexta-feira",0,1,1,0,0,0,0,2
"Fora do Pico","VIAS URBANAS","COLISAO","MANHA","Sexta-feira",0,1,1,0,0,0,0,2
"Fora do Pico","VIAS URBANAS","COLISAO","MANHA","Sexta-feira",0,0,1,0,0,0,0,1
"Fora do Pico","VIAS URBANAS","COLISAO","MANHA","Sexta-feira",0,1,1,0,0,0,0,2
"Pico","ESTRADAS E RODOVIAS","CHOQUE","MANHA","Sexta-feira",0,0,1,0,1,0,0,3
"Pico","ESTRADAS E RODOVIAS","OUTROS","TARDE","Sexta-feira",0,0,1,0,0,0,0,1
"Pico","VIAS URBANAS","CHOQUE","TARDE","Sexta-feira",0,1,1,0,0,0,0,2
"Fora do Pico","VIAS URBANAS","COLISAO","TARDE","Sexta-feira",0,0,1,0,1,0,0,2
"Fora do Pico","VIAS URBANAS","OUTROS","NOITE","Sábado",1,0,1,0,0,0,0,1
"Fora do Pico","VIAS URBANAS","CHOQUE","MANHA","Sábado",1,0,1,0,0,0,0,1
"Pico","VIAS URBANAS","COLISAO","TARDE","Sábado",0,2,1,0,0,0,0,3
"Fora do Pico","VIAS URBANAS","CHOQUE","MADRUGADA","Sábado",0,0,1,0,1,0,0,3
"Fora do Pico","ESTRADAS E RODOVIAS","COLISAO","NOITE","Sábado",1,3,0,0,0,0,0,3
"Fora do Pico","ESTRADAS E RODOVIAS","COLISAO","MADRUGADA","Sábado",1,2,1,0,0,0,0,3
"Fora do Pico","VIAS URBANAS","COLISAO","NOITE","Sábado",0,1,1,0,0,0,0,2
"Pico","ESTRADAS E RODOVIAS","COLISAO","TARDE","Sábado",0,1,0,0,0,0,0,1
"Fora do Pico","VIAS URBANAS","COLISAO","TARDE","Sábado",0,1,1,0,0,0,0,2
"Fora do Pico","ESTRADAS E RODOVIAS","ATROPELAMENTO","TARDE","Sábado",0,0,1,0,0,0,0,1
"Fora do Pico","VIAS URBANAS","ATROPELAMENTO","TARDE","Sábado",0,1,0,0,0,1,0,1
"Pico","ESTRADAS E RODOVIAS","COLISAO","TARDE","Sábado",0,1,1,0,0,0,0,2
"Pico","VIAS URBANAS","COLISAO","TARDE","Sábado",0,2,0,0,0,0,0,2
"Pico","VIAS URBANAS","COLISAO","TARDE","Sábado",0,0,1,0,0,0,0,1
"Pico","VIAS URBANAS","COLISAO","TARDE","Sábado",0,1,1,0,0,0,0,2
"Pico","ESTRADAS E RODOVIAS","COLISAO","TARDE","Sábado",0,1,1,0,0,0,0,2
"Fora do Pico","VIAS URBANAS","COLISAO","MADRUGADA","Sábado",0,2,0,0,0,0,0,2
"Fora do Pico","VIAS URBANAS","COLISAO","TARDE","Sábado",0,1,1,0,0,0,0,2
"Fora do Pico","VIAS URBANAS","COLISAO","TARDE","Sábado",0,1,1,0,0,0,0,2
"Fora do Pico","VIAS URBANAS","COLISAO","NOITE","Sábado",0,0,2,0,0,0,0,2
"Fora do Pico","VIAS URBANAS","COLISAO","TARDE","Sábado",0,1,1,0,0,0,0,2
"Fora do Pico","VIAS URBANAS","COLISAO","NOITE","Sábado",0,1,1,0,0,0,0,2
"Fora do Pico","VIAS URBANAS","COLISAO","NOITE","Sábado",0,1,1,0,0,0,0,2
"Fora do Pico","VIAS URBANAS","COLISAO","NOITE","Sábado",0,0,1,0,0,0,0,1
"Fora do Pico","VIAS URBANAS","COLISAO","NOITE","Sábado",0,0,1,0,0,0,0,1
"Fora do Pico","VIAS URBANAS","COLISAO","MADRUGADA","Sábado",0,4,0,0,0,0,0,4
"Fora do Pico","VIAS URBANAS","ATROPELAMENTO","MADRUGADA","Sábado",0,1,0,0,0,2,0,1
"Pico","VIAS URBANAS","COLISAO","MANHA","Sábado",0,1,1,0,0,0,0,2
"Pico","VIAS URBANAS","COLISAO","MANHA","Sábado",0,1,1,0,0,0,0,2
"Fora do Pico","VIAS URBANAS","COLISAO","MANHA","Sábado",0,2,0,0,0,0,0,2
"Fora do Pico","VIAS URBANAS","COLISAO","MANHA","Sábado",0,1,1,0,0,0,0,2
"Pico","VIAS URBANAS","COLISAO","MANHA","Sábado",0,2,2,0,0,0,0,4
"Fora do Pico","ESTRADAS E RODOVIAS","COLISAO","MADRUGADA","Domingo",1,1,1,0,0,0,0,2
"Fora do Pico","VIAS URBANAS","CHOQUE","NOITE","Domingo",0,1,1,0,0,0,0,2
"Fora do Pico","VIAS URBANAS","COLISAO","NOITE","Domingo",0,1,0,0,0,0,0,1
"Fora do Pico","VIAS URBANAS","COLISAO","NOITE","Domingo",0,1,1,0,0,0,0,2
"Pico","VIAS URBANAS","NAO DISPONIVEL","TARDE","Domingo",0,0,1,0,0,0,0,1
"Fora do Pico","VIAS URBANAS","COLISAO","TARDE","Domingo",0,2,0,0,0,0,0,3
"Fora do Pico","ESTRADAS E RODOVIAS","CHOQUE","TARDE","Domingo",0,1,0,0,0,0,0,1
"Pico","VIAS URBANAS","COLISAO","NOITE","Domingo",0,2,0,0,0,0,0,2
"Pico","VIAS URBANAS","CHOQUE","TARDE","Domingo",0,1,0,0,0,0,0,1
"Pico","VIAS URBANAS","COLISAO","NOITE","Domingo",0,1,1,0,0,0,0,2
"Pico","VIAS URBANAS","COLISAO","NOITE","Domingo",0,1,1,0,0,0,0,2
"Fora do Pico","VIAS URBANAS","COLISAO","NOITE","Domingo",0,0,1,0,0,0,0,1
"Fora do Pico","VIAS URBANAS","COLISAO","NOITE","Domingo",0,2,0,0,0,0,0,2
"Fora do Pico","VIAS URBANAS","COLISAO","MADRUGADA","Domingo",0,2,0,0,0,0,0,2
"Fora do Pico","VIAS URBANAS","CHOQUE","MADRUGADA","Domingo",0,1,0,0,0,0,0,1
"Fora do Pico","VIAS URBANAS","OUTROS","MADRUGADA","Domingo",0,2,0,0,0,0,0,2
"Pico","VIAS URBANAS","OUTROS","MANHA","Domingo",0,0,1,0,0,0,0,1
"Fora do Pico","ESTRADAS E RODOVIAS","COLISAO","MADRUGADA","Segunda-feira",0,2,0,0,0,0,0,2
"Fora do Pico","VIAS URBANAS","COLISAO","MANHA","Segunda-feira",0,1,0,0,0,0,1,1
"Fora do Pico","VIAS URBANAS","COLISAO","NOITE","Segunda-feira",0,0,1,0,0,0,0,1
"Fora do Pico","ESTRADAS E RODOVIAS","COLISAO","NOITE","Segunda-feira",0,1,1,0,0,0,0,2
"Pico","ESTRADAS E RODOVIAS","COLISAO","MANHA","Segunda-feira",0,1,2,0,0,0,0,3
"Fora do Pico","VIAS URBANAS","COLISAO","MANHA","Segunda-feira",0,1,1,0,0,0,0,2
"Fora do Pico","VIAS URBANAS","COLISAO","NOITE","Segunda-feira",0,0,1,0,0,0,1,1
"Pico","VIAS URBANAS","COLISAO","MANHA","Segunda-feira",0,1,1,0,0,0,0,2
"Fora do Pico","ESTRADAS E RODOVIAS","COLISAO","TARDE","Segunda-feira",0,0,2,0,0,0,0,2
"Fora do Pico","VIAS URBANAS","OUTROS","TARDE","Segunda-feira",0,0,0,0,1,0,0,2
"Fora do Pico","VIAS URBANAS","COLISAO","MANHA","Segunda-feira",0,1,1,0,0,0,0,2
"Fora do Pico","VIAS URBANAS","ATROPELAMENTO","NOITE","Segunda-feira",0,0,1,0,0,0,0,1
"Fora do Pico","VIAS URBANAS","COLISAO","TARDE","Segunda-feira",0,1,1,0,0,0,0,2
"Fora do Pico","VIAS URBANAS","OUTROS","TARDE","Segunda-feira",0,2,0,0,1,0,0,3
"Pico","VIAS URBANAS","CHOQUE","TARDE","Segunda-feira",0,0,1,0,0,0,0,1
"Pico","VIAS URBANAS","COLISAO","NOITE","Segunda-feira",0,1,1,0,0,0,0,2
"Pico","VIAS URBANAS","COLISAO","NOITE","Segunda-feira",0,1,1,0,0,0,0,2
"Pico","VIAS URBANAS","COLISAO","NOITE","Segunda-feira",0,1,1,0,0,0,0,2
"Fora do Pico","VIAS URBANAS","COLISAO","NOITE","Segunda-feira",0,1,1,0,0,0,0,2
"Fora do Pico","VIAS URBANAS","COLISAO","NOITE","Segunda-feira",0,0,1,1,0,0,0,2
"Fora do Pico","VIAS URBANAS","ATROPELAMENTO","NOITE","Segunda-feira",0,1,0,0,0,2,0,1
"Fora do Pico","ESTRADAS E RODOVIAS","COLISAO","NOITE","Segunda-feira",0,1,0,0,1,0,0,2
"Pico","VIAS URBANAS","COLISAO","MANHA","Segunda-feira",0,1,0,0,0,0,1,1
"Pico","VIAS URBANAS","COLISAO","MANHA","Segunda-feira",0,1,0,0,0,0,0,1
"Fora do Pico","VIAS URBANAS","COLISAO","MANHA","Segunda-feira",0,0,2,0,0,0,0,2
"Fora do Pico","ESTRADAS E RODOVIAS","COLISAO","MANHA","Segunda-feira",0,1,2,0,0,0,0,3
"Pico","ESTRADAS E RODOVIAS","COLISAO","TARDE","Segunda-feira",0,2,0,0,0,0,0,2
"Fora do Pico","VIAS URBANAS","COLISAO","MANHA","Segunda-feira",0,1,0,0,0,0,0,2
"Pico","VIAS URBANAS","COLISAO","TARDE","Segunda-feira",0,1,1,0,0,0,0,2
"Pico","VIAS URBANAS","CHOQUE","TARDE","Segunda-feira",0,0,1,0,0,0,0,1
"Fora do Pico","VIAS URBANAS","OUTROS","NOITE","Terça-feira",1,1,0,0,0,0,0,1
"Fora do Pico","VIAS URBANAS","COLISAO","NOITE","Terça-feira",0,0,1,0,0,0,0,1
"Pico","VIAS URBANAS","CHOQUE","MANHA","Terça-feira",1,0,0,0,0,0,0,1
"Fora do Pico","VIAS URBANAS","COLISAO","TARDE","Terça-feira",0,1,1,0,0,0,0,2
"Fora do Pico","VIAS URBANAS","COLISAO","TARDE","Terça-feira",0,0,2,0,0,0,0,2
"Pico","ESTRADAS E RODOVIAS","COLISAO","MANHA","Terça-feira",0,0,1,0,0,0,0,1
"Fora do Pico","VIAS URBANAS","COLISAO","TARDE","Terça-feira",0,1,0,0,0,0,1,1
"Pico","VIAS URBANAS","ATROPELAMENTO","TARDE","Terça-feira",0,0,1,0,0,1,0,1
"Fora do Pico","VIAS URBANAS","COLISAO","TARDE","Terça-feira",0,1,0,0,0,0,0,1
"Fora do Pico","VIAS URBANAS","COLISAO","MANHA","Terça-feira",0,1,1,0,0,0,0,2
"Pico","VIAS URBANAS","ATROPELAMENTO","NOITE","Terça-feira",0,0,1,0,0,1,0,1
"Pico","VIAS URBANAS","ATROPELAMENTO","NOITE","Terça-feira",0,1,0,0,0,1,0,1
"Fora do Pico","VIAS URBANAS","COLISAO","MANHA","Terça-feira",0,1,1,0,0,0,0,2
"Fora do Pico","ESTRADAS E RODOVIAS","COLISAO","NOITE","Terça-feira",0,1,1,0,0,0,0,2
"Pico","VIAS URBANAS","COLISAO","NOITE","Terça-feira",0,1,1,0,0,0,0,2
"Fora do Pico","VIAS URBANAS","COLISAO","NOITE","Terça-feira",0,1,1,0,0,0,0,2
"Fora do Pico","VIAS URBANAS","COLISAO","MADRUGADA","Terça-feira",0,0,1,0,0,0,1,1
"Pico","ESTRADAS E RODOVIAS","CHOQUE","MANHA","Terça-feira",0,1,0,0,0,0,0,1
"Pico","VIAS URBANAS","COLISAO","MANHA","Terça-feira",0,2,0,0,0,0,0,2
"Pico","ESTRADAS E RODOVIAS","COLISAO","MANHA","Terça-feira",0,0,1,0,0,0,0,1
"Fora do Pico","VIAS URBANAS","COLISAO","MANHA","Terça-feira",0,1,1,0,0,0,0,2
"Fora do Pico","ESTRADAS E RODOVIAS","COLISAO","TARDE","Terça-feira",0,2,0,0,3,0,0,6
"Pico","VIAS URBANAS","COLISAO","TARDE","Terça-feira",0,2,0,0,0,0,0,2
"Fora do Pico","VIAS URBANAS","ATROPELAMENTO","TARDE","Terça-feira",0,1,0,0,0,1,0,1
"Fora do Pico","VIAS URBANAS","ATROPELAMENTO","TARDE","Terça-feira",0,0,1,0,0,2,0,1
"Fora do Pico","VIAS URBANAS","COLISAO","TARDE","Terça-feira",0,0,1,0,0,0,0,1
"Pico","VIAS URBANAS","COLISAO","TARDE","Quarta-feira",0,1,1,0,0,0,0,2
"Fora do Pico","ESTRADAS E RODOVIAS","COLISAO","MANHA","Quarta-feira",0,1,1,0,0,0,0,2
"Fora do Pico","VIAS URBANAS","ATROPELAMENTO","TARDE","Quarta-feira",1,0,0,1,0,1,0,1
"Fora do Pico","VIAS URBANAS","NAO DISPONIVEL","MANHA","Quarta-feira",0,0,1,0,0,0,0,1
"Fora do Pico","VIAS URBANAS","COLISAO","TARDE","Quarta-feira",0,1,1,0,0,0,0,2
"Fora do Pico","VIAS URBANAS","COLISAO","NOITE","Quarta-feira",0,1,1,0,0,0,0,2
"Fora do Pico","VIAS URBANAS","COLISAO","NOITE","Quarta-feira",0,0,2,0,0,0,0,2
"Fora do Pico","ESTRADAS E RODOVIAS","OUTROS","NOITE","Quarta-feira",0,0,1,0,0,0,0,1
"Pico","ESTRADAS E RODOVIAS","COLISAO","MANHA","Quarta-feira",0,0,1,0,1,0,0,2
"Fora do Pico","ESTRADAS E RODOVIAS","COLISAO","TARDE","Quarta-feira",0,0,1,0,0,0,0,1
"Pico","VIAS URBANAS","COLISAO","MANHA","Quarta-feira",0,1,1,0,0,0,0,2
"Pico","VIAS URBANAS","ATROPELAMENTO","MANHA","Quarta-feira",0,0,1,0,0,1,0,1
"Fora do Pico","VIAS URBANAS","OUTROS","NOITE","Quarta-feira",0,0,1,0,0,0,0,1
"Fora do Pico","VIAS URBANAS","OUTROS","NOITE","Quarta-feira",0,0,0,0,0,0,0,0
"Pico","VIAS URBANAS","COLISAO","MANHA","Quarta-feira",0,0,1,0,1,0,0,2
"Pico","VIAS URBANAS","COLISAO","MANHA","Quarta-feira",0,1,1,0,0,0,0,2
"Fora do Pico","ESTRADAS E RODOVIAS","OUTROS","MANHA","Quarta-feira",0,1,0,0,0,0,0,1
"Fora do Pico","ESTRADAS E RODOVIAS","CHOQUE","MADRUGADA","Quarta-feira",0,1,0,0,0,0,0,1
"Fora do Pico","VIAS URBANAS","COLISAO","MANHA","Quarta-feira",0,2,0,0,0,0,0,2
"Fora do Pico","VIAS URBANAS","COLISAO","TARDE","Quarta-feira",0,3,0,0,0,0,0,3
"Pico","VIAS URBANAS","COLISAO","TARDE","Quinta-feira",0,0,1,0,1,0,0,2
"Fora do Pico","ESTRADAS E RODOVIAS","CHOQUE","TARDE","Quinta-feira",0,0,0,0,1,0,0,2
"Fora do Pico","VIAS URBANAS","COLISAO","NOITE","Quinta-feira",0,2,0,0,0,0,0,2
"Pico","VIAS URBANAS","COLISAO","TARDE","Quinta-feira",0,1,1,0,0,0,0,2
"Pico","VIAS URBANAS","COLISAO","MANHA","Quinta-feira",0,1,1,0,0,0,0,2
"Fora do Pico","VIAS URBANAS","COLISAO","NOITE","Quinta-feira",0,1,0,0,0,0,0,1
"Fora do Pico","VIAS URBANAS","COLISAO","NOITE","Quinta-feira",0,2,1,0,0,0,0,3
"Fora do Pico","ESTRADAS E RODOVIAS","OUTROS","TARDE","Quinta-feira",0,1,0,0,0,0,0,1
"Fora do Pico","VIAS URBANAS","COLISAO","MADRUGADA","Quinta-feira",0,1,0,0,1,0,0,2
"Fora do Pico","VIAS URBANAS","COLISAO","MANHA","Quinta-feira",0,1,1,0,0,0,0,2
"Pico","VIAS URBANAS","COLISAO","NOITE","Quinta-feira",0,0,2,0,0,0,0,2
"Pico","VIAS URBANAS","COLISAO","TARDE","Quinta-feira",0,1,1,0,0,0,0,2
"Pico","VIAS URBANAS","OUTROS","TARDE","Quinta-feira",0,0,1,0,0,0,0,1
"Pico","ESTRADAS E RODOVIAS","COLISAO","NOITE","Quinta-feira",0,1,1,0,0,0,0,2
"Pico","VIAS URBANAS","COLISAO","NOITE","Quinta-feira",0,0,1,0,0,0,0,1
"Fora do Pico","ESTRADAS E RODOVIAS","COLISAO","NOITE","Quinta-feira",0,0,1,0,1,0,0,3
"Fora do Pico","VIAS URBANAS","ATROPELAMENTO","NOITE","Quinta-feira",0,0,1,0,0,1,0,1
"Fora do Pico","VIAS URBANAS","COLISAO","MADRUGADA","Quinta-feira",0,0,1,0,0,0,0,1
"Pico","ESTRADAS E RODOVIAS","COLISAO","MANHA","Quinta-feira",0,0,2,0,0,0,0,2
"Pico","VIAS URBANAS","CHOQUE","MANHA","Quinta-feira",0,1,1,0,0,0,0,2
"Fora do Pico","VIAS URBANAS","OUTROS","MANHA","Quinta-feira",0,0,0,0,0,0,0,0
"Fora do Pico","VIAS URBANAS","COLISAO","MANHA","Quinta-feira",0,0,1,0,0,0,0,1
"Fora do Pico","ESTRADAS E RODOVIAS","OUTROS","MADRUGADA","Quinta-feira",0,1,0,0,0,0,0,1
"Pico","VIAS URBANAS","OUTROS","MANHA","Quinta-feira",0,0,1,0,0,0,0,1
"Pico","ESTRADAS E RODOVIAS","COLISAO","MANHA","Quinta-feira",0,2,0,0,0,0,0,2
"Pico","VIAS URBANAS","COLISAO","TARDE","Quinta-feira",0,1,1,0,0,0,0,2
"Fora do Pico","VIAS URBANAS","COLISAO","TARDE","Quinta-feira",0,0,1,0,0,0,0,1
"Fora do Pico","VIAS URBANAS","OUTROS","TARDE","Quinta-feira",0,0,0,1,0,0,0,1
"Fora do Pico","VIAS URBANAS","OUTROS","TARDE","Sexta-feira",0,1,1,0,0,0,0,2
"Fora do Pico","VIAS URBANAS","OUTROS","TARDE","Sexta-feira",0,0,1,0,0,0,0,1
"Fora do Pico","VIAS URBANAS","CHOQUE","MADRUGADA","Sexta-feira",1,0,0,0,2,1,0,2
"Pico","VIAS URBANAS","COLISAO","MANHA","Sexta-feira",0,1,1,0,0,0,0,3
"Fora do Pico","ESTRADAS E RODOVIAS","OUTROS","TARDE","Sexta-feira",0,0,1,0,0,0,0,1
"Fora do Pico","ESTRADAS E RODOVIAS","COLISAO","MANHA","Sexta-feira",1,1,0,1,0,0,0,2
"Fora do Pico","VIAS URBANAS","COLISAO","TARDE","Sexta-feira",0,1,1,0,0,0,0,2
"Fora do Pico","VIAS URBANAS","COLISAO","MANHA","Sexta-feira",0,1,1,0,0,0,0,2
"Pico","VIAS URBANAS","OUTROS","MANHA","Sexta-feira",0,0,1,0,0,0,0,1
"Fora do Pico","VIAS URBANAS","COLISAO","TARDE","Sexta-feira",0,1,1,0,0,0,0,2
"Fora do Pico","VIAS URBANAS","ATROPELAMENTO","MADRUGADA","Sexta-feira",0,1,0,0,0,2,0,1
"Pico","ESTRADAS E RODOVIAS","OUTROS","NOITE","Sexta-feira",0,0,1,0,0,0,0,1
"Pico","VIAS URBANAS","COLISAO","TARDE","Sexta-feira",0,1,1,0,0,0,0,2
"Fora do Pico","ESTRADAS E RODOVIAS","OUTROS","TARDE","Sexta-feira",0,0,1,0,0,0,0,1
"Fora do Pico","VIAS URBANAS","NAO DISPONIVEL","NOITE","Sexta-feira",0,1,0,0,0,0,0,1
"Fora do Pico","VIAS URBANAS","COLISAO","TARDE","Sexta-feira",0,2,0,0,0,0,0,2
"Pico","VIAS URBANAS","COLISAO","TARDE","Sexta-feira",0,2,0,0,0,0,0,2
"Pico","ESTRADAS E RODOVIAS","COLISAO","NOITE","Sexta-feira",0,1,1,0,0,0,0,2
"Fora do Pico","VIAS URBANAS","COLISAO","NOITE","Sexta-feira",0,1,1,0,0,0,0,2
"Fora do Pico","VIAS URBANAS","COLISAO","NOITE","Sexta-feira",0,1,1,0,0,0,0,2
"Fora do Pico","VIAS URBANAS","OUTROS","NOITE","Sexta-feira",0,0,1,0,0,0,0,1
"Fora do Pico","VIAS URBANAS","OUTROS","MADRUGADA","Sexta-feira",0,1,1,0,0,0,0,2
"Pico","VIAS URBANAS","COLISAO","MANHA","Sexta-feira",0,0,2,0,0,0,0,2
"Pico","ESTRADAS E RODOVIAS","COLISAO","MANHA","Sexta-feira",0,1,1,0,0,0,0,2
"Fora do Pico","VIAS URBANAS","COLISAO","MANHA","Sexta-feira",0,1,1,0,0,0,0,2
"Fora do Pico","VIAS URBANAS","COLISAO","MANHA","Sexta-feira",0,1,1,0,0,0,0,2
"Fora do Pico","ESTRADAS E RODOVIAS","COLISAO","MANHA","Sexta-feira",0,1,0,0,1,0,0,3
"Fora do Pico","ESTRADAS E RODOVIAS","COLISAO","TARDE","Sexta-feira",0,1,0,0,1,0,0,2
"Fora do Pico","VIAS URBANAS","COLISAO","MANHA","Sábado",0,1,1,0,0,0,0,2
"Fora do Pico","VIAS URBANAS","CHOQUE","MADRUGADA","Sábado",0,0,1,0,0,0,0,1
"Fora do Pico","VIAS URBANAS","COLISAO","TARDE","Sábado",0,0,1,0,0,0,0,1
"Fora do Pico","ESTRADAS E RODOVIAS","OUTROS","TARDE","Sábado",0,0,1,0,0,0,0,1
"Fora do Pico","VIAS URBANAS","COLISAO","NOITE","Sábado",0,1,1,0,0,0,0,2
"Fora do Pico","VIAS URBANAS","COLISAO","TARDE","Sábado",0,1,1,0,0,0,0,2
"Fora do Pico","ESTRADAS E RODOVIAS","COLISAO","MANHA","Sábado",0,1,0,1,0,0,0,2
"Fora do Pico","VIAS URBANAS","COLISAO","MANHA","Sábado",0,1,3,1,0,0,0,5
"Fora do Pico","VIAS URBANAS","COLISAO","MADRUGADA","Sábado",0,1,1,0,0,0,0,2
"Pico","VIAS URBANAS","COLISAO","MANHA","Sábado",0,2,0,0,0,0,0,2
"Fora do Pico","VIAS URBANAS","COLISAO","MADRUGADA","Sábado",0,1,1,0,0,0,0,2
"Fora do Pico","ESTRADAS E RODOVIAS","CHOQUE","MADRUGADA","Sábado",0,0,1,0,0,0,0,1
"Fora do Pico","ESTRADAS E RODOVIAS","CHOQUE","TARDE","Sábado",0,1,0,0,0,0,0,1
"Fora do Pico","VIAS URBANAS","OUTROS","TARDE","Sábado",0,0,1,0,0,0,0,1
"Fora do Pico","VIAS URBANAS","COLISAO","TARDE","Sábado",0,2,1,0,0,0,0,3
"Pico","VIAS URBANAS","OUTROS","TARDE","Sábado",0,0,1,0,0,0,0,1
"Pico","VIAS URBANAS","COLISAO","NOITE","Sábado",0,1,1,0,0,0,0,2
"Fora do Pico","VIAS URBANAS","COLISAO","NOITE","Sábado",0,2,1,0,0,0,0,3
"Fora do Pico","VIAS URBANAS","COLISAO","MADRUGADA","Sábado",0,0,2,0,0,0,0,2
"Fora do Pico","VIAS URBANAS","ATROPELAMENTO","NOITE","Sábado",0,0,1,0,0,1,1,1
"Fora do Pico","VIAS URBANAS","OUTROS","NOITE","Sábado",0,0,1,0,0,0,0,1
"Fora do Pico","VIAS URBANAS","ATROPELAMENTO","NOITE","Sábado",0,0,1,0,0,1,0,1
"Fora do Pico","VIAS URBANAS","COLISAO","NOITE","Sábado",0,1,0,0,0,0,0,1
"Fora do Pico","VIAS URBANAS","CHOQUE","MADRUGADA","Sábado",0,1,0,0,0,0,0,1
"Fora do Pico","ESTRADAS E RODOVIAS","COLISAO","MANHA","Sábado",0,1,1,0,0,0,0,2
"Pico","VIAS URBANAS","COLISAO","MANHA","Sábado",0,1,1,0,0,0,0,2
"Pico","VIAS URBANAS","COLISAO","MANHA","Sábado",0,0,2,0,0,0,0,2
"Fora do Pico","VIAS URBANAS","COLISAO","MANHA","Sábado",0,0,1,0,1,0,0,3
"Fora do Pico","VIAS URBANAS","COLISAO","MANHA","Sábado",0,1,1,0,0,0,0,2
"Pico","VIAS URBANAS","COLISAO","MANHA","Domingo",0,1,0,0,0,0,0,1
"Pico","VIAS URBANAS","COLISAO","TARDE","Domingo",0,2,0,0,0,0,0,2
"Fora do Pico","VIAS URBANAS","COLISAO","MADRUGADA","Domingo",0,1,1,0,0,0,0,2
"Fora do Pico","VIAS URBANAS","ATROPELAMENTO","TARDE","Domingo",0,0,1,0,0,3,0,1
"Pico","VIAS URBANAS","COLISAO","MANHA","Domingo",0,1,0,0,0,0,0,1
"Pico","ESTRADAS E RODOVIAS","CHOQUE","NOITE","Domingo",1,1,0,0,0,0,0,1
"Pico","ESTRADAS E RODOVIAS","OUTROS","NOITE","Domingo",0,0,0,0,1,0,0,1
"Fora do Pico","VIAS URBANAS","COLISAO","NOITE","Domingo",0,1,1,0,0,0,0,2
"Fora do Pico","VIAS URBANAS","COLISAO","MANHA","Quarta-feira",0,0,1,0,0,0,0,1
"Fora do Pico","ESTRADAS E RODOVIAS","OUTROS","MADRUGADA","Quarta-feira",0,0,1,0,0,0,0,1
"Pico","VIAS URBANAS","COLISAO","NOITE","Quarta-feira",0,1,1,0,0,0,0,2
"Fora do Pico","VIAS URBANAS","NAO DISPONIVEL","NOITE","Quarta-feira",0,1,1,0,0,0,0,2
"Fora do Pico","VIAS URBANAS","COLISAO","NOITE","Quarta-feira",0,1,0,0,0,0,0,1
"Fora do Pico","VIAS URBANAS","COLISAO","NOITE","Quarta-feira",0,0,1,0,0,0,0,1
"Fora do Pico","VIAS URBANAS","ATROPELAMENTO","MADRUGADA","Quarta-feira",0,0,1,0,0,1,0,1
"Pico","VIAS URBANAS","OUTROS","MANHA","Quarta-feira",0,0,1,0,0,0,0,1
"Pico","VIAS URBANAS","OUTROS","MANHA","Quarta-feira",0,0,1,0,1,0,0,5
"Fora do Pico","VIAS URBANAS","COLISAO","MANHA","Quarta-feira",0,1,1,0,0,0,0,2
"Fora do Pico","VIAS URBANAS","OUTROS","MANHA","Quarta-feira",0,0,1,0,0,0,0,1
"Fora do Pico","VIAS URBANAS","OUTROS","MANHA","Quarta-feira",0,1,0,0,0,0,0,1
"Pico","VIAS URBANAS","COLISAO","MANHA","Quarta-feira",0,0,2,0,0,0,0,2
"Pico","VIAS URBANAS","COLISAO","TARDE","Quarta-feira",0,0,1,0,0,0,0,1
"Fora do Pico","VIAS URBANAS","NAO DISPONIVEL","TARDE","Quarta-feira",0,1,0,0,0,0,0,1
"Fora do Pico","VIAS URBANAS","COLISAO","NOITE","Quinta-feira",0,0,1,0,0,0,0,1
"Fora do Pico","VIAS URBANAS","COLISAO","MANHA","Quinta-feira",1,1,1,0,0,0,0,2
"Fora do Pico","VIAS URBANAS","COLISAO","TARDE","Quinta-feira",0,1,1,0,0,0,0,2
"Pico","VIAS URBANAS","COLISAO","NOITE","Quinta-feira",0,0,2,0,0,0,0,2
"Pico","VIAS URBANAS","COLISAO","TARDE","Quinta-feira",0,1,0,0,0,0,0,1
"Pico","VIAS URBANAS","COLISAO","NOITE","Quinta-feira",0,1,0,0,0,0,0,1
"Fora do Pico","VIAS URBANAS","OUTROS","TARDE","Quinta-feira",0,1,1,0,0,0,0,2
"Pico","VIAS URBANAS","COLISAO","TARDE","Quinta-feira",0,1,1,0,0,0,0,2
"Fora do Pico","VIAS URBANAS","COLISAO","MANHA","Quinta-feira",0,0,1,0,0,0,0,1
"Pico","VIAS URBANAS","OUTROS","TARDE","Quinta-feira",0,1,0,1,1,0,0,4
"Pico","VIAS URBANAS","COLISAO","NOITE","Quinta-feira",0,0,1,0,0,0,0,1
"Pico","VIAS URBANAS","OUTROS","TARDE","Quinta-feira",0,0,1,0,0,0,0,1
"Pico","VIAS URBANAS","COLISAO","MANHA","Quinta-feira",0,1,1,0,0,0,0,2
"Fora do Pico","VIAS URBANAS","COLISAO","NOITE","Quinta-feira",0,0,1,0,0,0,0,1
"Fora do Pico","VIAS URBANAS","COLISAO","MADRUGADA","Quinta-feira",0,1,0,1,0,0,0,2
"Fora do Pico","VIAS URBANAS","COLISAO","NOITE","Quinta-feira",0,1,0,0,0,0,1,1
"Fora do Pico","ESTRADAS E RODOVIAS","OUTROS","NOITE","Quinta-feira",0,0,0,0,1,0,0,1
"Pico","VIAS URBANAS","OUTROS","MANHA","Quinta-feira",0,0,1,0,0,0,0,1
"Pico","VIAS URBANAS","ATROPELAMENTO","MANHA","Quinta-feira",0,0,1,0,0,1,0,1
"Fora do Pico","VIAS URBANAS","COLISAO","MANHA","Quinta-feira",0,2,0,0,0,0,0,2
"Fora do Pico","VIAS URBANAS","COLISAO","MANHA","Quinta-feira",0,2,0,0,0,0,0,2
"Fora do Pico","VIAS URBANAS","COLISAO","MANHA","Quinta-feira",0,1,1,0,0,0,0,2
"Pico","ESTRADAS E RODOVIAS","COLISAO","TARDE","Quinta-feira",0,0,1,0,0,0,0,1
"Pico","VIAS URBANAS","CHOQUE","TARDE","Quinta-feira",0,1,1,0,0,0,0,2
"Fora do Pico","VIAS URBANAS","COLISAO","TARDE","Quinta-feira",0,0,1,0,0,0,0,1
"Fora do Pico","VIAS URBANAS","COLISAO","TARDE","Quinta-feira",0,1,1,0,0,0,0,2
"Fora do Pico","VIAS URBANAS","COLISAO","TARDE","Quinta-feira",0,1,1,0,0,0,0,2
"Pico","VIAS URBANAS","COLISAO","NOITE","Sexta-feira",0,1,1,0,0,0,0,2
"Fora do Pico","ESTRADAS E RODOVIAS","OUTROS","MANHA","Sexta-feira",1,0,1,0,0,0,0,1
"Fora do Pico","ESTRADAS E RODOVIAS","COLISAO","MANHA","Sexta-feira",1,0,0,0,0,0,1,0
"Pico","VIAS URBANAS","COLISAO","NOITE","Sexta-feira",0,1,1,0,0,0,0,2
"Pico","VIAS URBANAS","COLISAO","TARDE","Sexta-feira",0,1,1,0,0,0,0,2
"Fora do Pico","ESTRADAS E RODOVIAS","CHOQUE","MADRUGADA","Sexta-feira",0,1,0,0,0,0,0,1
"Pico","VIAS URBANAS","COLISAO","NOITE","Sexta-feira",0,1,1,0,0,0,0,2
"Fora do Pico","VIAS URBANAS","OUTROS","TARDE","Sexta-feira",0,0,1,0,0,0,0,1
"Pico","ESTRADAS E RODOVIAS","COLISAO","MANHA","Sexta-feira",0,0,1,0,1,0,0,3
"Pico","VIAS URBANAS","COLISAO","TARDE","Sexta-feira",0,1,1,0,0,0,0,2
"Pico","VIAS URBANAS","COLISAO","NOITE","Sexta-feira",0,1,1,0,0,0,0,2
"Fora do Pico","VIAS URBANAS","COLISAO","NOITE","Sexta-feira",0,1,0,0,0,0,0,1
"Pico","VIAS URBANAS","NAO DISPONIVEL","NOITE","Sexta-feira",0,0,0,0,1,0,0,1
"Fora do Pico","VIAS URBANAS","COLISAO","NOITE","Sexta-feira",0,1,1,0,0,0,0,2
"Fora do Pico","VIAS URBANAS","OUTROS","MADRUGADA","Sexta-feira",0,1,0,0,0,0,0,1
"Pico","VIAS URBANAS","COLISAO","MANHA","Sexta-feira",0,1,1,0,0,0,0,2
"Fora do Pico","VIAS URBANAS","COLISAO","MADRUGADA","Sexta-feira",0,1,1,0,0,0,0,2
"Fora do Pico","VIAS URBANAS","COLISAO","MANHA","Sexta-feira",0,1,1,0,0,0,0,2
"Fora do Pico","VIAS URBANAS","COLISAO","MANHA","Sexta-feira",0,1,1,0,0,0,0,2
"Pico","VIAS URBANAS","COLISAO","TARDE","Sexta-feira",0,1,1,0,0,0,0,2
"Pico","VIAS URBANAS","COLISAO","TARDE","Sexta-feira",0,1,1,0,0,0,0,2
"Pico","ESTRADAS E RODOVIAS","COLISAO","MANHA","Sexta-feira",0,1,1,0,0,0,1,2
"Pico","ESTRADAS E RODOVIAS","CHOQUE","NOITE","Sábado",1,0,1,0,0,0,0,1
"Pico","VIAS URBANAS","CHOQUE","MANHA","Sábado",1,0,1,0,0,0,0,1
"Pico","ESTRADAS E RODOVIAS","CHOQUE","MANHA","Sábado",0,1,0,0,0,0,0,1
"Pico","ESTRADAS E RODOVIAS","CHOQUE","TARDE","Sábado",1,0,1,0,0,0,0,1
"Pico","VIAS URBANAS","COLISAO","TARDE","Sábado",0,1,1,0,0,0,0,2
"Pico","VIAS URBANAS","ATROPELAMENTO","TARDE","Sábado",1,0,1,0,0,1,0,1
"Fora do Pico","VIAS URBANAS","CHOQUE","MANHA","Sábado",1,1,0,0,0,0,0,1
"Fora do Pico","VIAS URBANAS","COLISAO","NOITE","Sábado",0,0,1,0,0,0,0,1
"Fora do Pico","VIAS URBANAS","COLISAO","TARDE","Sábado",0,1,1,0,0,0,0,2
"Fora do Pico","VIAS URBANAS","COLISAO","NOITE","Sábado",0,1,1,0,0,0,0,2
"Fora do Pico","VIAS URBANAS","COLISAO","TARDE","Sábado",0,2,0,0,0,0,0,2
"Pico","ESTRADAS E RODOVIAS","CHOQUE","TARDE","Sábado",0,0,1,0,0,0,0,1
"Fora do Pico","VIAS URBANAS","COLISAO","MADRUGADA","Sábado",0,0,1,0,1,0,0,2
"Pico","VIAS URBANAS","COLISAO","TARDE","Sábado",0,1,1,0,0,0,0,2
"Fora do Pico","VIAS URBANAS","COLISAO","NOITE","Sábado",0,2,0,0,0,0,0,2
"Fora do Pico","ESTRADAS E RODOVIAS","COLISAO","MADRUGADA","Sábado",0,1,0,0,1,0,0,3
"Fora do Pico","ESTRADAS E RODOVIAS","OUTROS","NOITE","Sábado",0,0,1,0,0,0,0,1
"Fora do Pico","ESTRADAS E RODOVIAS","COLISAO","TARDE","Sábado",0,1,1,0,0,0,0,2
"Fora do Pico","VIAS URBANAS","COLISAO","TARDE","Sábado",0,1,1,0,0,0,0,2
"Fora do Pico","VIAS URBANAS","COLISAO","TARDE","Sábado",0,2,0,0,0,0,0,2
"Pico","VIAS URBANAS","COLISAO","NOITE","Sábado",0,1,1,0,0,0,0,2
"Pico","VIAS URBANAS","COLISAO","NOITE","Sábado",0,2,0,0,0,0,0,2
"Fora do Pico","VIAS URBANAS","OUTROS","NOITE","Sábado",0,0,1,0,0,0,0,1
"Fora do Pico","VIAS URBANAS","OUTROS","NOITE","Sábado",0,1,0,0,0,0,0,1
"Fora do Pico","ESTRADAS E RODOVIAS","COLISAO","NOITE","Sábado",0,2,0,0,0,0,0,2
"Fora do Pico","VIAS URBANAS","CHOQUE","MADRUGADA","Sábado",0,1,1,0,0,0,0,2
"Fora do Pico","VIAS URBANAS","COLISAO","MADRUGADA","Sábado",0,1,1,0,0,0,0,2
"Fora do Pico","VIAS URBANAS","CHOQUE","MADRUGADA","Sábado",0,0,1,0,0,0,0,2
"Pico","ESTRADAS E RODOVIAS","OUTROS","NOITE","Sábado",0,0,1,0,0,0,0,1
"Pico","VIAS URBANAS","COLISAO","MANHA","Sábado",0,1,1,0,0,0,0,2
"Fora do Pico","VIAS URBANAS","COLISAO","MANHA","Sábado",0,0,2,0,0,0,0,2
"Fora do Pico","VIAS URBANAS","COLISAO","MANHA","Sábado",0,2,1,0,0,0,0,3
"Fora do Pico","ESTRADAS E RODOVIAS","COLISAO","NOITE","Domingo",1,0,0,0,0,0,1,0
"Pico","ESTRADAS E RODOVIAS","OUTROS","NOITE","Domingo",1,2,1,0,0,0,0,3
"Fora do Pico","VIAS URBANAS","COLISAO","NOITE","Domingo",0,0,2,0,0,0,0,2
"Fora do Pico","VIAS URBANAS","COLISAO","TARDE","Domingo",0,1,1,0,0,0,0,2
"Fora do Pico","ESTRADAS E RODOVIAS","ATROPELAMENTO","TARDE","Domingo",1,1,0,0,0,1,0,1
"Fora do Pico","ESTRADAS E RODOVIAS","CHOQUE","NOITE","Domingo",0,1,0,0,0,0,0,1
"Pico","VIAS URBANAS","ATROPELAMENTO","NOITE","Domingo",0,1,0,0,0,2,0,1
"Fora do Pico","VIAS URBANAS","COLISAO","MANHA","Domingo",0,0,1,0,0,0,0,2
"Fora do Pico","ESTRADAS E RODOVIAS","OUTROS","MANHA","Domingo",0,1,0,0,0,0,0,1
"Fora do Pico","VIAS URBANAS","COLISAO","TARDE","Domingo",0,1,1,0,0,0,0,2
"Fora do Pico","VIAS URBANAS","COLISAO","TARDE","Domingo",0,1,1,0,0,0,0,2
"Fora do Pico","VIAS URBANAS","COLISAO","TARDE","Domingo",0,1,1,0,0,0,0,2
"Pico","VIAS URBANAS","COLISAO","TARDE","Domingo",0,2,0,0,0,0,0,2
"Fora do Pico","VIAS URBANAS","COLISAO","NOITE","Domingo",0,0,1,0,0,0,1,1
"Fora do Pico","VIAS URBANAS","NAO DISPONIVEL","NOITE","Domingo",0,0,1,0,0,0,0,1
"Fora do Pico","VIAS URBANAS","CHOQUE","NOITE","Domingo",0,1,0,0,0,0,0,1
"Fora do Pico","ESTRADAS E RODOVIAS","CHOQUE","MADRUGADA","Domingo",0,2,0,0,0,0,0,2
"Pico","ESTRADAS E RODOVIAS","COLISAO","TARDE","Domingo",0,1,0,0,0,0,0,2
"Fora do Pico","ESTRADAS E RODOVIAS","OUTROS","MADRUGADA","Domingo",0,1,0,0,0,0,0,1
"Fora do Pico","VIAS URBANAS","COLISAO","MADRUGADA","Domingo",0,2,0,0,0,0,0,2
"Pico","ESTRADAS E RODOVIAS","COLISAO","MANHA","Domingo",0,0,2,0,0,0,0,2
"Fora do Pico","ESTRADAS E RODOVIAS","OUTROS","MADRUGADA","Segunda-feira",1,0,0,0,0,0,0,1
"Fora do Pico","VIAS URBANAS","CHOQUE","TARDE","Segunda-feira",0,0,1,0,0,0,0,1
"Fora do Pico","VIAS URBANAS","COLISAO","TARDE","Segunda-feira",0,1,1,0,0,0,0,2
"Pico","VIAS URBANAS","COLISAO","NOITE","Segunda-feira",0,2,0,0,0,0,0,2
"Fora do Pico","VIAS URBANAS","OUTROS","NOITE","Segunda-feira",0,1,0,0,2,0,0,3
"Pico","VIAS URBANAS","ATROPELAMENTO","TARDE","Segunda-feira",1,1,0,0,0,1,0,1
"Fora do Pico","VIAS URBANAS","COLISAO","MANHA","Segunda-feira",0,1,1,0,0,0,0,2
"Fora do Pico","ESTRADAS E RODOVIAS","OUTROS","MADRUGADA","Segunda-feira",0,0,0,0,1,0,0,2
"Pico","VIAS URBANAS","COLISAO","TARDE","Segunda-feira",0,1,1,0,0,0,0,2
"Fora do Pico","VIAS URBANAS","COLISAO","TARDE","Segunda-feira",0,1,1,0,0,0,0,2
"Pico","VIAS URBANAS","COLISAO","MANHA","Segunda-feira",0,2,1,0,0,0,0,3
"Pico","VIAS URBANAS","COLISAO","MANHA","Segunda-feira",0,1,0,0,0,0,0,1
"Pico","VIAS URBANAS","CHOQUE","TARDE","Segunda-feira",0,0,1,0,0,0,0,1
"Pico","VIAS URBANAS","COLISAO","NOITE","Segunda-feira",0,2,1,0,0,0,0,3
"Pico","VIAS URBANAS","COLISAO","NOITE","Segunda-feira",0,1,2,0,0,0,0,3
"Fora do Pico","VIAS URBANAS","ATROPELAMENTO","NOITE","Segunda-feira",0,0,1,0,0,1,0,1
"Fora do Pico","VIAS URBANAS","COLISAO","NOITE","Segunda-feira",0,0,1,0,0,0,0,1
"Fora do Pico","ESTRADAS E RODOVIAS","COLISAO","NOITE","Segunda-feira",0,0,2,0,0,0,0,2
"Fora do Pico","VIAS URBANAS","COLISAO","NOITE","Segunda-feira",0,1,1,0,0,0,0,2
"Fora do Pico","VIAS URBANAS","COLISAO","MADRUGADA","Segunda-feira",0,1,1,0,0,0,0,2
"Pico","VIAS URBANAS","COLISAO","MANHA","Segunda-feira",0,1,1,0,0,0,0,2
"Pico","VIAS URBANAS","COLISAO","MANHA","Segunda-feira",0,1,1,0,0,0,0,2
"Pico","ESTRADAS E RODOVIAS","COLISAO","MANHA","Segunda-feira",0,1,1,0,0,0,0,2
"Fora do Pico","ESTRADAS E RODOVIAS","COLISAO","MANHA","Segunda-feira",0,1,1,0,0,0,0,2
"Fora do Pico","VIAS URBANAS","COLISAO","MANHA","Segunda-feira",0,1,1,0,0,0,0,2
"Fora do Pico","VIAS URBANAS","COLISAO","MANHA","Segunda-feira",0,1,1,0,0,0,0,2
"Pico","VIAS URBANAS","COLISAO","TARDE","Segunda-feira",0,1,1,0,0,0,0,2
"Pico","VIAS URBANAS","COLISAO","TARDE","Segunda-feira",0,1,1,0,0,0,0,2
"Fora do Pico","VIAS URBANAS","COLISAO","TARDE","Segunda-feira",0,0,1,0,1,0,0,2
"Pico","VIAS URBANAS","COLISAO","MANHA","Terça-feira",1,0,1,0,1,0,0,2
"Fora do Pico","VIAS URBANAS","COLISAO","NOITE","Terça-feira",0,0,2,0,0,0,0,2
"Fora do Pico","VIAS URBANAS","ATROPELAMENTO","TARDE","Terça-feira",1,2,0,0,0,1,0,2
"Fora do Pico","VIAS URBANAS","CHOQUE","TARDE","Terça-feira",1,0,1,0,0,0,0,1
"Fora do Pico","VIAS URBANAS","ATROPELAMENTO","NOITE","Terça-feira",0,0,1,0,0,1,0,1
"Fora do Pico","VIAS URBANAS","COLISAO","TARDE","Terça-feira",0,0,2,0,0,0,0,2
"Pico","ESTRADAS E RODOVIAS","COLISAO","TARDE","Terça-feira",0,1,1,0,0,0,0,2
"Pico","VIAS URBANAS","COLISAO","TARDE","Terça-feira",0,1,1,0,0,0,0,2
"Pico","VIAS URBANAS","COLISAO","TARDE","Terça-feira",0,1,1,0,0,0,0,2
"Fora do Pico","VIAS URBANAS","COLISAO","MANHA","Terça-feira",0,1,1,0,0,0,0,2
"Pico","VIAS URBANAS","COLISAO","NOITE","Terça-feira",0,1,1,0,0,0,0,2
"Pico","VIAS URBANAS","COLISAO","NOITE","Terça-feira",0,1,0,0,1,0,0,3
"Fora do Pico","ESTRADAS E RODOVIAS","ATROPELAMENTO","NOITE","Terça-feira",0,1,0,0,0,1,1,1
"Fora do Pico","VIAS URBANAS","OUTROS","NOITE","Terça-feira",0,0,1,0,0,0,0,1
"Fora do Pico","VIAS URBANAS","OUTROS","NOITE","Terça-feira",0,0,1,0,0,0,0,1
"Pico","VIAS URBANAS","COLISAO","MANHA","Terça-feira",0,1,0,1,0,0,0,2
"Pico","VIAS URBANAS","COLISAO","MANHA","Terça-feira",0,1,1,0,0,0,0,2
"Pico","VIAS URBANAS","COLISAO","MANHA","Terça-feira",0,1,1,0,0,0,0,2
"Fora do Pico","VIAS URBANAS","COLISAO","MANHA","Terça-feira",0,1,0,0,0,0,0,1
"Fora do Pico","VIAS URBANAS","COLISAO","MANHA","Terça-feira",0,1,1,0,0,0,0,2
"Fora do Pico","VIAS URBANAS","CHOQUE","MANHA","Terça-feira",0,1,1,0,0,0,0,2
"Pico","ESTRADAS E RODOVIAS","OUTROS","NOITE","Terça-feira",0,0,1,0,0,0,0,1
"Fora do Pico","VIAS URBANAS","CHOQUE","TARDE","Terça-feira",0,1,1,0,0,0,0,2
"Fora do Pico","VIAS URBANAS","COLISAO","TARDE","Terça-feira",0,1,1,0,0,0,0,2
"Fora do Pico","VIAS URBANAS","COLISAO","TARDE","Terça-feira",0,1,1,0,0,0,0,2
"Pico","ESTRADAS E RODOVIAS","CHOQUE","MANHA","Quarta-feira",1,2,0,0,1,0,0,3
"Pico","ESTRADAS E RODOVIAS","OUTROS","TARDE","Quarta-feira",0,0,1,0,0,0,0,1
"Pico","VIAS URBANAS","ATROPELAMENTO","NOITE","Quarta-feira",1,1,0,0,0,1,0,1
"Fora do Pico","VIAS URBANAS","OUTROS","TARDE","Quarta-feira",1,0,1,0,0,0,0,1
"Fora do Pico","VIAS URBANAS","COLISAO","NOITE","Quarta-feira",0,1,1,0,0,0,0,2
"Fora do Pico","ESTRADAS E RODOVIAS","COLISAO","NOITE","Quarta-feira",0,0,0,0,2,0,0,4
"Fora do Pico","VIAS URBANAS","COLISAO","MANHA","Quarta-feira",0,2,0,0,0,0,0,2
"Fora do Pico","VIAS URBANAS","COLISAO","TARDE","Quarta-feira",0,2,0,0,0,0,0,2
"Pico","VIAS URBANAS","OUTROS","MANHA","Quarta-feira",0,1,1,0,0,0,0,2
"Fora do Pico","VIAS URBANAS","COLISAO","TARDE","Quarta-feira",0,1,1,0,0,0,0,2
"Pico","ESTRADAS E RODOVIAS","CHOQUE","TARDE","Quarta-feira",0,0,1,0,1,0,0,2
"Pico","VIAS URBANAS","COLISAO","TARDE","Quarta-feira",0,1,1,0,0,0,0,2
"Pico","VIAS URBANAS","OUTROS","NOITE","Quarta-feira",0,0,1,0,0,0,0,1
"Pico","ESTRADAS E RODOVIAS","COLISAO","NOITE","Quarta-feira",0,0,1,0,0,0,0,1
"Fora do Pico","VIAS URBANAS","CHOQUE","NOITE","Quarta-feira",0,0,0,1,0,0,0,1
"Fora do Pico","ESTRADAS E RODOVIAS","CHOQUE","MADRUGADA","Quarta-feira",0,0,0,0,0,0,0,1
"Pico","VIAS URBANAS","NAO DISPONIVEL","MANHA","Quarta-feira",0,0,1,0,0,0,0,1
"Pico","VIAS URBANAS","COLISAO","MANHA","Quarta-feira",0,1,1,0,0,0,0,2
"Fora do Pico","VIAS URBANAS","COLISAO","MANHA","Quarta-feira",0,1,1,0,0,0,0,2
"Pico","VIAS URBANAS","COLISAO","MANHA","Quarta-feira",0,1,1,0,0,0,0,2
"Pico","ESTRADAS E RODOVIAS","OUTROS","MANHA","Quarta-feira",0,0,1,0,0,0,0,1
"Pico","VIAS URBANAS","ATROPELAMENTO","MANHA","Quarta-feira",0,1,1,0,0,1,0,2
"Pico","ESTRADAS E RODOVIAS","OUTROS","TARDE","Quarta-feira",0,1,0,0,2,0,0,3
"Fora do Pico","VIAS URBANAS","ATROPELAMENTO","TARDE","Quarta-feira",0,0,0,1,0,1,0,1
"Pico","VIAS URBANAS","OUTROS","MANHA","Quinta-feira",0,0,1,0,0,0,0,1
"Fora do Pico","VIAS URBANAS","COLISAO","TARDE","Quinta-feira",0,0,1,0,1,0,0,2
"Fora do Pico","VIAS URBANAS","COLISAO","NOITE","Quinta-feira",0,1,1,0,0,0,0,2
"Fora do Pico","VIAS URBANAS","CHOQUE","MADRUGADA","Quinta-feira",0,1,0,0,0,0,0,1
"Fora do Pico","VIAS URBANAS","OUTROS","NOITE","Quinta-feira",0,0,1,0,0,0,0,1
"Fora do Pico","VIAS URBANAS","COLISAO","NOITE","Quinta-feira",0,1,1,0,0,0,0,2
"Fora do Pico","ESTRADAS E RODOVIAS","COLISAO","MANHA","Quinta-feira",0,0,2,0,0,0,0,2
"Fora do Pico","VIAS URBANAS","CHOQUE","NOITE","Quinta-feira",0,1,0,0,0,0,0,1
"Pico","VIAS URBANAS","COLISAO","MANHA","Quinta-feira",0,1,1,0,0,0,0,2
"Fora do Pico","VIAS URBANAS","COLISAO","TARDE","Quinta-feira",0,2,1,0,0,0,0,3
"Fora do Pico","VIAS URBANAS","COLISAO","TARDE","Quinta-feira",0,0,1,0,0,0,0,1
"Pico","VIAS URBANAS","COLISAO","TARDE","Quinta-feira",0,1,1,0,0,0,0,2
"Pico","ESTRADAS E RODOVIAS","OUTROS","NOITE","Quinta-feira",0,0,0,0,0,0,0,1
"Pico","VIAS URBANAS","COLISAO","NOITE","Quinta-feira",0,0,2,0,0,0,0,2
"Fora do Pico","VIAS URBANAS","COLISAO","NOITE","Quinta-feira",0,1,0,0,1,0,0,3
"Fora do Pico","VIAS URBANAS","CHOQUE","MADRUGADA","Quinta-feira",0,0,1,0,0,0,0,1
"Pico","VIAS URBANAS","ATROPELAMENTO","MANHA","Quinta-feira",0,1,0,0,0,1,0,1
"Pico","VIAS URBANAS","COLISAO","MANHA","Quinta-feira",0,1,2,0,0,0,0,3
"Fora do Pico","VIAS URBANAS","COLISAO","MANHA","Quinta-feira",0,1,1,0,0,0,0,2
"Pico","ESTRADAS E RODOVIAS","COLISAO","MANHA","Quinta-feira",0,1,1,0,1,0,0,3
"Pico","ESTRADAS E RODOVIAS","OUTROS","TARDE","Quinta-feira",0,0,1,0,0,0,0,1
"Pico","ESTRADAS E RODOVIAS","ATROPELAMENTO","NOITE","Sexta-feira",1,1,0,0,0,1,0,1
"Fora do Pico","VIAS URBANAS","COLISAO","TARDE","Sexta-feira",0,1,1,0,0,0,0,2
"Fora do Pico","VIAS URBANAS","COLISAO","MANHA","Sexta-feira",0,1,1,0,0,0,0,2
"Fora do Pico","VIAS URBANAS","COLISAO","MANHA","Sexta-feira",0,1,1,0,0,0,0,2
"Fora do Pico","ESTRADAS E RODOVIAS","OUTROS","NOITE","Sexta-feira",0,0,1,0,0,0,0,1
"Pico","VIAS URBANAS","COLISAO","MANHA","Sexta-feira",0,2,0,0,0,0,0,3
"Pico","VIAS URBANAS","COLISAO","NOITE","Sexta-feira",0,0,1,0,0,0,1,1
"Pico","ESTRADAS E RODOVIAS","CHOQUE","TARDE","Sexta-feira",0,1,0,0,0,0,0,1
"Fora do Pico","VIAS URBANAS","COLISAO","MANHA","Sexta-feira",0,1,1,0,0,0,0,2
"Fora do Pico","VIAS URBANAS","NAO DISPONIVEL","MANHA","Sexta-feira",0,0,1,0,0,0,0,1
"Fora do Pico","VIAS URBANAS","OUTROS","TARDE","Sexta-feira",0,0,0,0,1,0,0,1
"Fora do Pico","ESTRADAS E RODOVIAS","CHOQUE","NOITE","Sexta-feira",0,1,0,0,0,0,0,1
"Fora do Pico","VIAS URBANAS","COLISAO","TARDE","Sexta-feira",0,1,1,0,0,0,0,2
"Pico","VIAS URBANAS","COLISAO","TARDE","Sexta-feira",0,0,2,0,0,0,0,2
"Pico","VIAS URBANAS","COLISAO","TARDE","Sexta-feira",0,0,1,0,0,0,0,1
"Pico","VIAS URBANAS","ATROPELAMENTO","NOITE","Sexta-feira",0,0,1,0,0,1,1,1
"Pico","VIAS URBANAS","COLISAO","NOITE","Sexta-feira",0,0,2,0,0,0,0,2
"Pico","ESTRADAS E RODOVIAS","COLISAO","NOITE","Sexta-feira",0,0,2,0,0,0,0,2
"Fora do Pico","VIAS URBANAS","COLISAO","NOITE","Sexta-feira",0,2,0,0,0,0,0,2
"Fora do Pico","VIAS URBANAS","COLISAO","NOITE","Sexta-feira",0,1,1,0,0,0,0,2
"Fora do Pico","VIAS URBANAS","COLISAO","NOITE","Sexta-feira",0,1,1,0,0,0,0,2
"Fora do Pico","VIAS URBANAS","COLISAO","NOITE","Sexta-feira",0,2,0,0,0,0,0,2
"Fora do Pico","VIAS URBANAS","OUTROS","MADRUGADA","Sexta-feira",0,1,0,0,0,0,0,1
"Pico","VIAS URBANAS","COLISAO","MANHA","Sexta-feira",0,1,1,0,0,0,0,2
"Pico","ESTRADAS E RODOVIAS","OUTROS","MANHA","Sexta-feira",0,0,1,0,0,0,0,1
"Pico","ESTRADAS E RODOVIAS","COLISAO","MANHA","Sexta-feira",0,0,1,0,0,0,0,1
"Fora do Pico","VIAS URBANAS","COLISAO","MANHA","Sexta-feira",0,2,0,0,0,0,0,2
"Fora do Pico","ESTRADAS E RODOVIAS","CHOQUE","MADRUGADA","Sexta-feira",0,1,0,0,0,0,0,1
"Fora do Pico","ESTRADAS E RODOVIAS","COLISAO","MANHA","Sexta-feira",0,1,1,0,1,0,0,3
"Pico","VIAS URBANAS","COLISAO","TARDE","Sexta-feira",0,1,1,0,0,0,0,2
"Pico","VIAS URBANAS","COLISAO","TARDE","Sexta-feira",0,1,1,0,0,0,0,2
"Fora do Pico","ESTRADAS E RODOVIAS","OUTROS","TARDE","Sexta-feira",0,1,0,0,2,0,0,3
"Fora do Pico","VIAS URBANAS","OUTROS","MANHA","Sábado",0,3,0,0,0,0,0,3
"Fora do Pico","ESTRADAS E RODOVIAS","CHOQUE","TARDE","Sábado",0,1,0,0,0,0,0,1
"Pico","ESTRADAS E RODOVIAS","OUTROS","TARDE","Sábado",0,0,1,0,0,0,0,1
"Pico","VIAS URBANAS","COLISAO","MANHA","Sábado",0,0,2,0,0,0,0,2
"Fora do Pico","VIAS URBANAS","CHOQUE","NOITE","Sábado",0,2,1,0,0,0,0,3
"Pico","ESTRADAS E RODOVIAS","COLISAO","MANHA","Sábado",1,2,0,0,0,0,0,2
"Fora do Pico","VIAS URBANAS","COLISAO","NOITE","Sábado",0,1,0,0,0,0,1,1
"Fora do Pico","ESTRADAS E RODOVIAS","ATROPELAMENTO","NOITE","Sábado",1,1,0,0,0,1,0,1
"Fora do Pico","VIAS URBANAS","COLISAO","NOITE","Sábado",0,0,0,1,0,0,0,1
"Fora do Pico","ESTRADAS E RODOVIAS","ATROPELAMENTO","MANHA","Sábado",0,1,0,0,0,1,0,1
"Fora do Pico","VIAS URBANAS","COLISAO","MADRUGADA","Sábado",0,0,1,0,0,0,0,2
"Pico","VIAS URBANAS","COLISAO","TARDE","Sábado",0,2,1,0,0,0,0,3
"Fora do Pico","VIAS URBANAS","ATROPELAMENTO","MANHA","Sábado",0,0,1,0,0,1,0,1
"Fora do Pico","VIAS URBANAS","ATROPELAMENTO","NOITE","Sábado",0,0,1,0,0,1,0,1
"Pico","VIAS URBANAS","COLISAO","MANHA","Sábado",0,1,1,0,0,0,0,2
"Pico","ESTRADAS E RODOVIAS","CHOQUE","MANHA","Sábado",0,0,0,0,0,0,0,1
"Pico","VIAS URBANAS","COLISAO","TARDE","Sábado",0,1,1,0,0,0,0,2
"Pico","VIAS URBANAS","COLISAO","TARDE","Sábado",0,1,1,0,0,0,0,2
"Fora do Pico","VIAS URBANAS","COLISAO","TARDE","Sábado",0,1,1,0,0,0,0,2
"Fora do Pico","ESTRADAS E RODOVIAS","ATROPELAMENTO","TARDE","Sábado",0,0,1,0,0,0,1,1
"Fora do Pico","ESTRADAS E RODOVIAS","COLISAO","TARDE","Sábado",0,1,1,0,0,0,0,2
"Fora do Pico","VIAS URBANAS","COLISAO","TARDE","Sábado",0,1,1,0,0,0,0,2
"Pico","VIAS URBANAS","OUTROS","TARDE","Sábado",0,0,1,0,0,0,0,1
"Pico","VIAS URBANAS","COLISAO","NOITE","Sábado",0,1,1,0,0,0,0,2
"Fora do Pico","VIAS URBANAS","COLISAO","NOITE","Sábado",0,1,1,0,0,0,0,2
"Fora do Pico","VIAS URBANAS","COLISAO","NOITE","Sábado",0,1,1,0,0,0,0,2
"Fora do Pico","VIAS URBANAS","OUTROS","NOITE","Sábado",0,1,0,0,0,0,0,1
"Fora do Pico","VIAS URBANAS","COLISAO","NOITE","Sábado",0,1,0,0,0,0,0,1
"Fora do Pico","VIAS URBANAS","ATROPELAMENTO","NOITE","Sábado",0,1,0,0,0,0,0,1
"Fora do Pico","VIAS URBANAS","NAO DISPONIVEL","MADRUGADA","Sábado",0,0,1,0,0,0,0,1
"Fora do Pico","ESTRADAS E RODOVIAS","CHOQUE","TARDE","Sábado",0,2,0,0,0,0,0,2
"Pico","VIAS URBANAS","COLISAO","MANHA","Sábado",0,1,1,0,0,0,0,2
"Pico","VIAS URBANAS","COLISAO","MANHA","Sábado",0,1,1,0,0,0,0,2
"Pico","ESTRADAS E RODOVIAS","COLISAO","MANHA","Sábado",0,2,0,0,0,0,0,2
"Fora do Pico","ESTRADAS E RODOVIAS","COLISAO","MANHA","Sábado",0,2,1,0,0,0,0,3
"Fora do Pico","ESTRADAS E RODOVIAS","CHOQUE","MADRUGADA","Domingo",1,0,1,0,0,0,0,1
"Fora do Pico","ESTRADAS E RODOVIAS","OUTROS","TARDE","Domingo",0,1,0,0,0,0,0,1
"Pico","VIAS URBANAS","COLISAO","MANHA","Domingo",0,1,1,0,0,0,0,2
"Pico","ESTRADAS E RODOVIAS","NAO DISPONIVEL","TARDE","Domingo",0,0,1,0,0,0,0,1
"Fora do Pico","VIAS URBANAS","OUTROS","MANHA","Domingo",1,1,0,0,0,0,0,1
"Pico","VIAS URBANAS","COLISAO","TARDE","Quarta-feira",0,1,1,0,0,0,0,2
"Fora do Pico","VIAS URBANAS","OUTROS","NOITE","Quarta-feira",0,0,1,0,0,0,1,1
"Pico","VIAS URBANAS","COLISAO","NOITE","Quarta-feira",0,1,1,0,0,0,0,2
"Fora do Pico","VIAS URBANAS","OUTROS","NOITE","Quarta-feira",0,1,0,0,0,0,0,1
"Fora do Pico","VIAS URBANAS","COLISAO","NOITE","Quarta-feira",0,1,1,0,0,0,0,2
"Fora do Pico","VIAS URBANAS","CHOQUE","MADRUGADA","Quarta-feira",0,1,0,0,0,0,1,1
"Pico","VIAS URBANAS","OUTROS","MANHA","Quarta-feira",0,0,1,0,0,0,0,1
"Fora do Pico","VIAS URBANAS","COLISAO","MANHA","Quarta-feira",0,1,1,0,0,0,1,2
"Fora do Pico","ESTRADAS E RODOVIAS","COLISAO","MANHA","Quarta-feira",0,0,1,0,0,0,0,1
"Pico","VIAS URBANAS","COLISAO","TARDE","Quarta-feira",0,1,0,0,0,0,0,1
"Pico","VIAS URBANAS","COLISAO","TARDE","Quarta-feira",0,1,1,0,0,0,0,2
"Pico","VIAS URBANAS","COLISAO","TARDE","Quarta-feira",0,0,1,0,0,0,0,2
"Fora do Pico","VIAS URBANAS","COLISAO","MADRUGADA","Quinta-feira",0,1,1,0,0,0,0,2
"Fora do Pico","ESTRADAS E RODOVIAS","ATROPELAMENTO","MADRUGADA","Quinta-feira",1,0,0,0,1,1,0,1
"Pico","ESTRADAS E RODOVIAS","COLISAO","TARDE","Quinta-feira",1,2,0,0,0,0,0,2
"Pico","ESTRADAS E RODOVIAS","OUTROS","NOITE","Quinta-feira",1,0,0,0,1,0,0,1
"Fora do Pico","VIAS URBANAS","COLISAO","TARDE","Quinta-feira",0,0,1,0,1,0,0,2
"Pico","ESTRADAS E RODOVIAS","COLISAO","NOITE","Quinta-feira",0,1,1,0,0,0,0,2
"Pico","VIAS URBANAS","COLISAO","NOITE","Quinta-feira",0,0,2,0,0,0,0,2
"Fora do Pico","VIAS URBANAS","COLISAO","TARDE","Quinta-feira",0,1,1,0,0,0,0,2
"Fora do Pico","VIAS URBANAS","COLISAO","TARDE","Quinta-feira",0,1,1,0,0,0,0,2
"Fora do Pico","VIAS URBANAS","COLISAO","TARDE","Quinta-feira",0,0,0,0,1,0,0,1
"Fora do Pico","ESTRADAS E RODOVIAS","COLISAO","TARDE","Quinta-feira",0,1,1,0,0,0,0,2
"Fora do Pico","VIAS URBANAS","ATROPELAMENTO","TARDE","Quinta-feira",0,0,1,0,0,1,0,1
"Fora do Pico","VIAS URBANAS","OUTROS","NOITE","Quinta-feira",0,0,1,0,0,0,0,1
"Fora do Pico","VIAS URBANAS","COLISAO","TARDE","Quinta-feira",0,1,1,0,0,0,0,2
"Pico","VIAS URBANAS","COLISAO","TARDE","Quinta-feira",0,1,1,0,0,0,0,2
"Fora do Pico","VIAS URBANAS","COLISAO","MANHA","Quinta-feira",0,1,1,0,0,0,0,2
"Fora do Pico","VIAS URBANAS","OUTROS","NOITE","Quinta-feira",0,0,0,0,0,0,0,0
"Pico","VIAS URBANAS","OUTROS","TARDE","Quinta-feira",0,2,2,0,0,0,0,4
"Pico","VIAS URBANAS","COLISAO","NOITE","Quinta-feira",0,1,1,0,0,0,0,2
"Pico","VIAS URBANAS","COLISAO","MANHA","Quinta-feira",0,1,1,0,0,0,0,2
"Fora do Pico","VIAS URBANAS","COLISAO","NOITE","Quinta-feira",0,2,0,0,0,0,0,2
"Fora do Pico","VIAS URBANAS","OUTROS","NOITE","Quinta-feira",0,0,1,0,0,0,0,1
"Fora do Pico","VIAS URBANAS","COLISAO","NOITE","Quinta-feira",0,0,1,1,0,0,0,2
"Fora do Pico","VIAS URBANAS","COLISAO","NOITE","Quinta-feira",0,0,1,0,1,0,0,2
"Pico","ESTRADAS E RODOVIAS","COLISAO","MANHA","Quinta-feira",0,1,1,0,0,0,0,2
"Pico","VIAS URBANAS","COLISAO","MANHA","Quinta-feira",0,0,1,0,0,0,0,1
"Fora do Pico","VIAS URBANAS","COLISAO","MANHA","Quinta-feira",0,1,1,0,0,0,0,2
"Fora do Pico","ESTRADAS E RODOVIAS","COLISAO","MANHA","Quinta-feira",0,1,1,0,0,0,0,2
"Pico","VIAS URBANAS","OUTROS","TARDE","Quinta-feira",0,0,1,0,0,0,0,1
"Fora do Pico","VIAS URBANAS","COLISAO","TARDE","Quinta-feira",0,1,1,0,0,0,0,2
"Fora do Pico","VIAS URBANAS","COLISAO","MADRUGADA","Sexta-feira",1,0,1,1,0,0,0,2
"Pico","VIAS URBANAS","COLISAO","NOITE","Sexta-feira",0,0,1,0,0,0,0,1
"Fora do Pico","VIAS URBANAS","ATROPELAMENTO","TARDE","Sexta-feira",1,0,0,1,0,1,0,1
"Fora do Pico","ESTRADAS E RODOVIAS","COLISAO","MANHA","Sexta-feira",1,2,1,0,1,0,0,4
"Fora do Pico","ESTRADAS E RODOVIAS","ATROPELAMENTO","NOITE","Sexta-feira",1,0,0,0,0,1,0,1
"Fora do Pico","VIAS URBANAS","NAO DISPONIVEL","NOITE","Sexta-feira",0,0,1,0,0,0,0,1
"Fora do Pico","VIAS URBANAS","COLISAO","MANHA","Sexta-feira",0,1,1,0,0,0,0,2
"Pico","VIAS URBANAS","ATROPELAMENTO","MANHA","Sexta-feira",0,1,0,0,0,1,0,1
"Pico","VIAS URBANAS","ATROPELAMENTO","NOITE","Sexta-feira",0,0,0,1,0,1,0,1
"Fora do Pico","ESTRADAS E RODOVIAS","COLISAO","MADRUGADA","Sexta-feira",0,1,0,0,0,0,0,1
"Fora do Pico","VIAS URBANAS","COLISAO","MANHA","Sexta-feira",0,0,2,0,0,0,0,2
"Fora do Pico","VIAS URBANAS","ATROPELAMENTO","TARDE","Sexta-feira",0,0,1,0,0,1,0,1
"Fora do Pico","VIAS URBANAS","COLISAO","TARDE","Sexta-feira",0,1,0,0,1,0,0,2
"Fora do Pico","VIAS URBANAS","CHOQUE","MADRUGADA","Sexta-feira",0,1,1,0,0,0,0,2
"Pico","VIAS URBANAS","COLISAO","TARDE","Sexta-feira",0,0,1,0,0,0,0,2
"Pico","ESTRADAS E RODOVIAS","OUTROS","MANHA","Sexta-feira",0,0,1,0,0,0,0,1
"Pico","VIAS URBANAS","COLISAO","NOITE","Sexta-feira",0,0,1,0,0,0,0,1
"Fora do Pico","ESTRADAS E RODOVIAS","OUTROS","MADRUGADA","Sexta-feira",0,0,1,0,0,0,0,1
"Fora do Pico","VIAS URBANAS","CHOQUE","NOITE","Sexta-feira",0,0,0,0,1,0,0,3
"Fora do Pico","VIAS URBANAS","COLISAO","NOITE","Sexta-feira",0,1,1,0,0,0,0,2
"Fora do Pico","VIAS URBANAS","COLISAO","MANHA","Sexta-feira",0,1,1,0,0,0,0,2
"Pico","VIAS URBANAS","COLISAO","MANHA","Sexta-feira",0,0,1,0,1,0,0,2
"Pico","ESTRADAS E RODOVIAS","COLISAO","MANHA","Sexta-feira",0,1,1,0,0,0,0,2
"Pico","ESTRADAS E RODOVIAS","COLISAO","MANHA","Sexta-feira",0,4,0,0,0,0,0,4
"Fora do Pico","ESTRADAS E RODOVIAS","COLISAO","MANHA","Sexta-feira",0,1,0,0,1,0,0,3
"Pico","VIAS URBANAS","COLISAO","MANHA","Sexta-feira",0,1,1,0,0,0,0,2
"Pico","VIAS URBANAS","COLISAO","TARDE","Sexta-feira",0,1,1,0,0,0,0,2
"Fora do Pico","VIAS URBANAS","COLISAO","TARDE","Sexta-feira",0,2,1,0,0,0,0,3
"Pico","VIAS URBANAS","COLISAO","NOITE","Sábado",1,1,1,0,0,0,0,2
"Pico","ESTRADAS E RODOVIAS","OUTROS","MANHA","Sábado",1,0,0,0,0,0,1,0
"Fora do Pico","VIAS URBANAS","COLISAO","TARDE","Sábado",0,1,1,0,0,0,0,2
"Pico","VIAS URBANAS","NAO DISPONIVEL","MANHA","Sábado",0,0,1,0,0,0,0,1
"Fora do Pico","VIAS URBANAS","COLISAO","NOITE","Sábado",0,1,1,0,0,0,0,2
"Pico","VIAS URBANAS","COLISAO","NOITE","Sábado",0,1,1,0,0,0,0,2
"Pico","VIAS URBANAS","CHOQUE","TARDE","Sábado",0,0,1,0,0,0,0,1
"Fora do Pico","VIAS URBANAS","COLISAO","NOITE","Sábado",0,0,1,0,0,0,0,1
"Fora do Pico","VIAS URBANAS","COLISAO","TARDE","Sábado",0,1,1,0,0,0,0,2
"Fora do Pico","VIAS URBANAS","COLISAO","TARDE","Sábado",0,2,1,0,0,0,0,3
"Fora do Pico","VIAS URBANAS","NAO DISPONIVEL","TARDE","Sábado",0,1,1,0,0,0,0,2
"Fora do Pico","VIAS URBANAS","COLISAO","TARDE","Sábado",0,2,0,0,0,0,0,2
"Fora do Pico","VIAS URBANAS","COLISAO","TARDE","Sábado",0,1,1,0,0,0,0,2
"Pico","VIAS URBANAS","OUTROS","TARDE","Sábado",0,0,1,0,0,0,0,1
"Pico","VIAS URBANAS","COLISAO","NOITE","Sábado",0,2,0,0,0,0,0,2
"Fora do Pico","VIAS URBANAS","COLISAO","NOITE","Sábado",0,1,0,0,0,0,0,1
"Fora do Pico","VIAS URBANAS","COLISAO","NOITE","Sábado",0,1,1,0,0,0,0,2
"Fora do Pico","VIAS URBANAS","COLISAO","NOITE","Sábado",0,1,1,0,0,0,0,2
"Fora do Pico","VIAS URBANAS","COLISAO","NOITE","Sábado",0,1,1,0,0,0,0,2
"Fora do Pico","VIAS URBANAS","COLISAO","NOITE","Sábado",0,0,1,0,0,0,0,1
"Fora do Pico","VIAS URBANAS","COLISAO","MADRUGADA","Sábado",0,0,2,0,0,0,0,2
"Fora do Pico","VIAS URBANAS","COLISAO","MADRUGADA","Sábado",0,2,0,0,0,0,0,2
"Fora do Pico","VIAS URBANAS","CHOQUE","MANHA","Sábado",0,0,1,0,0,0,0,1
"Fora do Pico","ESTRADAS E RODOVIAS","ATROPELAMENTO","NOITE","Sábado",0,0,1,0,0,1,0,1
"Pico","VIAS URBANAS","OUTROS","MANHA","Sábado",0,0,1,0,0,0,0,1
"Fora do Pico","VIAS URBANAS","COLISAO","MANHA","Sábado",0,1,1,0,0,0,0,2
"Fora do Pico","VIAS URBANAS","COLISAO","MANHA","Sábado",0,0,1,0,1,0,0,2
"Fora do Pico","VIAS URBANAS","COLISAO","MANHA","Sábado",0,1,1,0,0,0,0,2
"Fora do Pico","ESTRADAS E RODOVIAS","CHOQUE","TARDE","Domingo",1,1,0,0,1,0,0,2
"Fora do Pico","VIAS URBANAS","COLISAO","NOITE","Domingo",1,2,0,0,0,0,0,2
"Fora do Pico","VIAS URBANAS","COLISAO","NOITE","Domingo",0,1,1,0,0,0,0,2
"Fora do Pico","VIAS URBANAS","COLISAO","TARDE","Domingo",1,0,0,1,0,0,1,1
"Pico","VIAS URBANAS","COLISAO","NOITE","Domingo",0,2,0,0,0,0,0,2
"Pico","VIAS URBANAS","ATROPELAMENTO","NOITE","Domingo",0,0,0,1,0,2,1,1
"Fora do Pico","ESTRADAS E RODOVIAS","CHOQUE","MADRUGADA","Domingo",0,0,1,0,0,0,0,1
"Pico","VIAS URBANAS","COLISAO","TARDE","Domingo",0,0,1,1,0,0,0,2
"Fora do Pico","VIAS URBANAS","COLISAO","MADRUGADA","Domingo",0,1,1,0,0,0,0,2
"Pico","ESTRADAS E RODOVIAS","CHOQUE","TARDE","Domingo",0,1,0,0,0,0,0,1
"Fora do Pico","VIAS URBANAS","COLISAO","TARDE","Domingo",0,1,1,0,0,0,0,2
"Fora do Pico","VIAS URBANAS","COLISAO","TARDE","Domingo",0,1,1,0,0,0,0,2
"Pico","VIAS URBANAS","COLISAO","TARDE","Domingo",0,1,0,0,0,0,0,1
"Pico","ESTRADAS E RODOVIAS","OUTROS","NOITE","Domingo",0,3,0,0,0,0,0,3
"Fora do Pico","VIAS URBANAS","COLISAO","NOITE","Domingo",0,1,1,0,0,0,0,2
"Fora do Pico","VIAS URBANAS","CHOQUE","NOITE","Domingo",0,1,0,0,0,0,0,1
"Fora do Pico","VIAS URBANAS","OUTROS","MADRUGADA","Domingo",0,1,0,0,0,0,0,1
"Fora do Pico","ESTRADAS E RODOVIAS","COLISAO","MADRUGADA","Domingo",0,1,1,0,0,0,0,2
"Fora do Pico","VIAS URBANAS","OUTROS","MADRUGADA","Domingo",0,0,1,0,0,0,0,1
"Pico","ESTRADAS E RODOVIAS","COLISAO","MANHA","Domingo",0,0,1,1,0,0,0,2
"Fora do Pico","VIAS URBANAS","COLISAO","MANHA","Domingo",0,0,2,0,0,0,0,2
"Pico","VIAS URBANAS","ATROPELAMENTO","MANHA","Domingo",0,0,1,0,0,1,0,1
"Pico","NAO DISPONIVEL","OUTROS","MANHA","Segunda-feira",1,0,0,0,0,0,0,1
"Pico","VIAS URBANAS","COLISAO","NOITE","Segunda-feira",0,2,0,0,0,0,0,2
"Pico","VIAS URBANAS","COLISAO","NOITE","Segunda-feira",0,2,0,0,0,0,0,2
"Fora do Pico","VIAS URBANAS","COLISAO","MADRUGADA","Segunda-feira",0,4,0,0,0,0,0,4
"Pico","VIAS URBANAS","COLISAO","MANHA","Segunda-feira",0,0,2,0,0,0,0,2
"Fora do Pico","VIAS URBANAS","OUTROS","MANHA","Segunda-feira",0,0,1,0,0,0,0,1
"Pico","VIAS URBANAS","COLISAO","NOITE","Segunda-feira",0,1,1,0,0,0,0,2
"Fora do Pico","VIAS URBANAS","COLISAO","TARDE","Segunda-feira",0,0,1,1,0,0,0,2
"Fora do Pico","ESTRADAS E RODOVIAS","CHOQUE","TARDE","Segunda-feira",0,1,0,0,0,0,0,1
"Fora do Pico","VIAS URBANAS","COLISAO","TARDE","Segunda-feira",0,0,1,1,0,0,0,2
"Fora do Pico","VIAS URBANAS","CHOQUE","MADRUGADA","Segunda-feira",0,1,0,0,0,0,0,1
"Pico","VIAS URBANAS","COLISAO","NOITE","Segunda-feira",0,1,1,0,0,0,0,2
"Fora do Pico","VIAS URBANAS","CHOQUE","MADRUGADA","Segunda-feira",0,1,0,0,0,0,0,1
"Fora do Pico","VIAS URBANAS","COLISAO","NOITE","Segunda-feira",0,1,1,0,0,0,0,2
"Fora do Pico","VIAS URBANAS","COLISAO","NOITE","Segunda-feira",0,1,0,0,0,0,1,1
"Fora do Pico","VIAS URBANAS","COLISAO","NOITE","Segunda-feira",0,2,0,0,0,0,0,2
"Fora do Pico","VIAS URBANAS","COLISAO","NOITE","Segunda-feira",0,0,1,0,0,0,1,1
"Fora do Pico","VIAS URBANAS","COLISAO","MADRUGADA","Segunda-feira",0,2,0,0,0,0,0,2
"Fora do Pico","VIAS URBANAS","COLISAO","MANHA","Segunda-feira",0,0,2,0,0,0,0,2
"Pico","VIAS URBANAS","COLISAO","MANHA","Segunda-feira",0,1,1,0,0,0,0,2
"Fora do Pico","VIAS URBANAS","OUTROS","MANHA","Segunda-feira",0,0,1,0,0,0,0,1
"Fora do Pico","VIAS URBANAS","COLISAO","MANHA","Segunda-feira",0,1,1,0,0,0,0,2
"Pico","ESTRADAS E RODOVIAS","OUTROS","MANHA","Segunda-feira",0,0,1,0,0,0,0,1
"Fora do Pico","VIAS URBANAS","COLISAO","MANHA","Segunda-feira",0,1,0,0,0,0,0,1
"Pico","VIAS URBANAS","COLISAO","TARDE","Segunda-feira",0,1,1,0,0,0,0,2
"Fora do Pico","ESTRADAS E RODOVIAS","CHOQUE","MADRUGADA","Segunda-feira",0,1,0,0,0,0,0,1
"Pico","VIAS URBANAS","ATROPELAMENTO","TARDE","Segunda-feira",0,1,0,0,0,1,0,1
"Pico","VIAS URBANAS","COLISAO","TARDE","Segunda-feira",0,0,1,0,0,0,0,1
"Pico","ESTRADAS E RODOVIAS","COLISAO","TARDE","Terça-feira",1,0,1,1,0,0,0,2
"Fora do Pico","ESTRADAS E RODOVIAS","CHOQUE","TARDE","Terça-feira",1,0,1,0,0,0,0,1
"Fora do Pico","VIAS URBANAS","COLISAO","MADRUGADA","Terça-feira",0,1,1,0,0,0,0,2
"Fora do Pico","VIAS URBANAS","CHOQUE","NOITE","Terça-feira",0,1,0,0,0,0,0,1
"Fora do Pico","ESTRADAS E RODOVIAS","OUTROS","TARDE","Terça-feira",0,0,1,0,0,0,0,1
"Pico","VIAS URBANAS","COLISAO","TARDE","Terça-feira",0,1,1,0,0,0,0,2
"Pico","VIAS URBANAS","COLISAO","TARDE","Terça-feira",0,1,1,0,0,0,0,2
"Pico","ESTRADAS E RODOVIAS","COLISAO","TARDE","Terça-feira",0,1,1,0,0,0,0,2
"Fora do Pico","VIAS URBANAS","COLISAO","NOITE","Terça-feira",0,0,2,0,0,0,0,2
"Pico","VIAS URBANAS","COLISAO","NOITE","Terça-feira",0,1,1,0,0,0,0,2
"Pico","VIAS URBANAS","COLISAO","NOITE","Terça-feira",0,1,1,0,0,0,0,2
"Fora do Pico","VIAS URBANAS","COLISAO","NOITE","Terça-feira",0,0,2,0,0,0,0,2
"Fora do Pico","VIAS URBANAS","COLISAO","NOITE","Terça-feira",0,1,1,0,0,0,1,2
"Fora do Pico","VIAS URBANAS","COLISAO","NOITE","Terça-feira",0,0,1,1,0,0,0,2
"Fora do Pico","ESTRADAS E RODOVIAS","COLISAO","MADRUGADA","Terça-feira",0,1,0,0,1,0,0,3
"Pico","VIAS URBANAS","COLISAO","MANHA","Terça-feira",0,2,0,0,0,0,0,2
"Pico","VIAS URBANAS","COLISAO","MANHA","Terça-feira",0,1,1,1,0,0,0,3
"Pico","VIAS URBANAS","COLISAO","MANHA","Terça-feira",0,1,1,0,0,0,0,2
"Fora do Pico","VIAS URBANAS","COLISAO","MANHA","Terça-feira",0,2,0,0,0,0,0,2
"Fora do Pico","VIAS URBANAS","OUTROS","MANHA","Terça-feira",0,0,2,0,1,0,0,3
"Fora do Pico","VIAS URBANAS","ATROPELAMENTO","MANHA","Terça-feira",0,0,1,0,0,1,0,1
"Pico","ESTRADAS E RODOVIAS","COLISAO","TARDE","Terça-feira",0,1,1,0,0,0,0,2
"Pico","VIAS URBANAS","COLISAO","TARDE","Terça-feira",0,0,1,0,0,0,0,1
"Fora do Pico","VIAS URBANAS","COLISAO","TARDE","Terça-feira",0,1,1,0,0,0,0,2
"Fora do Pico","VIAS URBANAS","COLISAO","TARDE","Terça-feira",0,1,1,0,0,0,0,2
"Fora do Pico","VIAS URBANAS","COLISAO","TARDE","Terça-feira",0,1,1,0,0,0,0,2
"Fora do Pico","VIAS URBANAS","CHOQUE","TARDE","Terça-feira",0,1,1,0,0,0,0,2
"Fora do Pico","ESTRADAS E RODOVIAS","COLISAO","TARDE","Quarta-feira",1,2,0,0,0,0,0,2
"Pico","VIAS URBANAS","COLISAO","NOITE","Quarta-feira",0,0,1,1,0,0,0,2
"Fora do Pico","ESTRADAS E RODOVIAS","OUTROS","NOITE","Quarta-feira",1,0,1,0,0,0,0,1
"Pico","ESTRADAS E RODOVIAS","OUTROS","NOITE","Quarta-feira",1,0,1,1,0,0,0,2
"Pico","ESTRADAS E RODOVIAS","CHOQUE","TARDE","Quarta-feira",1,0,1,0,0,0,0,1
"Pico","ESTRADAS E RODOVIAS","COLISAO","NOITE","Quarta-feira",0,1,1,0,0,0,0,2
"Fora do Pico","VIAS URBANAS","COLISAO","MANHA","Quarta-feira",0,1,1,0,0,0,0,2
"Fora do Pico","VIAS URBANAS","COLISAO","MANHA","Quarta-feira",0,1,1,0,0,0,0,2
"Pico","VIAS URBANAS","COLISAO","NOITE","Quarta-feira",0,1,1,0,0,0,0,2
"Fora do Pico","VIAS URBANAS","COLISAO","MANHA","Quarta-feira",0,0,1,0,0,0,0,2
"Fora do Pico","VIAS URBANAS","COLISAO","MANHA","Quarta-feira",0,1,0,0,1,0,0,2
"Pico","VIAS URBANAS","COLISAO","NOITE","Quarta-feira",0,0,1,0,0,0,0,1
"Fora do Pico","VIAS URBANAS","COLISAO","TARDE","Quarta-feira",0,1,1,0,0,0,0,2
"Pico","ESTRADAS E RODOVIAS","COLISAO","TARDE","Quarta-feira",0,1,1,0,0,0,0,2
"Fora do Pico","VIAS URBANAS","COLISAO","MANHA","Quarta-feira",0,1,1,0,0,0,0,2
"Fora do Pico","VIAS URBANAS","COLISAO","TARDE","Quarta-feira",0,1,0,1,0,0,0,2
"Pico","VIAS URBANAS","COLISAO","NOITE","Quarta-feira",0,1,0,0,0,0,0,1
"Pico","VIAS URBANAS","COLISAO","NOITE","Quarta-feira",0,1,1,0,0,0,0,2
"Fora do Pico","ESTRADAS E RODOVIAS","CHOQUE","NOITE","Quarta-feira",0,1,0,0,1,0,0,2
"Pico","VIAS URBANAS","COLISAO","MANHA","Quarta-feira",0,1,1,0,0,0,0,2
"Pico","VIAS URBANAS","COLISAO","MANHA","Quarta-feira",0,0,1,0,1,0,0,2
"Fora do Pico","VIAS URBANAS","COLISAO","MANHA","Quarta-feira",0,2,0,0,0,0,0,2
"Fora do Pico","VIAS URBANAS","COLISAO","MADRUGADA","Quarta-feira",0,0,1,0,0,0,0,2
"Pico","ESTRADAS E RODOVIAS","OUTROS","MANHA","Quarta-feira",0,3,0,0,1,0,0,4
"Pico","VIAS URBANAS","COLISAO","TARDE","Quarta-feira",0,1,1,0,0,0,0,2
"Pico","VIAS URBANAS","COLISAO","TARDE","Quarta-feira",0,1,1,0,0,0,0,2
"Fora do Pico","ESTRADAS E RODOVIAS","COLISAO","TARDE","Quarta-feira",0,0,2,0,0,0,0,2
"Fora do Pico","VIAS URBANAS","COLISAO","TARDE","Quarta-feira",0,1,1,0,0,0,0,2
"Fora do Pico","VIAS URBANAS","COLISAO","MADRUGADA","Quinta-feira",1,1,1,0,0,0,0,2
"Pico","VIAS URBANAS","COLISAO","NOITE","Quinta-feira",0,1,1,0,0,0,0,2
"Fora do Pico","VIAS URBANAS","CHOQUE","TARDE","Quinta-feira",0,1,0,0,0,0,0,1
"Pico","NAO DISPONIVEL","OUTROS","TARDE","Quinta-feira",1,0,0,0,0,1,0,1
"Fora do Pico","VIAS URBANAS","COLISAO","TARDE","Quinta-feira",1,0,1,0,1,0,0,2
"Fora do Pico","VIAS URBANAS","COLISAO","MANHA","Quinta-feira",0,1,0,0,0,0,0,2
"Fora do Pico","VIAS URBANAS","ATROPELAMENTO","MANHA","Quinta-feira",0,0,1,0,0,1,0,1
"Fora do Pico","VIAS URBANAS","COLISAO","MANHA","Quinta-feira",0,0,1,1,0,0,0,2
"Pico","VIAS URBANAS","COLISAO","NOITE","Quinta-feira",0,0,1,0,0,0,0,2
"Pico","VIAS URBANAS","COLISAO","TARDE","Quinta-feira",0,1,0,0,0,0,0,1
"Fora do Pico","ESTRADAS E RODOVIAS","OUTROS","TARDE","Quinta-feira",0,0,1,0,0,0,0,1
"Fora do Pico","VIAS URBANAS","COLISAO","TARDE","Quinta-feira",0,0,1,1,0,0,0,2
"Fora do Pico","VIAS URBANAS","CHOQUE","TARDE","Quinta-feira",0,1,0,0,0,0,0,1
"Fora do Pico","VIAS URBANAS","ATROPELAMENTO","TARDE","Quinta-feira",0,0,0,0,0,1,0,0
"Fora do Pico","VIAS URBANAS","COLISAO","MANHA","Quinta-feira",0,1,1,0,0,0,0,2
"Pico","VIAS URBANAS","COLISAO","TARDE","Quinta-feira",0,1,1,0,0,0,0,2
"Pico","VIAS URBANAS","COLISAO","MANHA","Quinta-feira",0,1,1,0,0,0,0,2
"Pico","VIAS URBANAS","COLISAO","TARDE","Quinta-feira",0,0,1,0,0,0,1,1
"Fora do Pico","VIAS URBANAS","COLISAO","NOITE","Quinta-feira",0,1,1,0,0,0,0,2
"Fora do Pico","VIAS URBANAS","COLISAO","NOITE","Quinta-feira",0,1,1,0,0,0,0,2
"Fora do Pico","ESTRADAS E RODOVIAS","COLISAO","MADRUGADA","Quinta-feira",0,0,0,0,2,0,0,3
"Pico","VIAS URBANAS","OUTROS","MANHA","Quinta-feira",0,0,1,0,0,0,0,1
"Pico","VIAS URBANAS","COLISAO","MANHA","Quinta-feira",0,2,0,0,0,0,0,2
"Pico","ESTRADAS E RODOVIAS","OUTROS","MANHA","Quinta-feira",0,0,1,0,0,0,0,1
"Fora do Pico","ESTRADAS E RODOVIAS","COLISAO","MANHA","Quinta-feira",0,2,1,0,0,0,0,3
"Fora do Pico","ESTRADAS E RODOVIAS","OUTROS","MANHA","Quinta-feira",0,0,1,0,0,0,0,1
"Fora do Pico","VIAS URBANAS","COLISAO","MANHA","Quinta-feira",0,1,0,0,0,0,1,1
"Pico","VIAS URBANAS","COLISAO","TARDE","Quinta-feira",0,0,1,1,0,0,0,2
"Fora do Pico","VIAS URBANAS","COLISAO","MADRUGADA","Quinta-feira",0,1,1,0,0,0,0,2
"Fora do Pico","VIAS URBANAS","COLISAO","TARDE","Quinta-feira",0,1,1,0,0,0,0,2
"Pico","VIAS URBANAS","COLISAO","TARDE","Sexta-feira",0,1,1,0,0,0,0,2
"Fora do Pico","VIAS URBANAS","COLISAO","MADRUGADA","Sexta-feira",0,0,1,1,0,0,0,2
"Fora do Pico","VIAS URBANAS","OUTROS","MANHA","Sexta-feira",0,0,1,0,0,0,0,1
"Pico","VIAS URBANAS","OUTROS","TARDE","Sexta-feira",1,0,1,0,1,0,0,2
"Fora do Pico","VIAS URBANAS","COLISAO","TARDE","Sexta-feira",0,1,1,0,0,0,0,2
"Fora do Pico","VIAS URBANAS","COLISAO","TARDE","Sexta-feira",0,1,1,0,0,0,0,2
"Fora do Pico","VIAS URBANAS","OUTROS","MANHA","Sexta-feira",0,0,0,0,1,0,0,1
"Fora do Pico","ESTRADAS E RODOVIAS","COLISAO","TARDE","Sexta-feira",0,0,1,0,1,0,0,2
"Fora do Pico","VIAS URBANAS","ATROPELAMENTO","NOITE","Sexta-feira",0,1,0,0,0,0,0,1
"Fora do Pico","VIAS URBANAS","ATROPELAMENTO","NOITE","Sexta-feira",0,1,0,0,0,1,0,1
"Fora do Pico","VIAS URBANAS","COLISAO","TARDE","Sexta-feira",0,1,1,0,0,0,0,2
"Fora do Pico","VIAS URBANAS","CHOQUE","MADRUGADA","Sexta-feira",0,1,0,1,0,0,0,2
"Fora do Pico","VIAS URBANAS","OUTROS","TARDE","Sexta-feira",0,0,1,0,0,0,0,1
"Fora do Pico","ESTRADAS E RODOVIAS","OUTROS","NOITE","Sexta-feira",0,0,1,0,0,0,0,1
"Pico","VIAS URBANAS","COLISAO","TARDE","Sexta-feira",0,0,1,0,1,0,0,2
"Pico","VIAS URBANAS","COLISAO","NOITE","Sexta-feira",0,1,1,0,0,0,0,2
"Fora do Pico","VIAS URBANAS","COLISAO","NOITE","Sexta-feira",0,2,0,0,0,0,0,2
"Fora do Pico","VIAS URBANAS","COLISAO","NOITE","Sexta-feira",0,2,0,0,0,0,0,2
"Fora do Pico","VIAS URBANAS","COLISAO","NOITE","Sexta-feira",0,1,1,0,0,0,0,2
"Fora do Pico","VIAS URBANAS","COLISAO","MADRUGADA","Sexta-feira",0,1,1,0,0,0,0,2
"Fora do Pico","ESTRADAS E RODOVIAS","COLISAO","MANHA","Sexta-feira",0,1,1,0,0,0,0,2
"Pico","VIAS URBANAS","COLISAO","MANHA","Sexta-feira",0,1,1,0,0,0,0,2
"Fora do Pico","VIAS URBANAS","COLISAO","MANHA","Sexta-feira",0,1,1,0,0,0,0,2
"Fora do Pico","VIAS URBANAS","COLISAO","MANHA","Sexta-feira",0,1,1,0,0,0,0,2
"Fora do Pico","ESTRADAS E RODOVIAS","COLISAO","MANHA","Sexta-feira",0,1,1,0,0,0,0,2
"Pico","VIAS URBANAS","COLISAO","TARDE","Sexta-feira",0,0,2,0,0,0,0,2
"Fora do Pico","VIAS URBANAS","COLISAO","TARDE","Sexta-feira",0,1,1,0,0,0,0,2
"Fora do Pico","VIAS URBANAS","COLISAO","MANHA","Sábado",0,1,1,0,0,0,0,2
"Fora do Pico","VIAS URBANAS","NAO DISPONIVEL","MADRUGADA","Sábado",0,0,1,0,0,0,0,1
"Fora do Pico","VIAS URBANAS","ATROPELAMENTO","TARDE","Sábado",1,0,1,0,0,1,0,1
"Fora do Pico","VIAS URBANAS","ATROPELAMENTO","NOITE","Sábado",1,1,0,0,0,1,0,1
"Fora do Pico","VIAS URBANAS","COLISAO","NOITE","Sábado",0,1,2,0,0,0,0,3
"Fora do Pico","ESTRADAS E RODOVIAS","COLISAO","MADRUGADA","Sábado",0,1,0,0,1,0,0,2
"Fora do Pico","ESTRADAS E RODOVIAS","COLISAO","NOITE","Sábado",0,1,0,0,0,0,1,1
"Fora do Pico","VIAS URBANAS","COLISAO","MANHA","Sábado",0,1,1,0,0,0,0,2
"Fora do Pico","VIAS URBANAS","COLISAO","MANHA","Sábado",0,1,1,0,0,0,0,2
"Fora do Pico","VIAS URBANAS","COLISAO","MADRUGADA","Sábado",0,1,1,0,0,0,0,2
"Fora do Pico","VIAS URBANAS","COLISAO","NOITE","Sábado",0,2,0,1,0,0,0,3
"Fora do Pico","VIAS URBANAS","CHOQUE","MANHA","Sábado",0,1,1,0,0,0,0,2
"Pico","ESTRADAS E RODOVIAS","COLISAO","NOITE","Sábado",0,1,1,0,0,0,0,2
"Pico","VIAS URBANAS","COLISAO","MANHA","Sábado",0,1,1,0,0,0,0,2
"Fora do Pico","VIAS URBANAS","COLISAO","NOITE","Sábado",0,1,0,0,0,0,0,1
"Fora do Pico","VIAS URBANAS","COLISAO","TARDE","Sábado",0,1,1,0,0,0,0,2
"Fora do Pico","VIAS URBANAS","OUTROS","TARDE","Sábado",0,0,1,0,0,0,0,1
"Fora do Pico","ESTRADAS E RODOVIAS","CHOQUE","TARDE","Sábado",0,1,0,0,0,0,0,1
"Pico","VIAS URBANAS","ATROPELAMENTO","TARDE","Sábado",0,0,0,0,0,1,0,1
"Pico","VIAS URBANAS","COLISAO","NOITE","Sábado",0,1,1,0,0,0,0,2
"Fora do Pico","VIAS URBANAS","ATROPELAMENTO","NOITE","Sábado",0,0,0,1,0,0,0,1
"Fora do Pico","VIAS URBANAS","COLISAO","NOITE","Sábado",0,0,1,0,0,0,0,1
"Fora do Pico","ESTRADAS E RODOVIAS","CHOQUE","NOITE","Sábado",0,0,1,0,0,0,0,1
"Fora do Pico","VIAS URBANAS","COLISAO","MADRUGADA","Sábado",0,1,0,0,0,0,0,1
"Pico","VIAS URBANAS","COLISAO","MANHA","Sábado",0,0,2,0,0,0,0,2
"Pico","ESTRADAS E RODOVIAS","OUTROS","MANHA","Sábado",0,1,0,0,0,0,0,1
"Fora do Pico","ESTRADAS E RODOVIAS","COLISAO","NOITE","Domingo",1,0,1,0,0,0,0,1
"Pico","VIAS URBANAS","COLISAO","NOITE","Domingo",0,1,0,0,0,0,1,1
"Pico","VIAS URBANAS","OUTROS","NOITE","Domingo",0,0,1,0,0,0,0,1
"Fora do Pico","ESTRADAS E RODOVIAS","OUTROS","MANHA","Domingo",1,1,0,0,0,0,0,1
"Fora do Pico","VIAS URBANAS","OUTROS","TARDE","Domingo",0,0,1,0,0,0,0,1
"Fora do Pico","VIAS URBANAS","COLISAO","MANHA","Domingo",0,1,1,0,0,0,0,2
"Fora do Pico","VIAS URBANAS","OUTROS","MADRUGADA","Domingo",0,0,1,0,0,0,0,1
"Fora do Pico","ESTRADAS E RODOVIAS","CHOQUE","MADRUGADA","Domingo",0,1,0,0,0,0,0,1
"Pico","VIAS URBANAS","COLISAO","NOITE","Domingo",0,0,2,0,0,0,0,2
"Pico","VIAS URBANAS","CHOQUE","MANHA","Domingo",0,0,1,0,0,0,0,1
"Fora do Pico","VIAS URBANAS","COLISAO","MANHA","Domingo",0,2,0,0,0,0,0,2
"Pico","VIAS URBANAS","OUTROS","TARDE","Domingo",0,0,1,0,0,0,0,1
"Fora do Pico","VIAS URBANAS","CHOQUE","MANHA","Domingo",0,1,0,0,0,0,0,1
"Pico","VIAS URBANAS","COLISAO","MANHA","Domingo",0,2,0,0,0,0,0,2
"Pico","VIAS URBANAS","COLISAO","TARDE","Domingo",0,1,1,0,1,0,0,3
"Fora do Pico","VIAS URBANAS","CHOQUE","TARDE","Domingo",0,0,1,0,0,0,0,1
"Fora do Pico","VIAS URBANAS","COLISAO","TARDE","Domingo",0,0,1,0,0,0,0,2
"Fora do Pico","VIAS URBANAS","COLISAO","TARDE","Domingo",0,2,0,0,0,0,0,2
"Pico","VIAS URBANAS","CHOQUE","TARDE","Domingo",0,1,0,0,0,0,0,1
"Pico","ESTRADAS E RODOVIAS","OUTROS","TARDE","Domingo",0,4,0,0,0,0,0,4
"Pico","ESTRADAS E RODOVIAS","OUTROS","NOITE","Domingo",0,0,1,0,0,0,0,1
"Fora do Pico","VIAS URBANAS","COLISAO","NOITE","Domingo",0,1,1,0,0,0,0,2
"Fora do Pico","VIAS URBANAS","CHOQUE","NOITE","Domingo",0,1,0,0,0,0,0,1
"Fora do Pico","VIAS URBANAS","COLISAO","NOITE","Domingo",0,0,2,0,0,0,0,2
"Fora do Pico","VIAS URBANAS","COLISAO","NOITE","Domingo",0,1,1,0,0,0,0,2
"Fora do Pico","VIAS URBANAS","COLISAO","MADRUGADA","Domingo",0,1,0,0,0,0,0,1
"Fora do Pico","VIAS URBANAS","OUTROS","MADRUGADA","Domingo",0,0,1,0,0,0,0,1
"Fora do Pico","ESTRADAS E RODOVIAS","OUTROS","TARDE","Domingo",0,0,1,0,0,0,0,1
"Fora do Pico","VIAS URBANAS","COLISAO","MADRUGADA","Domingo",0,1,1,0,0,0,0,2
"Fora do Pico","ESTRADAS E RODOVIAS","COLISAO","MANHA","Domingo",0,2,0,0,0,0,0,2
"Pico","VIAS URBANAS","COLISAO","MANHA","Domingo",0,0,1,0,0,0,0,1
"Fora do Pico","ESTRADAS E RODOVIAS","OUTROS","TARDE","Segunda-feira",0,0,0,0,1,0,0,2
"Pico","VIAS URBANAS","COLISAO","TARDE","Segunda-feira",0,1,1,0,0,0,0,2
"Fora do Pico","VIAS URBANAS","COLISAO","TARDE","Segunda-feira",0,0,1,1,0,0,0,2
"Fora do Pico","VIAS URBANAS","COLISAO","TARDE","Segunda-feira",0,1,1,0,0,0,0,2
"Pico","VIAS URBANAS","CHOQUE","MANHA","Segunda-feira",0,1,1,0,0,0,0,2
"Fora do Pico","ESTRADAS E RODOVIAS","COLISAO","MADRUGADA","Segunda-feira",0,1,0,0,1,0,0,2
"Pico","VIAS URBANAS","COLISAO","NOITE","Segunda-feira",0,1,0,0,0,0,0,1
"Fora do Pico","ESTRADAS E RODOVIAS","COLISAO","TARDE","Segunda-feira",0,1,1,0,0,0,0,2
"Pico","VIAS URBANAS","COLISAO","NOITE","Segunda-feira",0,0,2,0,0,0,0,2
"Pico","VIAS URBANAS","COLISAO","NOITE","Segunda-feira",0,1,1,0,0,0,0,2
"Pico","VIAS URBANAS","COLISAO","NOITE","Segunda-feira",0,2,0,0,0,0,0,2
"Fora do Pico","VIAS URBANAS","OUTROS","NOITE","Segunda-feira",0,1,0,0,0,0,0,1
"Pico","VIAS URBANAS","OUTROS","MANHA","Segunda-feira",0,0,1,0,0,0,0,1
"Pico","VIAS URBANAS","CHOQUE","MANHA","Segunda-feira",0,1,0,0,0,0,0,1
"Pico","ESTRADAS E RODOVIAS","COLISAO","MANHA","Segunda-feira",0,1,0,0,0,0,0,1
"Fora do Pico","VIAS URBANAS","COLISAO","MANHA","Segunda-feira",0,1,1,0,0,0,0,2
"Pico","ESTRADAS E RODOVIAS","OUTROS","MANHA","Segunda-feira",0,3,0,0,0,0,0,3
"Fora do Pico","VIAS URBANAS","COLISAO","MANHA","Segunda-feira",0,0,1,0,0,0,0,1
"Pico","VIAS URBANAS","CHOQUE","TARDE","Segunda-feira",0,0,0,0,1,0,0,1
"Pico","VIAS URBANAS","NAO DISPONIVEL","TARDE","Segunda-feira",0,0,1,0,0,0,1,1
"Pico","VIAS URBANAS","ATROPELAMENTO","TARDE","Segunda-feira",0,1,0,0,0,1,0,1
"Fora do Pico","VIAS URBANAS","COLISAO","TARDE","Terça-feira",0,0,2,0,0,0,0,2
"Fora do Pico","VIAS URBANAS","COLISAO","TARDE","Terça-feira",0,1,0,0,0,0,0,1
"Fora do Pico","ESTRADAS E RODOVIAS","OUTROS","TARDE","Terça-feira",0,0,1,0,1,0,0,2
"Pico","VIAS URBANAS","COLISAO","TARDE","Terça-feira",0,1,1,0,0,0,0,2
"Fora do Pico","VIAS URBANAS","COLISAO","TARDE","Terça-feira",0,1,1,0,0,0,0,2
"Fora do Pico","VIAS URBANAS","COLISAO","TARDE","Terça-feira",0,0,0,0,0,0,1,1
"Fora do Pico","VIAS URBANAS","COLISAO","TARDE","Terça-feira",0,0,1,1,0,0,0,2
"Fora do Pico","VIAS URBANAS","COLISAO","TARDE","Terça-feira",0,1,1,0,0,0,0,2
"Fora do Pico","VIAS URBANAS","COLISAO","MANHA","Terça-feira",0,1,1,0,0,0,0,2
"Pico","VIAS URBANAS","COLISAO","TARDE","Terça-feira",0,0,2,0,0,0,0,2
"Fora do Pico","VIAS URBANAS","COLISAO","TARDE","Terça-feira",0,1,1,0,0,0,0,2
"Pico","VIAS URBANAS","ATROPELAMENTO","TARDE","Terça-feira",0,0,1,0,0,1,0,1
"Pico","VIAS URBANAS","ATROPELAMENTO","NOITE","Terça-feira",0,1,0,0,0,1,0,1
"Fora do Pico","VIAS URBANAS","ATROPELAMENTO","TARDE","Terça-feira",0,1,0,0,0,0,0,1
"Pico","VIAS URBANAS","COLISAO","TARDE","Terça-feira",0,0,1,0,1,0,0,2
"Pico","ESTRADAS E RODOVIAS","COLISAO","MANHA","Terça-feira",0,2,0,0,0,0,0,2
"Pico","VIAS URBANAS","ATROPELAMENTO","NOITE","Terça-feira",0,1,0,0,0,0,0,1
"Fora do Pico","VIAS URBANAS","COLISAO","NOITE","Terça-feira",0,1,1,0,0,0,0,2
"Fora do Pico","VIAS URBANAS","OUTROS","NOITE","Terça-feira",0,0,1,0,0,0,0,1
"Fora do Pico","VIAS URBANAS","COLISAO","NOITE","Terça-feira",0,1,1,0,0,0,0,2
"Pico","VIAS URBANAS","OUTROS","MANHA","Terça-feira",0,0,1,0,0,0,0,1
"Pico","VIAS URBANAS","COLISAO","MANHA","Terça-feira",0,1,1,0,0,0,0,2
"Pico","VIAS URBANAS","ATROPELAMENTO","MANHA","Terça-feira",0,1,0,0,0,1,0,1
"Fora do Pico","VIAS URBANAS","COLISAO","MANHA","Terça-feira",0,1,1,0,0,0,0,2
"Fora do Pico","VIAS URBANAS","COLISAO","MANHA","Terça-feira",0,1,1,0,0,0,0,2
"Fora do Pico","VIAS URBANAS","OUTROS","MANHA","Terça-feira",0,1,0,0,0,0,0,1
"Fora do Pico","VIAS URBANAS","COLISAO","MANHA","Terça-feira",0,1,1,0,0,0,0,2
"Pico","VIAS URBANAS","COLISAO","TARDE","Terça-feira",0,0,1,0,0,0,0,1
"Pico","ESTRADAS E RODOVIAS","CHOQUE","TARDE","Terça-feira",0,1,0,0,0,0,0,1
"Fora do Pico","ESTRADAS E RODOVIAS","COLISAO","TARDE","Quarta-feira",0,1,1,0,0,0,0,2
"Fora do Pico","ESTRADAS E RODOVIAS","COLISAO","NOITE","Quarta-feira",0,2,0,0,0,0,0,2
"Fora do Pico","ESTRADAS E RODOVIAS","ATROPELAMENTO","MANHA","Quarta-feira",0,0,1,0,0,0,0,1
"Fora do Pico","VIAS URBANAS","COLISAO","MADRUGADA","Quarta-feira",0,2,0,0,0,0,0,2
"Fora do Pico","VIAS URBANAS","CHOQUE","MANHA","Quarta-feira",1,0,0,0,1,0,0,1
"Pico","VIAS URBANAS","COLISAO","TARDE","Quarta-feira",0,1,1,0,0,0,0,2
"Fora do Pico","VIAS URBANAS","COLISAO","NOITE","Quarta-feira",0,2,0,0,0,0,0,2
"Pico","VIAS URBANAS","COLISAO","TARDE","Quarta-feira",0,1,1,0,0,0,0,2
"Fora do Pico","VIAS URBANAS","ATROPELAMENTO","TARDE","Quarta-feira",0,1,0,0,0,1,0,1
"Fora do Pico","ESTRADAS E RODOVIAS","COLISAO","MADRUGADA","Quarta-feira",0,0,0,0,1,0,1,1
"Fora do Pico","VIAS URBANAS","COLISAO","TARDE","Quarta-feira",0,1,1,0,0,0,0,2
"Pico","ESTRADAS E RODOVIAS","COLISAO","NOITE","Quarta-feira",0,0,1,0,0,0,0,1
"Fora do Pico","VIAS URBANAS","COLISAO","TARDE","Quarta-feira",0,0,2,0,0,0,0,2
"Pico","VIAS URBANAS","COLISAO","NOITE","Quarta-feira",0,2,0,0,0,0,0,2
"Fora do Pico","VIAS URBANAS","COLISAO","MANHA","Quarta-feira",0,1,1,0,0,0,0,2
"Pico","VIAS URBANAS","COLISAO","TARDE","Quarta-feira",0,1,1,0,0,0,0,2
"Pico","VIAS URBANAS","COLISAO","TARDE","Quarta-feira",0,2,0,0,0,0,0,2
"Fora do Pico","VIAS URBANAS","COLISAO","TARDE","Quarta-feira",0,1,0,1,0,0,0,2
"Fora do Pico","ESTRADAS E RODOVIAS","OUTROS","NOITE","Quarta-feira",0,3,0,0,0,0,0,3
"Fora do Pico","VIAS URBANAS","OUTROS","NOITE","Quarta-feira",0,0,1,0,0,0,0,1
"Fora do Pico","VIAS URBANAS","COLISAO","MADRUGADA","Quarta-feira",0,0,1,1,0,0,0,2
"Pico","VIAS URBANAS","COLISAO","MANHA","Quarta-feira",0,1,1,0,0,0,0,2
"Pico","VIAS URBANAS","COLISAO","MANHA","Quarta-feira",0,1,1,0,0,0,0,2
"Fora do Pico","VIAS URBANAS","COLISAO","MANHA","Quarta-feira",0,0,1,1,0,0,0,2
"Fora do Pico","VIAS URBANAS","COLISAO","MANHA","Quarta-feira",0,1,1,0,0,0,0,2
"Pico","VIAS URBANAS","NAO DISPONIVEL","MANHA","Quarta-feira",0,0,1,0,0,0,0,1
"Pico","VIAS URBANAS","COLISAO","TARDE","Quarta-feira",0,1,1,0,0,0,0,2
"Fora do Pico","VIAS URBANAS","COLISAO","TARDE","Quarta-feira",0,1,1,0,0,0,0,2
"Pico","ESTRADAS E RODOVIAS","COLISAO","TARDE","Quinta-feira",0,1,1,0,0,0,0,2
"Fora do Pico","VIAS URBANAS","COLISAO","NOITE","Quinta-feira",0,0,1,0,0,0,0,1
"Pico","VIAS URBANAS","ATROPELAMENTO","TARDE","Quinta-feira",1,0,0,0,0,1,0,1
"Fora do Pico","VIAS URBANAS","COLISAO","NOITE","Quinta-feira",0,1,0,0,0,0,1,1
"Fora do Pico","ESTRADAS E RODOVIAS","COLISAO","NOITE","Quinta-feira",1,0,2,0,0,0,0,2
"Fora do Pico","VIAS URBANAS","COLISAO","MANHA","Quinta-feira",0,1,1,0,0,0,0,2
"Fora do Pico","VIAS URBANAS","COLISAO","NOITE","Quinta-feira",0,1,1,0,0,0,0,2
"Fora do Pico","ESTRADAS E RODOVIAS","OUTROS","MANHA","Quinta-feira",0,7,0,0,3,0,0,13
"Fora do Pico","VIAS URBANAS","COLISAO","MADRUGADA","Quinta-feira",0,2,0,0,0,0,0,2
"Pico","VIAS URBANAS","COLISAO","TARDE","Quinta-feira",0,1,1,0,0,0,0,2
"Fora do Pico","VIAS URBANAS","CHOQUE","NOITE","Quinta-feira",0,1,0,0,0,0,0,1
"Pico","VIAS URBANAS","COLISAO","NOITE","Quinta-feira",0,1,1,0,0,0,0,2
"Fora do Pico","VIAS URBANAS","COLISAO","MADRUGADA","Quinta-feira",0,1,1,0,0,0,0,2
"Pico","VIAS URBANAS","COLISAO","MANHA","Quinta-feira",0,1,0,0,0,0,0,1
"Pico","ESTRADAS E RODOVIAS","COLISAO","MANHA","Quinta-feira",0,1,1,0,0,0,0,2
"Fora do Pico","VIAS URBANAS","NAO DISPONIVEL","MANHA","Quinta-feira",0,0,1,0,0,0,0,1
"Fora do Pico","ESTRADAS E RODOVIAS","COLISAO","MADRUGADA","Quinta-feira",0,1,1,0,0,0,0,2
"Pico","VIAS URBANAS","COLISAO","MANHA","Quinta-feira",0,1,1,0,0,0,0,2
"Fora do Pico","VIAS URBANAS","COLISAO","MADRUGADA","Quinta-feira",0,1,1,0,0,0,0,2
"Fora do Pico","VIAS URBANAS","COLISAO","TARDE","Quinta-feira",0,0,1,0,1,0,0,2
"Fora do Pico","NAO DISPONIVEL","COLISAO","MANHA","Sexta-feira",1,0,0,0,0,0,0,1
"Fora do Pico","VIAS URBANAS","CHOQUE","MANHA","Sexta-feira",0,0,1,0,0,0,0,1
"Fora do Pico","ESTRADAS E RODOVIAS","COLISAO","MANHA","Sexta-feira",1,1,0,0,1,0,0,2
"Fora do Pico","VIAS URBANAS","COLISAO","NOITE","Sexta-feira",0,3,0,0,0,0,0,3
"Pico","VIAS URBANAS","COLISAO","TARDE","Sexta-feira",0,0,1,0,0,0,0,1
"Fora do Pico","VIAS URBANAS","COLISAO","MADRUGADA","Sexta-feira",1,0,2,1,0,0,0,3
"Fora do Pico","VIAS URBANAS","NAO DISPONIVEL","TARDE","Sexta-feira",0,0,1,0,0,0,0,1
"Fora do Pico","ESTRADAS E RODOVIAS","COLISAO","MANHA","Sexta-feira",0,1,1,0,0,0,0,2
"Fora do Pico","VIAS URBANAS","ATROPELAMENTO","TARDE","Sexta-feira",0,1,0,0,0,1,0,1
"Pico","VIAS URBANAS","COLISAO","TARDE","Sexta-feira",1,0,0,0,0,0,1,0
"Fora do Pico","VIAS URBANAS","COLISAO","MADRUGADA","Sexta-feira",0,0,2,0,0,0,0,2
"Fora do Pico","VIAS URBANAS","NAO DISPONIVEL","TARDE","Sexta-feira",0,0,1,0,0,0,0,1
"Fora do Pico","VIAS URBANAS","ATROPELAMENTO","NOITE","Sexta-feira",0,1,0,0,0,1,0,1
"Fora do Pico","VIAS URBANAS","ATROPELAMENTO","TARDE","Sexta-feira",0,1,0,0,0,1,0,1
"Fora do Pico","VIAS URBANAS","COLISAO","TARDE","Sexta-feira",0,1,1,0,0,0,0,2
"Fora do Pico","VIAS URBANAS","OUTROS","TARDE","Sexta-feira",0,0,1,0,0,0,0,1
"Fora do Pico","VIAS URBANAS","OUTROS","TARDE","Sexta-feira",0,0,1,0,0,0,0,1
"Pico","VIAS URBANAS","COLISAO","TARDE","Sexta-feira",0,1,1,0,0,0,0,2
"Pico","VIAS URBANAS","COLISAO","TARDE","Sexta-feira",0,1,1,0,0,0,0,2
"Fora do Pico","VIAS URBANAS","COLISAO","NOITE","Sexta-feira",0,1,0,0,0,0,0,1
"Fora do Pico","VIAS URBANAS","COLISAO","NOITE","Sexta-feira",0,1,0,0,0,0,1,1
"Pico","VIAS URBANAS","COLISAO","MANHA","Sexta-feira",0,1,0,0,0,0,1,1
"Pico","VIAS URBANAS","COLISAO","MANHA","Sexta-feira",0,1,1,0,0,0,0,2
"Fora do Pico","VIAS URBANAS","COLISAO","MANHA","Sexta-feira",0,1,1,0,0,0,0,2
"Fora do Pico","ESTRADAS E RODOVIAS","COLISAO","MADRUGADA","Sexta-feira",0,0,0,0,2,0,0,4
"Fora do Pico","ESTRADAS E RODOVIAS","COLISAO","MANHA","Sexta-feira",0,1,1,0,0,0,0,2
"Pico","VIAS URBANAS","COLISAO","MANHA","Sexta-feira",0,1,1,0,0,0,0,2
"Pico","VIAS URBANAS","ATROPELAMENTO","TARDE","Sexta-feira",0,0,0,0,0,2,0,0
"Pico","VIAS URBANAS","COLISAO","TARDE","Sexta-feira",0,1,0,0,0,0,1,1
"Pico","ESTRADAS E RODOVIAS","COLISAO","TARDE","Sexta-feira",0,1,1,0,0,0,0,2
"Fora do Pico","VIAS URBANAS","ATROPELAMENTO","TARDE","Sexta-feira",0,0,1,0,0,1,0,1
"Fora do Pico","VIAS URBANAS","CHOQUE","NOITE","Sábado",0,1,0,0,0,0,0,1
"Fora do Pico","ESTRADAS E RODOVIAS","OUTROS","MADRUGADA","Sábado",1,2,1,0,1,0,0,4
"Fora do Pico","ESTRADAS E RODOVIAS","CHOQUE","MADRUGADA","Sábado",1,0,1,0,0,0,0,1
"Fora do Pico","VIAS URBANAS","COLISAO","MANHA","Sábado",0,0,1,1,0,0,0,2
"Fora do Pico","VIAS URBANAS","COLISAO","NOITE","Sábado",0,1,1,0,0,0,0,2
"Pico","VIAS URBANAS","COLISAO","NOITE","Sábado",0,1,0,0,0,0,0,1
"Fora do Pico","VIAS URBANAS","COLISAO","MANHA","Sábado",0,2,0,0,0,0,0,2
"Fora do Pico","VIAS URBANAS","COLISAO","TARDE","Sábado",0,1,1,0,0,0,0,2
"Fora do Pico","VIAS URBANAS","OUTROS","MADRUGADA","Sábado",0,1,0,0,0,0,0,1
"Fora do Pico","VIAS URBANAS","COLISAO","MANHA","Sábado",0,0,1,0,0,0,0,1
"Pico","VIAS URBANAS","COLISAO","TARDE","Sábado",0,1,0,0,0,0,1,1
"Pico","VIAS URBANAS","COLISAO","TARDE","Sábado",0,0,2,0,0,0,0,2
"Fora do Pico","VIAS URBANAS","COLISAO","TARDE","Sábado",0,1,1,0,0,0,0,2
"Fora do Pico","ESTRADAS E RODOVIAS","OUTROS","TARDE","Sábado",0,0,1,0,0,0,0,1
"Fora do Pico","VIAS URBANAS","COLISAO","TARDE","Sábado",0,1,1,0,0,0,0,2
"Fora do Pico","VIAS URBANAS","COLISAO","TARDE","Sábado",0,1,1,0,0,0,0,2
"Pico","VIAS URBANAS","COLISAO","NOITE","Sábado",0,2,0,0,0,0,0,2
"Pico","VIAS URBANAS","COLISAO","NOITE","Sábado",0,2,0,0,0,0,0,2
"Fora do Pico","VIAS URBANAS","COLISAO","NOITE","Sábado",0,1,1,0,0,0,0,2
"Fora do Pico","VIAS URBANAS","COLISAO","NOITE","Sábado",0,1,0,0,0,0,0,2
"Fora do Pico","VIAS URBANAS","ATROPELAMENTO","NOITE","Sábado",0,0,0,0,0,1,0,0
"Fora do Pico","VIAS URBANAS","COLISAO","MADRUGADA","Sábado",0,1,1,0,0,0,0,2
"Pico","ESTRADAS E RODOVIAS","COLISAO","TARDE","Sábado",0,0,1,0,0,0,1,1
"Pico","VIAS URBANAS","COLISAO","MANHA","Sábado",0,1,1,0,0,0,0,2
"Fora do Pico","VIAS URBANAS","COLISAO","MANHA","Sábado",0,2,0,0,0,0,0,2
"Fora do Pico","NAO DISPONIVEL","CHOQUE","MADRUGADA","Domingo",1,0,1,0,0,0,0,1
"Fora do Pico","VIAS URBANAS","COLISAO","TARDE","Domingo",0,1,1,0,0,0,0,2
"Fora do Pico","VIAS URBANAS","COLISAO","MANHA","Domingo",0,1,1,0,0,0,0,2
"Pico","VIAS URBANAS","COLISAO","NOITE","Domingo",0,1,1,0,0,0,0,2
"Fora do Pico","VIAS URBANAS","COLISAO","NOITE","Domingo",0,0,1,0,0,0,0,1
"Fora do Pico","VIAS URBANAS","COLISAO","NOITE","Domingo",0,2,0,0,0,0,0,2
"Fora do Pico","VIAS URBANAS","OUTROS","MADRUGADA","Domingo",0,0,1,0,0,0,0,1
"Fora do Pico","VIAS URBANAS","COLISAO","MANHA","Domingo",0,1,1,0,0,0,0,2
"Pico","VIAS URBANAS","CHOQUE","NOITE","Domingo",0,1,0,0,0,0,0,1
"Fora do Pico","VIAS URBANAS","COLISAO","NOITE","Domingo",0,1,1,0,0,0,0,2
"Pico","VIAS URBANAS","COLISAO","NOITE","Domingo",0,2,0,0,0,0,0,2
"Pico","VIAS URBANAS","NAO DISPONIVEL","TARDE","Domingo",0,0,1,0,0,0,0,1
"Pico","VIAS URBANAS","COLISAO","TARDE","Domingo",0,1,1,0,0,0,0,2
"Fora do Pico","VIAS URBANAS","COLISAO","TARDE","Domingo",0,0,1,0,0,0,1,1
"Fora do Pico","VIAS URBANAS","OUTROS","TARDE","Domingo",0,0,1,0,0,0,0,1
"Pico","VIAS URBANAS","OUTROS","TARDE","Domingo",0,1,0,0,0,0,0,1
"Pico","VIAS URBANAS","COLISAO","NOITE","Domingo",0,1,0,0,0,0,0,1
"Pico","ESTRADAS E RODOVIAS","CHOQUE","NOITE","Domingo",0,1,0,0,0,0,0,1
"Fora do Pico","VIAS URBANAS","OUTROS","NOITE","Domingo",0,0,1,0,0,0,0,1
"Fora do Pico","VIAS URBANAS","COLISAO","NOITE","Domingo",0,1,1,0,0,0,0,2
"Fora do Pico","VIAS URBANAS","OUTROS","MADRUGADA","Domingo",0,0,1,0,0,0,0,1
"Pico","VIAS URBANAS","OUTROS","MANHA","Domingo",0,0,1,0,0,0,0,1
"Pico","ESTRADAS E RODOVIAS","COLISAO","TARDE","Segunda-feira",0,0,1,1,0,0,0,2
"Pico","ESTRADAS E RODOVIAS","COLISAO","MANHA","Segunda-feira",0,2,1,0,0,0,0,3
"Fora do Pico","VIAS URBANAS","OUTROS","MANHA","Segunda-feira",0,0,1,0,0,0,0,1
"Pico","VIAS URBANAS","COLISAO","NOITE","Segunda-feira",1,1,1,1,0,0,0,3
"Fora do Pico","ESTRADAS E RODOVIAS","NAO DISPONIVEL","NOITE","Segunda-feira",0,0,1,0,0,0,0,1
"Fora do Pico","ESTRADAS E RODOVIAS","OUTROS","MANHA","Segunda-feira",0,0,1,0,0,0,0,1
"Pico","ESTRADAS E RODOVIAS","COLISAO","MANHA","Segunda-feira",0,2,0,0,0,0,0,2
"Fora do Pico","VIAS URBANAS","CHOQUE","NOITE","Segunda-feira",1,1,1,0,0,0,0,2
"Fora do Pico","VIAS URBANAS","ATROPELAMENTO","TARDE","Segunda-feira",0,1,0,0,0,2,0,1
"Fora do Pico","VIAS URBANAS","ATROPELAMENTO","MADRUGADA","Segunda-feira",0,2,0,0,1,0,0,3
"Pico","VIAS URBANAS","COLISAO","MANHA","Segunda-feira",0,0,1,0,0,0,1,1
"Fora do Pico","VIAS URBANAS","CHOQUE","TARDE","Segunda-feira",0,3,0,0,0,0,0,3
"Fora do Pico","VIAS URBANAS","COLISAO","MADRUGADA","Segunda-feira",0,1,0,0,0,0,0,1
"Pico","VIAS URBANAS","CHOQUE","NOITE","Segunda-feira",0,0,1,0,0,0,0,1
"Fora do Pico","VIAS URBANAS","COLISAO","NOITE","Segunda-feira",0,0,1,0,0,0,0,1
"Fora do Pico","VIAS URBANAS","COLISAO","MADRUGADA","Segunda-feira",0,1,0,0,0,0,0,1
"Pico","VIAS URBANAS","COLISAO","MANHA","Segunda-feira",0,0,1,0,0,0,0,2
"Pico","ESTRADAS E RODOVIAS","COLISAO","MANHA","Segunda-feira",0,1,1,0,0,0,0,2
"Fora do Pico","VIAS URBANAS","COLISAO","MANHA","Segunda-feira",0,0,1,1,0,0,0,2
"Fora do Pico","VIAS URBANAS","COLISAO","MANHA","Segunda-feira",0,2,0,0,0,0,0,2
"Fora do Pico","ESTRADAS E RODOVIAS","COLISAO","MANHA","Segunda-feira",0,2,0,0,0,0,0,2
"Pico","ESTRADAS E RODOVIAS","OUTROS","TARDE","Segunda-feira",0,1,0,0,0,0,0,1
"Fora do Pico","VIAS URBANAS","COLISAO","TARDE","Segunda-feira",0,1,1,0,0,0,0,2
"Fora do Pico","VIAS URBANAS","COLISAO","NOITE","Terça-feira",0,1,0,0,0,0,0,1
"Fora do Pico","VIAS URBANAS","COLISAO","MANHA","Terça-feira",0,1,1,0,0,0,0,2
"Fora do Pico","VIAS URBANAS","ATROPELAMENTO","NOITE","Terça-feira",0,0,1,0,0,1,0,1
"Fora do Pico","VIAS URBANAS","COLISAO","TARDE","Terça-feira",0,1,1,0,0,0,0,2
"Pico","VIAS URBANAS","COLISAO","MANHA","Terça-feira",0,1,0,0,0,0,1,1
"Pico","ESTRADAS E RODOVIAS","CHOQUE","NOITE","Terça-feira",0,1,0,0,0,0,0,1
"Fora do Pico","VIAS URBANAS","COLISAO","MANHA","Terça-feira",0,1,1,0,0,0,0,2
"Pico","VIAS URBANAS","OUTROS","MANHA","Terça-feira",0,0,0,0,1,0,0,1
"Fora do Pico","VIAS URBANAS","COLISAO","TARDE","Terça-feira",0,2,0,0,0,0,0,2
"Fora do Pico","VIAS URBANAS","COLISAO","TARDE","Terça-feira",0,1,1,0,0,0,0,2
"Pico","ESTRADAS E RODOVIAS","COLISAO","TARDE","Terça-feira",0,1,1,0,0,0,0,2
"Pico","VIAS URBANAS","OUTROS","TARDE","Terça-feira",0,1,0,0,0,0,0,1
"Pico","VIAS URBANAS","OUTROS","TARDE","Terça-feira",0,0,1,0,0,0,0,1
"Pico","VIAS URBANAS","COLISAO","NOITE","Terça-feira",0,1,1,0,0,0,0,2
"Fora do Pico","VIAS URBANAS","OUTROS","NOITE","Terça-feira",0,0,0,0,1,0,0,2
"Fora do Pico","VIAS URBANAS","COLISAO","NOITE","Terça-feira",0,1,0,0,0,0,0,1
"Fora do Pico","VIAS URBANAS","COLISAO","MADRUGADA","Terça-feira",0,1,0,0,0,0,0,1
"Pico","VIAS URBANAS","COLISAO","MANHA","Terça-feira",0,1,1,0,0,0,0,2
"Pico","VIAS URBANAS","COLISAO","MANHA","Terça-feira",0,1,1,0,0,0,0,2
"Fora do Pico","VIAS URBANAS","COLISAO","MANHA","Terça-feira",0,1,1,0,0,0,0,2
"Fora do Pico","VIAS URBANAS","COLISAO","MANHA","Terça-feira",0,0,1,0,0,0,0,1
"Fora do Pico","ESTRADAS E RODOVIAS","COLISAO","TARDE","Terça-feira",0,1,0,0,1,0,0,2
"Pico","VIAS URBANAS","COLISAO","TARDE","Terça-feira",0,1,1,0,0,0,0,2
"Pico","ESTRADAS E RODOVIAS","COLISAO","TARDE","Terça-feira",0,1,1,0,0,0,0,2
"Fora do Pico","VIAS URBANAS","OUTROS","MADRUGADA","Terça-feira",0,0,1,0,0,0,0,1
"Fora do Pico","VIAS URBANAS","COLISAO","TARDE","Terça-feira",0,2,1,0,0,0,0,3
"Fora do Pico","VIAS URBANAS","CHOQUE","MADRUGADA","Quarta-feira",0,1,0,0,0,0,0,1
"Fora do Pico","VIAS URBANAS","OUTROS","MANHA","Quarta-feira",0,2,0,0,0,0,0,2
"Fora do Pico","VIAS URBANAS","COLISAO","TARDE","Quarta-feira",0,2,0,0,0,0,0,2
"Pico","VIAS URBANAS","COLISAO","TARDE","Quarta-feira",0,0,1,0,1,0,0,2
"Fora do Pico","VIAS URBANAS","OUTROS","MANHA","Quarta-feira",0,0,1,0,0,0,0,1
"Pico","VIAS URBANAS","COLISAO","MANHA","Quarta-feira",0,3,0,0,0,0,0,4
"Fora do Pico","VIAS URBANAS","COLISAO","TARDE","Quarta-feira",0,1,1,0,0,0,0,2
"Pico","VIAS URBANAS","NAO DISPONIVEL","TARDE","Quarta-feira",0,1,1,0,0,0,0,2
"Pico","VIAS URBANAS","COLISAO","TARDE","Quarta-feira",0,1,0,0,0,0,1,1
"Pico","VIAS URBANAS","COLISAO","NOITE","Quarta-feira",0,1,1,0,0,0,0,2
"Pico","ESTRADAS E RODOVIAS","COLISAO","MANHA","Quarta-feira",0,1,1,0,0,0,0,2
"Fora do Pico","VIAS URBANAS","ATROPELAMENTO","NOITE","Quarta-feira",0,0,1,0,0,1,0,1
"Fora do Pico","ESTRADAS E RODOVIAS","CHOQUE","MANHA","Quarta-feira",0,1,0,0,0,0,0,1
"Fora do Pico","VIAS URBANAS","COLISAO","NOITE","Quarta-feira",0,1,1,0,0,0,0,2
"Fora do Pico","VIAS URBANAS","COLISAO","NOITE","Quarta-feira",0,1,1,0,0,0,0,2
"Fora do Pico","VIAS URBANAS","COLISAO","MANHA","Quarta-feira",0,1,0,0,0,0,0,1
"Pico","VIAS URBANAS","OUTROS","MANHA","Quarta-feira",0,3,0,0,0,0,0,3
"Pico","VIAS URBANAS","COLISAO","MANHA","Quarta-feira",0,1,1,0,0,0,0,2
"Fora do Pico","ESTRADAS E RODOVIAS","COLISAO","MANHA","Quarta-feira",0,1,1,0,0,0,0,2
"Pico","VIAS URBANAS","COLISAO","TARDE","Quarta-feira",0,1,1,0,0,0,1,2
"Pico","ESTRADAS E RODOVIAS","CHOQUE","TARDE","Quarta-feira",0,0,0,1,0,0,0,1
"Fora do Pico","VIAS URBANAS","OUTROS","TARDE","Quarta-feira",0,1,1,0,0,0,0,2
"Fora do Pico","ESTRADAS E RODOVIAS","OUTROS","TARDE","Quarta-feira",0,0,1,0,0,0,0,1
"Fora do Pico","ESTRADAS E RODOVIAS","COLISAO","TARDE","Quinta-feira",0,1,1,0,0,0,0,2
"Fora do Pico","ESTRADAS E RODOVIAS","OUTROS","MANHA","Quinta-feira",0,0,1,0,0,0,0,1
"Pico","VIAS URBANAS","COLISAO","MANHA","Quinta-feira",0,1,1,0,0,0,0,2
"Fora do Pico","VIAS URBANAS","COLISAO","MADRUGADA","Quinta-feira",1,1,1,1,0,0,0,3
"Pico","VIAS URBANAS","CHOQUE","MANHA","Quinta-feira",1,0,1,0,0,0,0,1
"Fora do Pico","VIAS URBANAS","COLISAO","MANHA","Quinta-feira",0,1,1,0,0,0,0,2
"Fora do Pico","ESTRADAS E RODOVIAS","CHOQUE","MADRUGADA","Quinta-feira",0,1,0,0,0,0,0,1
"Fora do Pico","VIAS URBANAS","COLISAO","MANHA","Quinta-feira",0,1,1,0,0,0,0,2
"Fora do Pico","VIAS URBANAS","COLISAO","TARDE","Quinta-feira",0,1,1,0,0,0,0,2
"Fora do Pico","VIAS URBANAS","COLISAO","NOITE","Quinta-feira",0,1,1,0,0,0,0,2
"Pico","ESTRADAS E RODOVIAS","COLISAO","MANHA","Quinta-feira",0,1,1,0,0,0,0,2
"Fora do Pico","VIAS URBANAS","COLISAO","MANHA","Domingo",0,1,1,0,0,0,0,2
"Pico","ESTRADAS E RODOVIAS","COLISAO","TARDE","Domingo",0,2,0,0,0,0,0,2
"Fora do Pico","VIAS URBANAS","OUTROS","MANHA","Domingo",0,3,0,0,0,0,0,3
"Fora do Pico","ESTRADAS E RODOVIAS","CHOQUE","MADRUGADA","Domingo",0,1,0,0,0,0,0,1
"Fora do Pico","ESTRADAS E RODOVIAS","COLISAO","NOITE","Domingo",0,1,1,0,0,0,0,2
"Fora do Pico","ESTRADAS E RODOVIAS","COLISAO","TARDE","Domingo",0,2,0,0,0,0,0,3
"Fora do Pico","VIAS URBANAS","COLISAO","NOITE","Domingo",0,0,2,0,0,0,0,2
"Pico","VIAS URBANAS","COLISAO","MANHA","Domingo",0,2,0,0,0,0,0,2
"Pico","VIAS URBANAS","COLISAO","TARDE","Domingo",0,1,1,0,0,0,0,2
"Pico","ESTRADAS E RODOVIAS","CHOQUE","TARDE","Domingo",0,1,0,0,0,0,0,1
"Pico","VIAS URBANAS","OUTROS","NOITE","Domingo",0,0,1,0,0,0,0,1
"Pico","ESTRADAS E RODOVIAS","CHOQUE","NOITE","Domingo",0,1,0,0,0,0,0,1
"Fora do Pico","VIAS URBANAS","OUTROS","NOITE","Domingo",0,0,1,0,0,0,0,1
"Fora do Pico","VIAS URBANAS","COLISAO","NOITE","Domingo",0,1,1,0,0,0,0,2
"Fora do Pico","VIAS URBANAS","OUTROS","NOITE","Domingo",0,1,0,0,0,0,0,1
"Fora do Pico","VIAS URBANAS","COLISAO","NOITE","Domingo",0,2,0,0,1,0,0,3
"Fora do Pico","VIAS URBANAS","COLISAO","NOITE","Domingo",0,0,0,0,1,0,0,2
"Fora do Pico","ESTRADAS E RODOVIAS","COLISAO","NOITE","Domingo",0,1,0,0,0,0,0,1
"Fora do Pico","ESTRADAS E RODOVIAS","OUTROS","MADRUGADA","Domingo",0,0,1,0,0,0,0,1
"Fora do Pico","VIAS URBANAS","CHOQUE","MANHA","Domingo",0,1,0,0,0,0,0,1
"Pico","VIAS URBANAS","OUTROS","MANHA","Domingo",0,0,1,0,0,0,0,1
"Fora do Pico","VIAS URBANAS","OUTROS","MANHA","Segunda-feira",0,0,1,0,0,0,0,1
"Fora do Pico","VIAS URBANAS","OUTROS","NOITE","Segunda-feira",0,0,1,0,0,0,0,1
"Fora do Pico","VIAS URBANAS","COLISAO","MADRUGADA","Segunda-feira",0,1,1,0,0,0,0,2
"Fora do Pico","VIAS URBANAS","COLISAO","TARDE","Segunda-feira",0,0,1,1,0,0,0,2
"Fora do Pico","VIAS URBANAS","COLISAO","TARDE","Segunda-feira",0,1,0,1,0,0,0,2
"Fora do Pico","VIAS URBANAS","COLISAO","NOITE","Segunda-feira",0,1,1,0,0,0,0,2
"Pico","VIAS URBANAS","COLISAO","TARDE","Segunda-feira",0,1,0,0,0,0,0,1
"Pico","VIAS URBANAS","COLISAO","NOITE","Segunda-feira",0,1,1,0,0,0,0,2
"Pico","VIAS URBANAS","COLISAO","NOITE","Segunda-feira",0,1,1,0,0,0,0,2
"Fora do Pico","VIAS URBANAS","CHOQUE","MADRUGADA","Segunda-feira",0,0,1,0,0,0,0,1
"Fora do Pico","VIAS URBANAS","COLISAO","NOITE","Segunda-feira",0,0,1,0,0,0,0,1
"Fora do Pico","VIAS URBANAS","COLISAO","NOITE","Segunda-feira",0,0,1,1,0,0,0,2
"Pico","VIAS URBANAS","COLISAO","MANHA","Segunda-feira",0,2,0,0,0,0,0,2
"Pico","ESTRADAS E RODOVIAS","OUTROS","MANHA","Segunda-feira",0,0,1,0,0,0,0,1
"Fora do Pico","VIAS URBANAS","CHOQUE","MANHA","Segunda-feira",0,1,0,0,0,0,0,1
"Fora do Pico","VIAS URBANAS","COLISAO","MANHA","Segunda-feira",0,1,1,0,0,0,0,2
"Fora do Pico","VIAS URBANAS","COLISAO","MANHA","Segunda-feira",0,2,0,0,0,0,0,2
"Fora do Pico","VIAS URBANAS","COLISAO","MANHA","Segunda-feira",0,1,0,0,0,0,1,1
"Pico","VIAS URBANAS","ATROPELAMENTO","MANHA","Segunda-feira",0,3,0,0,0,0,0,3
"Pico","VIAS URBANAS","COLISAO","TARDE","Segunda-feira",0,0,2,0,0,0,0,2
"Fora do Pico","VIAS URBANAS","COLISAO","TARDE","Terça-feira",0,1,0,0,0,0,0,1
"Fora do Pico","VIAS URBANAS","COLISAO","TARDE","Terça-feira",0,1,0,0,0,0,0,2
"Pico","VIAS URBANAS","COLISAO","TARDE","Terça-feira",0,1,1,0,0,0,0,2
"Pico","VIAS URBANAS","COLISAO","TARDE","Terça-feira",1,0,1,0,1,0,0,2
"Pico","VIAS URBANAS","COLISAO","TARDE","Terça-feira",0,1,1,0,0,0,0,2
"Pico","VIAS URBANAS","COLISAO","TARDE","Terça-feira",0,0,2,0,0,0,0,2
"Fora do Pico","VIAS URBANAS","ATROPELAMENTO","NOITE","Terça-feira",0,1,0,0,0,1,0,1
"Fora do Pico","VIAS URBANAS","COLISAO","MADRUGADA","Terça-feira",0,1,0,0,0,0,0,1
"Fora do Pico","ESTRADAS E RODOVIAS","ATROPELAMENTO","TARDE","Terça-feira",0,1,0,0,0,0,0,1
"Pico","VIAS URBANAS","COLISAO","TARDE","Terça-feira",0,1,1,0,0,0,0,2
"Pico","VIAS URBANAS","COLISAO","NOITE","Terça-feira",0,0,1,0,0,0,1,1
"Pico","VIAS URBANAS","COLISAO","NOITE","Terça-feira",0,2,0,0,0,0,0,2
"Fora do Pico","VIAS URBANAS","COLISAO","NOITE","Terça-feira",0,0,1,0,0,0,1,1
"Pico","VIAS URBANAS","ATROPELAMENTO","MANHA","Terça-feira",0,0,1,0,0,2,0,1
"Pico","VIAS URBANAS","COLISAO","MANHA","Terça-feira",0,0,1,0,0,0,0,1
"Fora do Pico","VIAS URBANAS","COLISAO","MANHA","Terça-feira",0,1,1,0,0,0,0,2
"Pico","ESTRADAS E RODOVIAS","OUTROS","NOITE","Terça-feira",0,1,0,0,0,0,0,2
"Pico","ESTRADAS E RODOVIAS","OUTROS","MANHA","Terça-feira",0,0,1,0,0,0,0,1
"Fora do Pico","VIAS URBANAS","COLISAO","TARDE","Terça-feira",0,1,1,0,0,0,0,2
"Fora do Pico","VIAS URBANAS","COLISAO","NOITE","Quarta-feira",0,0,2,0,0,0,0,2
"Pico","ESTRADAS E RODOVIAS","COLISAO","MANHA","Quarta-feira",0,1,1,0,0,0,0,2
"Fora do Pico","ESTRADAS E RODOVIAS","CHOQUE","MANHA","Quarta-feira",0,0,0,0,1,0,0,1
"Pico","VIAS URBANAS","NAO DISPONIVEL","TARDE","Quarta-feira",0,0,1,0,0,0,0,1
"Fora do Pico","VIAS URBANAS","COLISAO","MANHA","Quarta-feira",0,0,0,1,0,0,0,1
"Fora do Pico","ESTRADAS E RODOVIAS","COLISAO","NOITE","Quarta-feira",1,1,0,0,2,0,0,3
"Fora do Pico","VIAS URBANAS","COLISAO","TARDE","Quarta-feira",0,1,1,0,0,0,0,2
"Fora do Pico","VIAS URBANAS","COLISAO","TARDE","Quarta-feira",0,1,1,0,0,0,0,2
"Fora do Pico","VIAS URBANAS","ATROPELAMENTO","TARDE","Quarta-feira",0,0,0,0,0,1,0,1
"Fora do Pico","ESTRADAS E RODOVIAS","COLISAO","NOITE","Quarta-feira",0,1,1,0,0,0,0,2
"Fora do Pico","VIAS URBANAS","COLISAO","TARDE","Quarta-feira",0,0,0,1,0,0,0,1
"Pico","VIAS URBANAS","COLISAO","TARDE","Quarta-feira",0,1,1,0,0,0,0,2
"Pico","VIAS URBANAS","COLISAO","NOITE","Quarta-feira",0,2,1,0,0,0,0,3
"Pico","ESTRADAS E RODOVIAS","COLISAO","NOITE","Quarta-feira",0,0,1,0,0,0,0,1
"Fora do Pico","VIAS URBANAS","CHOQUE","MADRUGADA","Quarta-feira",0,0,1,0,0,0,0,1
"Fora do Pico","VIAS URBANAS","ATROPELAMENTO","NOITE","Quarta-feira",0,1,1,0,0,0,0,2
"Fora do Pico","VIAS URBANAS","NAO DISPONIVEL","NOITE","Quarta-feira",0,0,1,0,0,0,0,1
"Fora do Pico","VIAS URBANAS","COLISAO","MADRUGADA","Quarta-feira",0,1,1,0,0,0,0,2
"Pico","VIAS URBANAS","OUTROS","MANHA","Quarta-feira",0,0,1,0,0,0,0,1
"Pico","VIAS URBANAS","COLISAO","MANHA","Quarta-feira",0,1,1,0,0,0,0,2
"Pico","ESTRADAS E RODOVIAS","COLISAO","MANHA","Quarta-feira",0,2,1,0,0,0,0,3
"Fora do Pico","VIAS URBANAS","ATROPELAMENTO","MANHA","Quarta-feira",0,0,1,0,0,0,1,1
"Fora do Pico","VIAS URBANAS","COLISAO","MADRUGADA","Quarta-feira",0,1,1,0,0,0,0,2
"Fora do Pico","VIAS URBANAS","COLISAO","MANHA","Quarta-feira",0,1,1,0,0,0,0,2
"Pico","VIAS URBANAS","COLISAO","TARDE","Quarta-feira",0,0,1,0,0,0,0,1
"Fora do Pico","VIAS URBANAS","NAO DISPONIVEL","TARDE","Quarta-feira",0,0,1,0,0,0,0,1
"Fora do Pico","VIAS URBANAS","COLISAO","TARDE","Quarta-feira",0,0,1,0,1,0,0,2
"Pico","VIAS URBANAS","COLISAO","TARDE","Quarta-feira",0,0,0,0,2,0,0,4
"Fora do Pico","VIAS URBANAS","COLISAO","TARDE","Quinta-feira",0,2,0,0,0,0,0,2
"Fora do Pico","ESTRADAS E RODOVIAS","COLISAO","NOITE","Quinta-feira",0,2,0,0,0,0,0,2
"Fora do Pico","VIAS URBANAS","OUTROS","MADRUGADA","Quinta-feira",1,0,1,0,0,0,0,1
"Pico","VIAS URBANAS","CHOQUE","MANHA","Quinta-feira",0,1,0,1,0,0,0,2
"Fora do Pico","VIAS URBANAS","ATROPELAMENTO","NOITE","Quinta-feira",1,1,1,0,0,1,0,2
"Pico","ESTRADAS E RODOVIAS","COLISAO","MANHA","Quinta-feira",0,2,0,0,0,0,0,2
"Pico","ESTRADAS E RODOVIAS","OUTROS","MANHA","Quinta-feira",0,0,1,0,0,0,0,1
"Pico","VIAS URBANAS","COLISAO","TARDE","Quinta-feira",0,2,0,0,0,0,0,2
"Fora do Pico","ESTRADAS E RODOVIAS","OUTROS","MANHA","Quinta-feira",0,1,0,0,0,0,0,1
"Pico","VIAS URBANAS","OUTROS","MANHA","Quinta-feira",0,3,0,0,0,0,0,3
"Fora do Pico","VIAS URBANAS","CHOQUE","TARDE","Quinta-feira",0,1,1,0,0,0,0,2
"Fora do Pico","ESTRADAS E RODOVIAS","COLISAO","MANHA","Quinta-feira",0,2,0,0,0,0,0,2
"Pico","VIAS URBANAS","COLISAO","TARDE","Quinta-feira",0,0,1,0,0,0,0,1
"Pico","VIAS URBANAS","NAO DISPONIVEL","TARDE","Quinta-feira",0,1,1,0,0,0,0,2
"Pico","VIAS URBANAS","COLISAO","NOITE","Quinta-feira",0,1,1,0,0,0,0,2
"Fora do Pico","ESTRADAS E RODOVIAS","COLISAO","NOITE","Quinta-feira",0,1,0,0,0,0,1,1
"Fora do Pico","VIAS URBANAS","COLISAO","NOITE","Quinta-feira",0,1,1,0,0,0,0,2
"Fora do Pico","VIAS URBANAS","COLISAO","MADRUGADA","Quinta-feira",0,1,0,0,0,0,0,1
"Pico","VIAS URBANAS","COLISAO","MANHA","Quinta-feira",0,1,1,0,0,0,0,2
"Pico","VIAS URBANAS","COLISAO","MANHA","Quinta-feira",0,1,1,0,0,0,0,2
"Fora do Pico","ESTRADAS E RODOVIAS","COLISAO","MANHA","Quinta-feira",0,1,0,0,1,0,0,3
"Pico","VIAS URBANAS","COLISAO","TARDE","Quinta-feira",0,1,1,0,0,0,0,2
"Pico","VIAS URBANAS","COLISAO","TARDE","Quinta-feira",0,1,0,0,0,0,0,1
"Fora do Pico","VIAS URBANAS","COLISAO","TARDE","Quinta-feira",0,0,1,1,0,0,0,2
"Fora do Pico","VIAS URBANAS","COLISAO","TARDE","Sexta-feira",1,1,1,0,0,0,0,2
"Fora do Pico","ESTRADAS E RODOVIAS","COLISAO","MADRUGADA","Sexta-feira",0,0,1,0,0,0,0,1
"Pico","ESTRADAS E RODOVIAS","COLISAO","TARDE","Sexta-feira",0,0,1,0,0,0,0,1
"Pico","VIAS URBANAS","COLISAO","NOITE","Sexta-feira",1,1,1,0,0,0,0,2
"Pico","VIAS URBANAS","COLISAO","MANHA","Sexta-feira",0,1,1,0,0,0,0,2
"Pico","VIAS URBANAS","COLISAO","MANHA","Sexta-feira",0,1,2,0,0,0,0,3
"Pico","ESTRADAS E RODOVIAS","OUTROS","TARDE","Sexta-feira",0,1,0,0,0,0,0,1
"Pico","ESTRADAS E RODOVIAS","COLISAO","TARDE","Sexta-feira",0,0,0,0,2,0,0,4
"Pico","ESTRADAS E RODOVIAS","CHOQUE","MANHA","Sexta-feira",0,0,0,0,1,0,0,1
"Fora do Pico","VIAS URBANAS","OUTROS","NOITE","Sexta-feira",0,0,1,0,0,0,0,1
"Fora do Pico","VIAS URBANAS","COLISAO","TARDE","Sexta-feira",0,1,1,0,0,0,0,2
"Fora do Pico","VIAS URBANAS","COLISAO","TARDE","Sexta-feira",0,1,1,0,0,0,0,2
"Fora do Pico","VIAS URBANAS","COLISAO","TARDE","Sexta-feira",0,1,1,0,0,0,0,2
"Fora do Pico","VIAS URBANAS","COLISAO","TARDE","Sexta-feira",0,1,1,0,0,0,0,2
"Fora do Pico","VIAS URBANAS","COLISAO","MADRUGADA","Sexta-feira",0,2,0,0,0,0,0,2
"Fora do Pico","VIAS URBANAS","COLISAO","TARDE","Sexta-feira",0,1,1,0,0,0,0,2
"Pico","VIAS URBANAS","COLISAO","TARDE","Sexta-feira",0,1,0,0,0,0,0,1
"Pico","ESTRADAS E RODOVIAS","ATROPELAMENTO","NOITE","Sexta-feira",0,1,0,0,0,1,0,1
"Pico","VIAS URBANAS","OUTROS","MANHA","Sexta-feira",0,0,1,0,0,0,0,1
"Pico","VIAS URBANAS","COLISAO","MANHA","Sexta-feira",0,1,1,0,0,0,0,2
"Fora do Pico","VIAS URBANAS","COLISAO","MANHA","Sexta-feira",0,1,1,0,0,0,0,2
"Pico","ESTRADAS E RODOVIAS","COLISAO","MANHA","Sexta-feira",0,0,1,0,1,0,0,2
"Fora do Pico","VIAS URBANAS","COLISAO","MANHA","Sexta-feira",0,1,1,0,0,0,0,2
"Pico","VIAS URBANAS","COLISAO","TARDE","Sexta-feira",0,0,0,0,1,0,0,1
"Pico","VIAS URBANAS","COLISAO","TARDE","Sexta-feira",0,1,1,0,0,0,0,2
"Pico","VIAS URBANAS","COLISAO","TARDE","Sexta-feira",0,1,0,0,0,0,1,1
"Pico","ESTRADAS E RODOVIAS","COLISAO","TARDE","Sábado",0,1,1,0,0,0,0,2
"Fora do Pico","ESTRADAS E RODOVIAS","CHOQUE","NOITE","Sábado",0,1,0,0,0,0,0,1
"Fora do Pico","VIAS URBANAS","OUTROS","NOITE","Sábado",1,1,0,0,0,0,0,1
"Fora do Pico","VIAS URBANAS","COLISAO","MANHA","Sábado",0,2,0,0,0,0,0,2
"Pico","VIAS URBANAS","COLISAO","NOITE","Sábado",1,1,1,1,0,0,0,3
"Fora do Pico","VIAS URBANAS","COLISAO","NOITE","Sábado",0,2,0,0,0,0,0,2
"Fora do Pico","VIAS URBANAS","COLISAO","MANHA","Sábado",0,1,1,0,0,0,0,2
"Fora do Pico","VIAS URBANAS","COLISAO","MADRUGADA","Sábado",0,1,0,1,0,0,0,2
"Fora do Pico","VIAS URBANAS","COLISAO","MANHA","Sábado",0,1,1,0,0,0,0,2
"Fora do Pico","ESTRADAS E RODOVIAS","NAO DISPONIVEL","NOITE","Sábado",0,1,0,0,0,0,1,1
"Fora do Pico","ESTRADAS E RODOVIAS","OUTROS","TARDE","Sábado",0,0,1,0,0,0,0,1
"Fora do Pico","ESTRADAS E RODOVIAS","OUTROS","TARDE","Sábado",0,0,1,0,0,0,0,1
"Pico","VIAS URBANAS","COLISAO","MANHA","Sábado",0,1,1,0,0,0,0,2
"Pico","VIAS URBANAS","CHOQUE","MANHA","Sábado",0,1,0,0,0,0,0,1
"Pico","ESTRADAS E RODOVIAS","CHOQUE","NOITE","Sábado",0,0,1,0,0,0,0,1
"Pico","VIAS URBANAS","CHOQUE","TARDE","Sábado",0,1,1,0,0,0,0,2
"Fora do Pico","VIAS URBANAS","COLISAO","NOITE","Sábado",0,1,1,0,0,0,0,2
"Pico","VIAS URBANAS","COLISAO","TARDE","Sábado",0,1,0,0,0,0,1,1
"Fora do Pico","VIAS URBANAS","COLISAO","TARDE","Sábado",0,2,0,0,0,0,0,2
"Fora do Pico","VIAS URBANAS","COLISAO","TARDE","Sábado",0,1,1,0,0,0,0,2
"Pico","VIAS URBANAS","COLISAO","TARDE","Sábado",0,0,2,0,0,0,0,2
"Pico","VIAS URBANAS","COLISAO","NOITE","Sábado",0,1,1,0,0,0,0,2
"Pico","VIAS URBANAS","ATROPELAMENTO","NOITE","Sábado",0,3,0,0,0,1,0,3
"Fora do Pico","VIAS URBANAS","COLISAO","NOITE","Sábado",0,1,1,0,0,0,0,2
"Fora do Pico","VIAS URBANAS","ATROPELAMENTO","NOITE","Sábado",0,0,0,1,0,1,0,1
"Fora do Pico","VIAS URBANAS","COLISAO","NOITE","Sábado",0,2,0,0,0,0,0,2
"Fora do Pico","VIAS URBANAS","COLISAO","MADRUGADA","Sábado",0,1,1,0,0,0,0,2
"Pico","VIAS URBANAS","OUTROS","MANHA","Sábado",0,0,1,0,0,0,0,1
"Pico","VIAS URBANAS","COLISAO","MANHA","Sábado",0,1,1,0,0,0,0,2
"Fora do Pico","VIAS URBANAS","COLISAO","MANHA","Sábado",0,2,0,0,0,0,0,2
"Fora do Pico","VIAS URBANAS","COLISAO","MANHA","Sábado",0,0,1,0,0,0,0,2
"Pico","VIAS URBANAS","CHOQUE","MANHA","Domingo",0,1,0,0,0,0,0,1
"Fora do Pico","VIAS URBANAS","OUTROS","NOITE","Domingo",0,1,0,0,0,0,0,1
"Pico","ESTRADAS E RODOVIAS","COLISAO","TARDE","Domingo",0,1,1,0,0,0,0,2
"Fora do Pico","VIAS URBANAS","ATROPELAMENTO","MADRUGADA","Domingo",1,1,0,0,0,1,0,1
"Pico","ESTRADAS E RODOVIAS","CHOQUE","TARDE","Domingo",1,1,0,0,0,0,0,1
"Fora do Pico","VIAS URBANAS","CHOQUE","NOITE","Domingo",0,1,0,0,0,0,0,1
"Pico","VIAS URBANAS","COLISAO","MANHA","Domingo",0,1,2,0,0,0,0,3
"Fora do Pico","VIAS URBANAS","COLISAO","NOITE","Domingo",0,2,0,0,0,0,0,2
"Fora do Pico","VIAS URBANAS","OUTROS","NOITE","Domingo",0,1,1,0,0,0,0,2
"Pico","VIAS URBANAS","CHOQUE","NOITE","Domingo",0,2,0,0,0,0,0,2
"Fora do Pico","VIAS URBANAS","ATROPELAMENTO","MANHA","Domingo",0,1,0,0,0,1,0,1
"Fora do Pico","VIAS URBANAS","CHOQUE","MANHA","Domingo",0,1,1,0,0,0,0,2
"Fora do Pico","VIAS URBANAS","COLISAO","NOITE","Domingo",0,1,0,0,0,0,1,1
"Pico","VIAS URBANAS","ATROPELAMENTO","TARDE","Domingo",0,0,1,0,0,2,0,1
"Fora do Pico","VIAS URBANAS","COLISAO","TARDE","Domingo",0,1,1,0,0,0,0,2
"Fora do Pico","VIAS URBANAS","OUTROS","TARDE","Domingo",0,0,1,0,0,0,0,1
"Fora do Pico","VIAS URBANAS","COLISAO","TARDE","Domingo",0,1,1,0,0,0,0,2
"Fora do Pico","VIAS URBANAS","CHOQUE","TARDE","Domingo",0,1,0,0,0,0,0,1
"Pico","VIAS URBANAS","COLISAO","NOITE","Domingo",0,1,1,0,0,0,0,2
"Fora do Pico","VIAS URBANAS","COLISAO","NOITE","Domingo",0,1,0,0,0,0,0,1
"Fora do Pico","VIAS URBANAS","COLISAO","NOITE","Domingo",0,1,1,0,0,0,0,2
"Fora do Pico","VIAS URBANAS","ATROPELAMENTO","MADRUGADA","Domingo",0,0,1,0,0,1,0,1
"Fora do Pico","VIAS URBANAS","COLISAO","MADRUGADA","Domingo",0,1,0,0,0,0,0,1
"Fora do Pico","ESTRADAS E RODOVIAS","CHOQUE","MADRUGADA","Domingo",0,1,0,0,0,0,0,1
"Fora do Pico","ESTRADAS E RODOVIAS","CHOQUE","MANHA","Domingo",0,1,0,0,0,0,0,1
"Pico","VIAS URBANAS","CHOQUE","MANHA","Domingo",0,1,0,0,0,0,0,1
"Fora do Pico","VIAS URBANAS","COLISAO","MANHA","Domingo",0,2,0,0,0,0,0,2
"Fora do Pico","ESTRADAS E RODOVIAS","CHOQUE","TARDE","Segunda-feira",0,0,2,0,0,0,0,2
"Fora do Pico","VIAS URBANAS","OUTROS","MANHA","Segunda-feira",0,0,0,0,0,0,1,1
"Fora do Pico","VIAS URBANAS","OUTROS","TARDE","Segunda-feira",1,0,0,0,0,0,1,0
"Fora do Pico","ESTRADAS E RODOVIAS","CHOQUE","MANHA","Segunda-feira",1,1,0,1,0,0,0,2
"Fora do Pico","VIAS URBANAS","COLISAO","MADRUGADA","Segunda-feira",0,1,0,0,0,0,0,1
"Fora do Pico","VIAS URBANAS","OUTROS","MADRUGADA","Segunda-feira",1,0,1,0,0,0,0,1
"Fora do Pico","VIAS URBANAS","COLISAO","MANHA","Segunda-feira",0,1,1,0,0,0,0,2
"Fora do Pico","VIAS URBANAS","COLISAO","MANHA","Segunda-feira",0,1,1,0,0,0,0,2
"Fora do Pico","ESTRADAS E RODOVIAS","COLISAO","MADRUGADA","Segunda-feira",0,1,1,0,0,0,0,2
"Fora do Pico","VIAS URBANAS","COLISAO","TARDE","Segunda-feira",0,0,1,0,0,0,0,1
"Fora do Pico","VIAS URBANAS","COLISAO","TARDE","Segunda-feira",0,0,1,1,0,0,0,2
"Fora do Pico","VIAS URBANAS","COLISAO","TARDE","Segunda-feira",0,1,1,0,0,0,0,2
"Fora do Pico","VIAS URBANAS","COLISAO","TARDE","Segunda-feira",0,1,1,0,0,0,0,2
"Pico","VIAS URBANAS","COLISAO","MANHA","Segunda-feira",0,1,1,0,0,0,0,2
"Fora do Pico","VIAS URBANAS","COLISAO","MADRUGADA","Segunda-feira",0,2,0,0,0,0,0,2
"Pico","VIAS URBANAS","COLISAO","TARDE","Segunda-feira",0,1,1,0,0,0,0,2
"Pico","VIAS URBANAS","NAO DISPONIVEL","NOITE","Segunda-feira",0,0,1,0,1,0,0,2
"Fora do Pico","VIAS URBANAS","COLISAO","NOITE","Segunda-feira",0,1,1,0,0,0,0,2
"Fora do Pico","VIAS URBANAS","COLISAO","NOITE","Segunda-feira",0,1,1,0,0,0,0,2
"Pico","VIAS URBANAS","COLISAO","MANHA","Segunda-feira",0,1,1,0,0,0,0,2
"Pico","ESTRADAS E RODOVIAS","COLISAO","MANHA","Segunda-feira",0,1,1,0,0,0,0,2
"Fora do Pico","VIAS URBANAS","COLISAO","MANHA","Segunda-feira",0,1,0,0,0,0,0,1
"Pico","ESTRADAS E RODOVIAS","COLISAO","MANHA","Segunda-feira",0,0,1,0,0,0,0,1
"Fora do Pico","VIAS URBANAS","COLISAO","MANHA","Segunda-feira",0,1,1,0,0,0,0,2
"Fora do Pico","VIAS URBANAS","CHOQUE","MANHA","Segunda-feira",0,1,0,0,0,0,0,1
"Pico","VIAS URBANAS","COLISAO","TARDE","Segunda-feira",0,1,1,0,0,0,0,2
"Pico","VIAS URBANAS","COLISAO","TARDE","Segunda-feira",0,1,1,0,0,0,0,2
"Fora do Pico","VIAS URBANAS","COLISAO","TARDE","Segunda-feira",0,1,1,0,0,0,0,2
"Pico","ESTRADAS E RODOVIAS","COLISAO","NOITE","Terça-feira",0,2,0,0,0,0,0,2
"Pico","ESTRADAS E RODOVIAS","OUTROS","MANHA","Terça-feira",0,0,1,0,0,0,0,1
"Pico","ESTRADAS E RODOVIAS","OUTROS","TARDE","Terça-feira",0,0,1,0,0,0,0,2
"Fora do Pico","VIAS URBANAS","COLISAO","MANHA","Terça-feira",0,0,1,0,0,0,0,1
"Fora do Pico","VIAS URBANAS","COLISAO","TARDE","Terça-feira",0,1,0,0,0,0,0,1
"Fora do Pico","VIAS URBANAS","COLISAO","MANHA","Terça-feira",0,1,0,0,0,0,0,1
"Fora do Pico","VIAS URBANAS","ATROPELAMENTO","MANHA","Terça-feira",0,1,0,0,0,1,0,1
"Fora do Pico","VIAS URBANAS","ATROPELAMENTO","MANHA","Terça-feira",0,0,1,0,0,2,0,1
"Pico","ESTRADAS E RODOVIAS","COLISAO","TARDE","Terça-feira",0,1,0,0,1,0,0,3
"Pico","VIAS URBANAS","COLISAO","TARDE","Terça-feira",0,1,1,0,0,0,0,2
"Pico","VIAS URBANAS","COLISAO","TARDE","Terça-feira",0,1,1,0,0,0,0,2
"Pico","VIAS URBANAS","COLISAO","NOITE","Terça-feira",0,1,1,0,0,0,0,2
"Pico","VIAS URBANAS","COLISAO","NOITE","Terça-feira",0,0,1,1,0,0,0,2
"Fora do Pico","VIAS URBANAS","ATROPELAMENTO","NOITE","Terça-feira",0,0,1,0,0,1,0,1
"Fora do Pico","VIAS URBANAS","COLISAO","NOITE","Terça-feira",0,1,1,0,0,0,0,2
"Fora do Pico","VIAS URBANAS","COLISAO","MADRUGADA","Terça-feira",0,0,1,0,0,0,0,1
"Pico","ESTRADAS E RODOVIAS","OUTROS","MANHA","Terça-feira",0,0,1,0,0,0,0,1
"Pico","ESTRADAS E RODOVIAS","COLISAO","MANHA","Terça-feira",0,0,1,0,0,0,0,1
"Fora do Pico","VIAS URBANAS","CHOQUE","MADRUGADA","Terça-feira",0,1,0,0,0,0,0,1
"Fora do Pico","ESTRADAS E RODOVIAS","OUTROS","MADRUGADA","Terça-feira",0,1,0,0,0,0,0,1
"Pico","ESTRADAS E RODOVIAS","CHOQUE","TARDE","Terça-feira",0,1,0,0,1,0,0,3
"Fora do Pico","VIAS URBANAS","COLISAO","TARDE","Terça-feira",0,2,0,0,0,0,0,2
"Fora do Pico","VIAS URBANAS","COLISAO","TARDE","Terça-feira",0,1,1,0,0,0,0,2
"Fora do Pico","VIAS URBANAS","ATROPELAMENTO","MANHA","Quarta-feira",1,1,0,0,0,1,0,1
"Pico","ESTRADAS E RODOVIAS","COLISAO","TARDE","Quarta-feira",0,1,1,0,0,0,0,2
"Fora do Pico","VIAS URBANAS","ATROPELAMENTO","TARDE","Quarta-feira",1,0,0,0,0,1,0,1
"Fora do Pico","ESTRADAS E RODOVIAS","COLISAO","TARDE","Quarta-feira",0,2,0,0,0,0,0,2
"Fora do Pico","ESTRADAS E RODOVIAS","COLISAO","MANHA","Quarta-feira",0,1,1,0,0,0,0,2
"Fora do Pico","VIAS URBANAS","COLISAO","MANHA","Quarta-feira",0,1,1,0,0,0,0,2
"Pico","VIAS URBANAS","NAO DISPONIVEL","MANHA","Quarta-feira",0,0,1,0,0,0,0,1
"Fora do Pico","VIAS URBANAS","COLISAO","MANHA","Quarta-feira",0,2,0,0,0,0,0,2
"Pico","VIAS URBANAS","COLISAO","NOITE","Quarta-feira",0,1,1,0,0,0,0,2
"Pico","VIAS URBANAS","COLISAO","NOITE","Quarta-feira",0,1,1,0,0,0,0,2
"Pico","VIAS URBANAS","OUTROS","TARDE","Quarta-feira",0,0,1,0,0,0,0,1
"Fora do Pico","VIAS URBANAS","OUTROS","NOITE","Quarta-feira",0,0,1,0,0,0,0,1
"Fora do Pico","VIAS URBANAS","OUTROS","NOITE","Quarta-feira",0,0,0,0,0,0,0,1
"Fora do Pico","ESTRADAS E RODOVIAS","OUTROS","NOITE","Quarta-feira",0,1,0,0,0,0,0,1
"Pico","VIAS URBANAS","COLISAO","MANHA","Quarta-feira",0,1,1,0,0,0,0,2
"Fora do Pico","ESTRADAS E RODOVIAS","CHOQUE","MANHA","Quarta-feira",0,1,0,0,0,0,0,1
"Fora do Pico","VIAS URBANAS","COLISAO","MANHA","Quarta-feira",0,0,1,0,0,0,0,1
"Pico","VIAS URBANAS","COLISAO","TARDE","Quarta-feira",0,0,2,0,0,0,0,2
"Pico","VIAS URBANAS","COLISAO","TARDE","Quarta-feira",0,1,1,0,0,0,0,2
"Fora do Pico","VIAS URBANAS","CHOQUE","TARDE","Quarta-feira",0,1,1,0,0,0,0,2
"Fora do Pico","VIAS URBANAS","COLISAO","TARDE","Quarta-feira",0,1,1,0,0,0,0,2
"Fora do Pico","VIAS URBANAS","OUTROS","NOITE","Quinta-feira",1,0,1,0,0,0,0,1
"Pico","VIAS URBANAS","ATROPELAMENTO","TARDE","Quinta-feira",1,0,1,0,0,1,0,1
"Pico","VIAS URBANAS","OUTROS","MANHA","Quinta-feira",0,1,0,0,0,0,0,1
"Fora do Pico","VIAS URBANAS","NAO DISPONIVEL","MANHA","Quinta-feira",0,0,1,0,0,0,0,1
"Fora do Pico","VIAS URBANAS","COLISAO","NOITE","Quinta-feira",0,1,1,0,0,0,0,2
"Fora do Pico","VIAS URBANAS","COLISAO","TARDE","Quinta-feira",0,1,1,0,0,0,0,2
"Pico","VIAS URBANAS","COLISAO","TARDE","Quinta-feira",0,1,1,0,0,0,0,2
"Fora do Pico","VIAS URBANAS","COLISAO","NOITE","Quinta-feira",0,1,1,0,0,0,0,2
"Pico","VIAS URBANAS","COLISAO","NOITE","Quinta-feira",0,0,1,0,1,0,0,2
"Fora do Pico","VIAS URBANAS","OUTROS","NOITE","Quinta-feira",0,0,1,0,0,0,0,1
"Fora do Pico","ESTRADAS E RODOVIAS","CHOQUE","MANHA","Domingo",0,1,0,0,0,0,0,1
"Pico","VIAS URBANAS","COLISAO","MANHA","Domingo",0,1,0,0,0,0,1,1
"Fora do Pico","VIAS URBANAS","COLISAO","MANHA","Domingo",0,0,1,0,0,0,0,2
"Fora do Pico","ESTRADAS E RODOVIAS","COLISAO","TARDE","Domingo",0,1,1,0,0,0,0,2
"Pico","VIAS URBANAS","COLISAO","NOITE","Domingo",0,1,1,0,0,0,0,2
"Fora do Pico","VIAS URBANAS","COLISAO","MADRUGADA","Domingo",0,1,0,0,0,0,0,1
"Pico","ESTRADAS E RODOVIAS","CHOQUE","MANHA","Domingo",0,0,1,0,0,0,0,1
"Pico","VIAS URBANAS","COLISAO","MANHA","Domingo",0,1,1,0,0,0,0,2
"Pico","VIAS URBANAS","COLISAO","TARDE","Domingo",0,1,1,0,0,0,0,2
"Fora do Pico","VIAS URBANAS","OUTROS","TARDE","Domingo",0,1,1,0,0,0,0,2
"Fora do Pico","VIAS URBANAS","COLISAO","TARDE","Domingo",0,0,1,0,0,0,0,1
"Pico","VIAS URBANAS","COLISAO","TARDE","Domingo",0,1,1,0,0,0,0,2
"Pico","VIAS URBANAS","COLISAO","NOITE","Domingo",0,1,0,0,1,0,0,4
"Pico","VIAS URBANAS","COLISAO","NOITE","Domingo",0,0,1,0,0,0,0,2
"Pico","VIAS URBANAS","OUTROS","NOITE","Domingo",0,0,1,0,0,0,0,1
"Fora do Pico","VIAS URBANAS","COLISAO","MADRUGADA","Domingo",0,1,1,0,0,0,0,2
"Fora do Pico","VIAS URBANAS","COLISAO","NOITE","Domingo",0,0,1,1,0,0,0,2
"Fora do Pico","VIAS URBANAS","OUTROS","MADRUGADA","Domingo",0,1,0,0,0,0,0,1
"Fora do Pico","ESTRADAS E RODOVIAS","OUTROS","MANHA","Domingo",0,0,1,0,0,0,0,1
"Pico","VIAS URBANAS","OUTROS","MANHA","Domingo",0,0,1,0,0,0,0,1
"Fora do Pico","ESTRADAS E RODOVIAS","CHOQUE","MANHA","Segunda-feira",1,1,0,0,0,0,0,1
"Fora do Pico","VIAS URBANAS","COLISAO","MANHA","Segunda-feira",0,1,1,0,0,0,0,2
"Fora do Pico","ESTRADAS E RODOVIAS","ATROPELAMENTO","NOITE","Segunda-feira",1,0,0,0,0,1,0,1
"Pico","ESTRADAS E RODOVIAS","OUTROS","TARDE","Segunda-feira",0,1,0,0,0,0,0,1
